id,taskName,taskDesc,ToSystemFunId,targetType,targetId,targetValue,rewards-type-1,rewards-id-1,rewards-value-1,rewards-type-2,rewards-id-2,rewards-value-2,buffId,active,prioriy,pictureName,
1001,s==4|每日逃兵,s==8|击杀每日逃兵4次,,750,0,4,2,800200,6,2,2600429,1,1001,10,990,s==11|y_ygjz_tb01,
1002,s==4|每日叛将,s==8|击杀每日叛将4次,,751,0,4,2,800200,6,2,2600430,1,1002,10,980,s==11|y_ygjz_pj01,
1003,s==4|神秘商人,s==13|累计在神秘商人购买3次商品,,755,0,3,2,800200,6,2,2600431,1,1003,10,900,s==11|y_ygjz_sr01,
1004,s==4|每日怪物,s==11|累计击杀16个每日怪物,,756,0,16,2,800200,6,2,2600432,1,1004,10,970,s==11|y_ygjz_mr01,
1005,s==4|普通守将,s==8|击杀普通守将2次,,752,0,2,2,800200,6,2,2600433,1,1005,10,960,s==11|y_ygjz_pt01,
1006,s==4|精英守将,s==8|击杀精英守将6次,,753,0,6,2,800200,6,2,2600434,1,1006,10,950,s==11|y_ygjz_jy01,
1007,s==4|噩梦守将,s==8|击杀噩梦守将2次,,754,0,2,2,800210,1,2,800200,6,,10,940,s==11|y_ygjz_em01,
1008,s==4|每周怪物,s==11|累计击杀14个每周怪物,,757,0,14,2,800210,1,2,800200,6,,10,890,s==11|y_ygjz_mz01,
