arrayId,name,showName,quality,lock,effect,eyeType,campProtect%1,campProtect%2,campProtect%3,dressType%1,dressType%2,dressType%3,isShow,
1001,s==5|绝影·锋矢,s==5|绝影·锋矢,7,s==20|限定品质觉醒道具*1，全品质觉醒道具*2,10201200,0,s==3|6|1,s==5|5,6|1,s==5|5,6|1,2,2,2,0,
1002,s==5|巨阙·武锋,s==5|巨阙·武锋,7,s==20|限定品质觉醒道具*1，全品质觉醒道具*2,10202200,0,s==3|6|1,s==5|5,6|1,s==5|5,6|1,2,2,2,0,
1003,s==5|蜃灵·玄襄,s==5|蜃灵·玄襄,7,s==20|限定品质觉醒道具*1，全品质觉醒道具*2,10203200,0,s==3|6|1,s==5|5,6|1,s==5|5,6|1,2,2,2,0,
1004,s==2|锋矢,s==2|锋矢,6,s==9|全品质觉醒道具*3,10201100,0,s==5|5,6|1,s==5|5,6|1,s==5|5,6|1,2,2,2,0,
1005,s==2|武锋,s==2|武锋,6,s==9|全品质觉醒道具*3,10202100,0,s==5|5,6|1,s==5|5,6|1,s==5|5,6|1,2,2,2,0,
1006,s==2|玄襄,s==2|玄襄,6,s==9|全品质觉醒道具*3,10203100,0,s==5|5,6|1,s==5|5,6|1,s==5|5,6|1,2,2,2,0,
1007,s==2|韬铃,s==2|韬铃,5,s==8|普通皮肤道具*3,10203300,0,s==3|4|1,s==3|4|1,s==3|4|1,1,1,1,0,
