id,type,name,iconid,sacrifices-type-1,sacrifices-id-1,sacrifices-value-1,ExpReward,items-type-1,items-id-1,items-value-1,items-type-2,items-id-2,items-value-2,
1001,1,s==4|一般祭品,260001,1,8,50000,20,2,1078,15,,,,
1002,1,s==4|中级祭品,260002,1,8,100000,100,2,1078,20,,,,
1003,1,s==4|高级祭品,260003,1,9,20,200,2,1078,50,,,,
2001,2,s==4|一般祭品,260001,1,8,50000,20,2,1078,15,,,,
2002,2,s==4|中级祭品,260002,1,8,100000,100,2,1078,20,,,,
2003,2,s==4|高级祭品,260003,1,9,20,200,2,1078,50,,,,
