channel,xieyi,yinsi,
s==3|hkw,s==24|https://m.6kw.com/xieyi/,s==34|https://m.6kw.com/xieyi/88931.html,
s==3|aky,s==24|https://m.6kw.com/xieyi/,s==34|https://m.6kw.com/xieyi/88931.html,
s==3|hke,s==158|https://m.6kw.com/xieyi/index.html?company=%E5%B9%BF%E5%B7%9E%E5%BC%98%E8%B4%AF%E7%BD%91%E7%BB%9C%E7%A7%91%E6%8A%80%E6%9C%89%E9%99%90%E5%85%AC%E5%8F%B8&buoy=2,s==158|https://m.6kw.com/xieyi/88931.html?company=%E5%B9%BF%E5%B7%9E%E5%BC%98%E8%B4%AF%E7%BD%91%E7%BB%9C%E7%A7%91%E6%8A%80%E6%9C%89%E9%99%90%E5%85%AC%E5%8F%B8&buoy=2,
s==3|hkd,s==158|https://m.6kw.com/xieyi/index.html?company=%E6%B5%B7%E5%8D%97%E5%87%AF%E9%A3%9E%E7%BD%91%E7%BB%9C%E7%A7%91%E6%8A%80%E6%9C%89%E9%99%90%E5%85%AC%E5%8F%B8&buoy=2,s==158|https://m.6kw.com/xieyi/88931.html?company=%E6%B5%B7%E5%8D%97%E5%87%AF%E9%A3%9E%E7%BD%91%E7%BB%9C%E7%A7%91%E6%8A%80%E6%9C%89%E9%99%90%E5%85%AC%E5%8F%B8&buoy=2,
s==3|hkf,s==158|https://m.6kw.com/xieyi/index.html?company=%E6%B5%B7%E5%8D%97%E5%87%AF%E9%A3%9E%E7%BD%91%E7%BB%9C%E7%A7%91%E6%8A%80%E6%9C%89%E9%99%90%E5%85%AC%E5%8F%B8&buoy=2,s==158|https://m.6kw.com/xieyi/88931.html?company=%E6%B5%B7%E5%8D%97%E5%87%AF%E9%A3%9E%E7%BD%91%E7%BB%9C%E7%A7%91%E6%8A%80%E6%9C%89%E9%99%90%E5%85%AC%E5%8F%B8&buoy=2,
