id,buffType,skiiId,detail,nation,designate,weight,
1,1,50101010,s==60|本轮活动<color=#ff5d5d>魏蜀吴</c>阵营武将<color=#48dc5c>生命+8%、攻击+5%</c>,,,,
2,2,50101020,s==58|本轮活动<color=#ff5d5d>魏</c>阵营武将<color=#48dc5c>伤增+3%、免伤+3%</c>,1,,1000,
3,2,50101020,s==58|本轮活动<color=#ff5d5d>蜀</c>阵营武将<color=#48dc5c>伤增+3%、免伤+3%</c>,2,,1000,
4,2,50101020,s==58|本轮活动<color=#ff5d5d>吴</c>阵营武将<color=#48dc5c>伤增+3%、免伤+3%</c>,3,,1000,
5,2,50101020,s==58|本轮活动<color=#ff5d5d>神</c>阵营武将<color=#48dc5c>伤增+3%、免伤+3%</c>,4,,1000,
6,2,50101020,s==58|本轮活动<color=#ff5d5d>魔</c>阵营武将<color=#48dc5c>伤增+3%、免伤+3%</c>,5,,1000,
