id,group,stage,serverDay,week,day,durationDay,chapterId,readyTime,startTime,durationTime,rewardTime,story,
1,1,1,60,1,3,2,,0,0,2880,2880,s==225|曾经深爱着人们的天照之神，却遭到残忍的背叛。所有的爱已然化为仇恨，她用死亡与绝望清洗整个九州大地！\n.卑弥呼曾是倭国邪马台的女王，传说是天照大神在人间之化身，通晓预言，引领百姓发展农业，曾受万民爱戴。后来却在权力的斗争中遭到暗算。有记载在卑弥呼死后，接连发生了两次日食异象，天地无光，百姓陷入恐慌当中。女王卑弥呼从漆黑的太阳中复活，但同时性情变得暴戾疯狂，终日沉醉于妖法当中。她身边更是出现了一位神秘男官，声称卑弥呼女王已从冥界之中以天照真身复活！,
2,1,2,60,1,,1,1,1200,1205,30,1237,,
3,2,1,60,3,3,2,,0,0,2880,2880,s==225|曾经深爱着人们的天照之神，却遭到残忍的背叛。所有的爱已然化为仇恨，她用死亡与绝望清洗整个九州大地！\n.卑弥呼曾是倭国邪马台的女王，传说是天照大神在人间之化身，通晓预言，引领百姓发展农业，曾受万民爱戴。后来却在权力的斗争中遭到暗算。有记载在卑弥呼死后，接连发生了两次日食异象，天地无光，百姓陷入恐慌当中。女王卑弥呼从漆黑的太阳中复活，但同时性情变得暴戾疯狂，终日沉醉于妖法当中。她身边更是出现了一位神秘男官，声称卑弥呼女王已从冥界之中以天照真身复活！,
4,2,2,60,3,,1,1,1200,1205,30,1237,,
