id,signType,day,desc,rewards-type-1,rewards-id-1,rewards-value-1,rewards-type-2,rewards-id-2,rewards-value-2,rewards-type-3,rewards-id-3,rewards-value-3,rewards-type-4,rewards-id-4,rewards-value-4,
1,1,1,s==5|第一天奖励,2,1003,3,,,,,,,,,,
2,1,2,s==5|第二天奖励,2,1004,1,,,,,,,,,,
3,1,3,s==5|第三天奖励,2,1027,50,,,,,,,,,,
4,1,4,s==5|第四天奖励,1,8,2000000,,,,,,,,,,
5,1,5,s==5|第五天奖励,2,1003,3,,,,,,,,,,
6,1,6,s==5|第六天奖励,1,9,200,,,,,,,,,,
7,1,7,s==5|第七天奖励,2,1006,1000,,,,,,,,,,
8,2,7,s==7|累签7天的奖励,1,9,500,2,1004,2,1,10,200000,2,1006,1000,
