day,Icon,freeReward-type-1,freeReward-id-1,freeReward-value-1,discount-type-1,discount-id-1,discount-value-1,price,originalPrice,
1,s==16|p_zhanlishuzi_49,2,1003,10,2,1003,10,700,2200,
2,s==16|p_zhanlishuzi_50,2,1001,500,2,1001,2000,500,2000,
3,s==16|p_zhanlishuzi_51,2,1006,500,2,1006,2000,500,2000,
4,s==16|p_zhanlishuzi_52,2,3002,30,2,3008,50,500,1500,
5,s==16|p_zhanlishuzi_53,2,1004,1,2,1004,3,1500,4500,
6,s==16|p_zhanlishuzi_54,1,9,1000,2,1534,1,700,2100,
7,s==16|p_zhanlishuzi_55,2,1003,10,2,3014,50,2000,6250,
