id,activityID,activatetime,boxreward-type-1,boxreward-id-1,boxreward-value-1,boxreward-type-2,boxreward-id-2,boxreward-value-2,boxreward-type-3,boxreward-id-3,boxreward-value-3,boxreward-type-4,boxreward-id-4,boxreward-value-4,
1,4000,5,2,1001,300,2,1006,200,,,,,,,
2,4000,10,2,3008,50,2,1027,50,,,,,,,
3,4000,20,2,1253,3,2,1014,1,2,1006,300,,,,
4,4000,30,2,1253,6,2,1004,1,2,1001,500,2,1003,3,
5,4010,5,2,1001,300,2,1006,200,,,,,,,
6,4010,10,2,3008,50,2,1027,50,,,,,,,
7,4010,20,2,1254,3,2,1014,1,2,1006,300,,,,
8,4010,30,2,1254,6,2,1004,1,2,1001,500,2,1003,3,
