id,actId,areanShow,entranceIcon,banner,iconName,
1,5810,s==2|tw,2600398,s==21|GUI/Atlas/TW14SignPic,s==10|z_znqd5_qb,
2,5810,s==2|jp,2600403,s==21|GUI/Atlas/TW14SignPic,s==10|z_znqd5_qb,
3,5810,s==2|cn,2600398,s==21|GUI/Atlas/TW14SignPic,s==10|z_znqd5_qb,
4,5810,s==2|vn,2600403,s==21|GUI/Atlas/TW14SignPic,s==10|z_znqd5_qb,
5,5810,s==2|kr,2600403,s==21|GUI/Atlas/TW14SignPic,s==10|z_znqd5_qb,
6,5810,s==2|ml,2600398,s==21|GUI/Atlas/TW14SignPic,s==10|z_znqd5_qb,
7,5810,s==2|en,2600403,s==21|GUI/Atlas/TW14SignPic,s==10|z_znqd5_qb,
