id,taskName,people,reward-type-1,reward-id-1,reward-value-1,reward-type-2,reward-id-2,reward-value-2,reward-type-3,reward-id-3,reward-value-3,reward-type-4,reward-id-4,reward-value-4,
1,s==8|邀请1名活跃玩家,1,1,9,200,2,1003,1,2,1007,1,1,8,1000000,
2,s==8|邀请3名活跃玩家,3,1,9,300,2,1003,2,2,1007,2,1,8,1000000,
3,s==8|邀请5名活跃玩家,5,1,9,500,2,1003,5,2,1007,5,1,8,2000000,
4,s==8|邀请8名活跃玩家,8,2,3008,50,2,1004,2,2,1001,200,1,8,2000000,
5,s==9|邀请15名活跃玩家,15,2,5095,1,2,1004,3,2,1001,500,1,8,2000000,
