id,iconid,level,name,WindType,exp,buffs-type-1,buffs-way-1,buffs-value-1,buffs-name-1,buffs-describe-1,
101,2500101,1,s==8|顺风加成lv.1,1,10000,300,1,1000,s==4|护卫战力,s==10|护卫的防御力+10%,
102,2500102,2,s==8|顺风加成lv.2,1,25000,301,1,1000,s==4|漕运加成,s==8|漕运奖励+10%,
103,2500103,3,s==8|顺风加成lv.3,1,50000,306,0,1,s==4|漕运上限,s==8|漕运次数上限+1,
201,2500201,1,s==8|逆风加成lv.1,2,10000,303,1,1000,s==4|拦截战力,s==9|拦截攻击力+10%,
202,2500202,2,s==8|逆风加成lv.2,2,25000,304,1,1000,s==4|拦截加成,s==9|拦截的奖励+10%,
203,2500203,3,s==8|逆风加成lv.3,2,50000,305,0,2,s==4|拦截次数,s==7|拦截次数+2次,
