id,taskDesc,ToSystemFunId,targets-targetType-1,targets-targetId-1,targets-targetValue-1,rewards-type-1,rewards-id-1,rewards-value-1,rewards-type-2,rewards-id-2,rewards-value-2,rewards-type-3,rewards-id-3,rewards-value-3,rewards-type-4,rewards-id-4,rewards-value-4,
1001,s==8|获得1个6星武将,1530,340,6,1,2,2611,1,2,2612,1,2,2613,1,2,2614,1,
1002,s==8|获得1个7星武将,1530,340,7,1,2,2631,1,2,2632,1,2,4040,1,,,,
1003,s==8|获得1个8星武将,1530,340,8,1,2,2633,1,2,2634,1,2,4040,1,,,,
1004,s==8|获得1个9星武将,1530,340,9,1,2,2651,1,2,2652,1,2,4050,1,,,,
1005,s==9|获得1个10星武将,1530,340,10,1,2,2653,1,2,2654,1,2,4050,1,,,,
1006,s==9|获得1个11星武将,1530,340,11,1,2,1475,2,2,1761,2,2,1464,1,,,,
1007,s==9|获得1个12星武将,1530,340,12,1,2,1475,2,2,2097,1,2,1464,1,,,,
1008,s==9|获得1个13星武将,1530,340,13,1,2,4060,1,2,1105,4,2,1006,8500,,,,
