name,value,desc,
s==12|EnterDayTime,s==1|7,s==2|主城,
s==14|EnterNightTime,s==2|19,s==2|主城,
s==12|crossZoneNum,s==2|50,s==2|通用,
s==15|zoneGroupingNum,s==2|50,s==4|跨服系统,
s==19|zoneGroupingLessNum,s==1|4,s==2|国战,
s==14|lvUpSystemSend,s==13|40|2|1078|100,s==2|系统,
s==12|initNewRobot,s==1|0,s==2|系统,
s==14|initNewMonster,s==1|0,,
s==20|artifactSoulItemType,s==1|2,s==2|奇书,
s==18|artifactSoulItemID,s==4|1031,s==2|奇书,
s==20|artifactSoulAttackUp,s==2|50,s==2|奇书,
s==25|artifactSoulHealthPointUp,s==3|500,s==2|奇书,
s==14|artifactBaseHp,s==3|476,s==2|奇书,
s==18|artifactBaseAttack,s==2|56,s==2|奇书,
s==16|minimumAdventure,s==3|2|4,s==2|奇遇,
s==17|minimumAdventure1,s==8|2|4|1402,s==2|奇遇,
s==17|minimumAdventure2,s==3|380,s==2|奇遇,
s==17|minimumAdventure3,s==9|1601|1602,s==2|奇遇,
s==17|minimumAdventure4,s==2|24,s==2|奇遇,
s==18|antiAtkKeepAtkRate,s==3|0.5,s==2|战斗,
s==14|DecrementRound,s==1|8,s==2|战斗,
s==18|DecrementRoundRate,s==3|500,s==2|战斗,
s==22|DecrementRoundRateTrue,s==3|700,s==2|战斗,
s==25|ControlDecrementRoundRate,s==1|0,s==2|战斗,
s==16|ActionTypeHpRate,s==3|0.5,s==2|战斗,
s==18|DEFENCE_LEVEL_RATE,s==1|8,s==2|战斗,
s==14|critiDamageMin,s==5|20000,s==2|战斗,
s==14|critiDamageMax,s==5|30000,s==2|战斗,
s==19|critiDamageWeakRate,s==4|1500,s==2|战斗,
s==11|AttackLimit,s==4|3000,s==2|战斗,
s==21|seniorRecruitmentCost,s==3|198,s==2|寻访,
s==24|copyChestTimesUpperLimit,s==5|43200,s==2|出征,
s==18|chuzhengRewardxPos,s==3|100,s==2|出征,
s==18|towerCopyFreeTimes,s==1|2,s==3|通天塔,
s==25|towerCopyWipeOutTimesCost,s==8|20|30|40,s==3|通天塔,
s==19|towerHigerAwardlock,s==3|400,s==3|通天塔,
s==10|towerSword,s==4|1.15,s==3|通天塔,
s==17|battleBlackScreen,s==4|0.75,s==2|战斗,
s==15|baseCritiDamage,s==5|12000,s==6|武将战斗属性,
s==18|tacticsSlotUnlock1,s==1|6,s==2|武将,
s==18|tacticsSlotUnlock2,s==2|11,s==2|武将,
s==15|soulSlotUnlock1,s==3|100,s==2|武将,
s==15|soulSlotUnlock2,s==1|7,s==2|武将,
s==24|commentLevelRequirements,s==2|20,s==2|武将,
s==13|hpLevelGrowUp,s==3|850,s==2|武将,
s==14|atkLevelGrowUp,s==3|850,s==2|武将,
s==14|defLevelGrowUp,s==4|1300,s==2|武将,
s==14|spdLevelGrowUp,s==3|450,s==2|武将,
s==18|NationDamageRate_1,s==1|1,s==2|武将,
s==18|NationDamageRate_2,s==4|0.93,s==2|武将,
s==18|NationDamageRate_3,s==1|1,s==2|武将,
s==18|NationDamageRate_4,s==4|1.07,s==2|武将,
s==17|shopHeroResetCost,s==9|1|14|2000,s==2|商城,
s==23|shopTreasureReflashTime,s==5|43200,s==2|商城,
s==23|shopTreasureReflashCost,s==7|1|26|50,s==2|商城,
s==27|shopWarcraftFreeReflashTime,s==5|28800,s==2|商城,
s==26|shopWarcraftFreeReflashNum,s==1|3,s==2|商城,
s==23|shopWarcraftReflashCost,s==10|2|1006|200,s==2|商城,
s==22|shopWarcraftReflashNum,s==2|20,s==2|商城,
s==21|unionEverydayFoundNum,s==1|1,s==2|军团,
s==18|unionNoticeDefault,s==19|诚挚期待各路人才，有酒喝酒，有肉吃肉。,s==2|军团,
s==18|unionNoticeNeedVIP,s==1|3,s==2|军团,
s==20|unionNoticeNeedlevel,s==2|50,s==2|军团,
s==19|unionCreateVipLimit,s==1|2,s==2|军团,
s==18|unionCreateConsume,s==3|100,s==2|军团,
s==19|unionJoinLevelLimit,s==19|1|10|20|30|40|50|60,s==2|军团,
s==24|unionNameExchangeConsume,s==3|500,s==2|军团,
s==25|unionRecruitNoticeFreeNum,s==1|1,s==2|军团,
s==25|unionRecruitNoticeConsume,s==6|1|9|50,s==2|军团,
s==15|unionExchangeCD,s==3|1|1,s==2|军团,
s==23|unionMasterExchangeTime,s==3|2|3,s==2|军团,
s==26|unionMasterExchangeConsume,s==7|300|500,s==2|军团,
s==15|unionAssembleCD,s==1|4,s==2|军团,
s==14|unionBuffMaxLv,s==2|15,s==2|军团,
s==24|unionCopyHurtRankLikeNum,s==1|3,s==2|军团,
s==27|unionCopyHurtRankLikeReward,s==8|1|8|3000,s==2|军团,
s==18|unionTecLevelLimit,s==5|78|78,s==2|军团,
s==18|unionTecResetFirst,s==7|1|9|100,s==2|军团,
s==20|unionTecResetConsume,s==7|1|9|100,s==2|军团,
s==24|unionTecResetCoefficient,s==1|8,s==2|军团,
s==24|unionRedpacketGrantLimit,s==8|30|20|10,s==2|军团,
s==27|unionRedpacketMoneyMinLimit,s==3|100,s==2|军团,
s==16|unionSysPortrait,s==5|30002,s==2|军团,
s==22|unionCopyFreeChallenge,s==1|3,s==2|军团,
s==21|unionCopyBuyChallenge,s==19|1:20|2:30|3:40|4:50,s==2|军团,
s==13|unionLogLimit,s==2|50,s==2|军团,
s==14|unionMailLimit,s==1|1,s==2|军团,
s==15|unionBuffReward,s==8|1|17|100,s==2|军团,
s==21|templeChallengeFailCD,s==2|20,s==3|武神殿,
s==11|cutCopyAuto,s==1|3,s==4|千里单骑,
s==16|cutCopyPassLimit,s==13|0:0|1:15|2:15,s==4|千里单骑,
s==17|cutCopyPowerLimit,s==16|1|800000|1500000,s==4|千里单骑,
s==21|cutCopyHirePowerLimit,s==3|1.5,s==4|千里单骑,
s==19|cutCopyHireNumLimit,s==1|3,s==4|千里单骑,
s==16|cutSupportReward,s==17|1,8,10000|1,12,10,s==4|千里单骑,
s==19|cutDailyReviveCount,s==1|2,s==4|千里单骑,
s==25|cutActivityRewardAddition,s==4|1000,s==4|千里单骑,
s==21|cutCopyHeroReviveCost,s==6|1|9|50,s==4|千里单骑,
s==22|shrineReturnRandomChip,s==42|1:3100|2:3200|3:3300|4:3400|5:3500|10:3015,s==4|转生神坛,
s==22|shrineReturnselectChip,s==42|1:1478|2:1479|3:1480|4:1481|5:1482|10:1481,s==4|转生神坛,
s==21|shrineRebornStarLimit,s==5|7|8|9,s==4|转生神坛,
s==16|shrineRebornProp,s==4|1053,s==4|转生神坛,
s==19|shrineRebornPropNum,s==14|7:10|8:20|9:30,s==4|转生神坛,
s==23|shrineExchangeStarLimit,s==14|10|11|12|13|14,s==4|转生神坛,
s==18|shrineExchangeProp,s==4|1054,s==4|转生神坛,
s==21|shrineExchangePropNum,s==29|10:10|11:20|12:30|13:40|14:50,s==4|转生神坛,
s==24|shrineExchangeGroupLimit,s==12|1:2:3|4:5:10,s==4|转生神坛,
s==19|shrineExchangeCount,s==26|10:5|11:7|12:9|13:11|14:14,s==4|转生神坛,
s==21|shrineRecallStarLimit,s==14|10|11|12|13|14,s==4|转生神坛,
s==16|shrineRecallProp,s==4|1054,s==4|转生神坛,
s==19|shrineRecallPropNum,s==29|10:10|11:20|12:30|13:40|14:50,s==4|转生神坛,
s==23|shrineRecallReplaceHero,s==5|26901,s==4|转生神坛,
s==22|battleReportFightPower,s==4|1000,s==2|战报,
s==21|battleReportLikeLimit,s==1|3,s==2|战报,
s==20|battleReportLikeGold,s==5|30000,s==2|战报,
s==12|prayVIPLevel,s==13|1,15,2|2,10,2,s==2|祈福,
s==16|jeneralShopLevel,s==27|40:1  50:2  65:3 80:4 999:5,s==4|神秘商店,
s==11|FreeRefresh,s==7|10|7200,s==4|神秘商店,
s==15|PurchaseRefresh,s==6|20|100,s==4|神秘商店,
s==14|DefaultProduct,s==23|901|902|903|904|905|906,s==4|神秘商店,
s==24|AristocraticMonthlyCard ,s==10|1|120|9|30,s==4|贵族月卡,
s==15|KingMonthlyCard,s==11| 1|200|9|30,s==4|王者月卡,
s==20|ActivateMonthlyCard1,s==2|30,s==5|贵族月卡 ,
s==20|ActivateMonthlyCard2,s==2|98,s==4|王者月卡,
s==21|warOfJingZhouFightNum,s==2|10,s==4|荆州之战,
s==23|warOfJingZhouBuyConsume,s==14|1|9|50,1|9|100,s==4|荆州之战,
s==19|warOfJingZhouBuyNum,s==1|2,s==4|荆州之战,
s==24|warOfJingZhouNameAndDesc,s==54|1|4|神·日曜神殿:2|2|蜀·江陵府城:3|1|魏·襄阳巨城:4|5|魔·永黯之城:5|3|吴·渡江水师,s==4|荆州之战,
s==20|warOfJingZhouExtHurt,s==8|2|1|5000,s==4|荆州之战,
s==14|factionBossWei,s==29|21510|21508|21503|21507|21505,s==4|荆州之战,
s==14|factionBossShu,s==29|22504|22507|22509|22508|22502,s==4|荆州之战,
s==13|factionBossWu,s==29|23510|23506|23503|23508|23507,s==4|荆州之战,
s==15|factionBossShen,s==29|24504|24510|24508|24503|24513,s==4|荆州之战,
s==13|factionBossMo,s==29|25504|25509|25510|25507|25513,s==4|荆州之战,
s==19|warOfJingZhouTeQuan,s==3|2|6,s==4|荆州之战,
s==12|unionWarDate,s==5|1|3|5,s==4|军团争霸,
s==17|unionWarMatchTime,s==8|00:00:00,s==4|军团争霸,
s==19|unionWarAgainstTime,s==11|12:00|20:00,s==4|军团争霸,
s==23|unionWarActiveCondition,s==2|24,s==4|军团争霸,
s==21|unionWarSettlementBox,s==20|2:1562|2:1563|2:1564,s==4|军团争霸,
s==19|shopUnionWarUnitExp,s==11|300|200|100,s==4|军团争霸,
s==19|unionWarGroupingNum,s==1|8,s==4|军团争霸,
s==17|unionWarRemainder,s==1|4,s==4|军团争霸,
s==22|unionWarChallengeTimes,s==1|5,s==4|军团争霸,
s==17|unionWarFreeTimes,s==1|2,s==4|军团争霸,
s==14|activityMember,s==1|6,s==4|军团争霸,
s==17|heroRivalDateType,s==11|YYYY年MM月dd日,,
s==18|heroRivalStartDate,s==3|2|5,s==4|问鼎中原,
s==18|heroRivalStartTime,s==5|21:05,s==4|问鼎中原,
s==18|heroRivalReadyTime,s==2|15,s==4|问鼎中原,
s==18|heroRivalGuessTime,s==2|60,s==4|问鼎中原,
s==19|heroRivalBattleTime,s==3|120,s==4|问鼎中原,
s==22|heroRivalTrialWinPoint,s==3|100,s==4|问鼎中原,
s==24|heroRivalTrialTotalPoint,s==9|5000|5000,s==4|问鼎中原,
s==20|heroRivalChatConsume,s==3|500,s==4|问鼎中原,
s==21|heroRivalGuessChipMin,s==2|10,s==4|问鼎中原,
s==21|heroRivalGuessChipMax,s==4|3500,s==4|问鼎中原,
s==17|heroRivalChipGive,s==2|60,s==4|问鼎中原,
s==18|bottomLineChipGive,s==3|500,s==4|问鼎中原,
s==18|heroRivalChipGive2,s==3|500,s==4|问鼎中原,
s==21|heroRivalChipExchange,s==5|25|16,s==4|问鼎中原,
s==14|heroRivalaward,s==22|2,1004|2,1006|1,8|1,10,s==4|问鼎中原,
s==18|heroRivalRankAward,s==6|95|105,s==4|问鼎中原,
s==20|heroRivalBattleScene,s==5|50000,s==4|问鼎中原,
s==20|heroRivalBattleQuick,s==1|3,s==4|问鼎中原,
s==17|dailyCopyFreeTime,s==1|2,s==4|日常副本,
s==22|equipCastHeroStarLimit,s==2|10,s==4|装备铸魂,
s==23|equipCastReturnResource,s==10|1|9|50|3|1,s==4|装备铸魂,
s==20|savageInvadeFightNum,s==3|2|2,s==4|蛮夷入侵,
s==22|savageInvadeBuyConsume,s==14|1,9,50|1,9,100,s==4|蛮夷入侵,
s==13|savageHurtKey,s==5|62|70,s==4|蛮夷入侵,
s==13|savageRankKey,s==5|50|61,s==4|蛮夷入侵,
s==17|minRobotPvpPoints,s==4|1022,s==2|校场,
s==24|pvpPointsRobotPowerratio,s==3|173,s==2|校场,
s==15|duelFreeRefresh,s==5|3|999,s==2|校场,
s==15|duelTokenItemId,s==4|1005,s==2|校场,
s==13|duelTokenCost,s==6|1,9,20,s==2|校场,
s==12|duelFreeTime,s==1|3,s==2|校场,
s==11|pvpFlushNum,s==2|10,s==2|校场,
s==12|duelLikeGold,s==5|10000,s==2|校场,
s==13|duelLikeLimit,s==2|10,s==2|校场,
s==16|duelRankDailyKey,s==5|71|82,s==2|校场,
s==17|duelRankSeasonKey,s==5|83|94,s==2|校场,
s==10|duelOpenLv,s==1|8,s==2|校场,
s==9|firstDuel,s==5|10261,s==2|校场,
s==14|pvpTokenItemId,s==4|1005,s==2|校场,
s==16|pvpSkipCondition,s==1|3,s==2|校场,
s==14|GeneralsRating,s==2|50,s==4|疑难解答,
s==4|mail,s==1|7,s==2|邮件,
s==20|northCopyOpenRequire,s==11|105|110,120,s==4|北伐中原,
s==25|northCopyFreeChallengeNum,s==1|2,s==4|北伐中原,
s==29|northCopyPurchaseChallengeNum,s==1|2,s==4|北伐中原,
s==26|northCopyChallengeNumPrice,s==7|1|9|100,s==4|北伐中原,
s==16|sacrificeFreeNum,s==1|1,s==4|北伐中原,
s==23|sacrificeFreeNumRefresh,s==7|0|0|1|0,s==4|北伐中原,
s==17|sacrificeFloorNum,s==5|15|15,s==4|北伐中原,
s==13|sacrificeIcon,s==42|1009|1008|531101|531102|531212|531310|1010,s==4|北伐中原,
s==25|dayBattleHeroTrainingIcon,s==14|1003|1006|8|10,s==7|副本-血战长坂,
s==31|battleHeroTrainingFirstPassIcon,s==7|1003|10,s==7|副本-血战长坂,
s==27|battleHeroTrainingDailyIcon,s==4|8|10,s==7|副本-血战长坂,
s==26|battleHeroTrainingRankIcon,s==7|1006|10,s==7|副本-血战长坂,
s==28|battleHeroTrainingReduceTire,s==2|10,s==7|副本-血战长坂,
s==31|battleHeroTrainingSupportReward,s==17|1,12,10|1,8,10000,s==7|副本-血战长坂,
s==29|battleHeroTrainingCombatPower,s==1|2,s==7|副本-血战长坂,
s==24|battleHeroTrainingReward,s==8|1,8,5000,s==7|副本-血战长坂,
s==15|BHTBackstageNum,s==2|50,s==7|副本-血战长坂,
s==18|friendFriendsLimit,s==3|150,s==2|好友,
s==17|friendBlacksLimit,s==2|50,s==2|好友,
s==15|friendGiveLimit,s==2|20,s==2|好友,
s==20|friendFriendshipGive,s==2|10,s==2|好友,
s==16|friendGiveOfCoin,s==5|10000,s==2|好友,
s==19|worldLevelRefreshCd,s==4|3600,s==2|基础,
s==19|worldLevelPlayerNum,s==2|10,s==2|基础,
s==14|warOfHuLaoIcon,s==24|2|3008,2|1006,2|1027,1|8,s==4|三国战场,
s==17|warOfJingzhouIcon,s==27|2|1043,2|1038,2|1039,2|1040,s==4|三国战场,
s==14|warOfManYiIcon,s==25|2|3008,2|1086,2|1006,1|33,s==4|三国战场,
s==14|warOfBeiFaIcon,s==24|2|1008,2|1010,2|1009,1|9,s==4|三国战场,
s==14|warOfHuLaoTips,s==80|<outline color=#491c2b=1><color=#00ff00>每2天</c><outline color=#491c2b=1>重置一次</c>,s==4|三国战场,
s==17|warOfJingzhouTips,s==148|<outline color=#491c2b=1><color=#00ff00>周一</c>到<outline color=#491c2b=1><color=#00ff00>周五</c>轮流开启，<outline color=#491c2b=1><color=#00ff00>周末</c>全部开启,s==4|三国战场,
s==14|warOfManYiTips,s==153|<outline color=#491c2b=1><color=#00ff00>周二</c>、<outline color=#491c2b=1><color=#00ff00>周四</c>、<outline color=#491c2b=1><color=#00ff00>周六</c> 8:00-22:00开启,s==4|三国战场,
s==14|warOfBeiFaTips,s==86|<outline color=#491c2b=1><color=#00ff00>全天</c><outline color=#491c2b=1>开放，参与获得武将配饰</c>,s==4|三国战场,
s==13|warHLEnemyPos,s==13|2|16|31|42|50,s==7|三国战场-虎牢,
s==16|warHLPoisonCount,s==1|5,s==7|三国战场-虎牢,
s==14|warHLCureCount,s==3|5,8,s==7|三国战场-虎牢,
s==13|warHLEventPos,s==14|10|25|37|47|51,s==7|三国战场-虎牢,
s==18|warHLBuyPoisonCost,s==6|1|9|30,s==7|三国战场-虎牢,
s==17|warHLActivityBuff,s==8|2|1|1000,s==7|三国战场-虎牢,
s==14|warHLPowerNeed,s==7|2000000,s==7|三国战场-虎牢,
s==8|warHLKey,s==8|2,1063,1,s==7|三国战场-虎牢,
s==15|warHLLuckyAward,s==7|1,9,240,s==7|三国战场-虎牢,
s==15|warHLAutoFinish,s==3|100,s==7|三国战场-虎牢,
s==18|warHLAutoFinishVip,s==1|2,s==7|三国战场-虎牢,
s==13|clickGoldTime,s==15|3|10|10,3|15|15,s==2|点金,
s==20|clickGoldRefreshTime,s==15|0:00|9:00|19:00,s==2|点金,
s==13|clickGoldCost,s==13|9,1,20|9,1,50,s==2|点金,
s==21|clickGoldActivityTime,s==2|10,s==2|点金,
s==17|clickGoldVipClean,s==1|8,s==2|点金,
s==8|FundDays,s==2|30,s==4|超值基金,
s==11|daysBetween,s==2|10,s==4|超值基金,
s==17|fundRemainingTime,s==4|7200,s==4|超值基金,
s==10|totalValue,s==11|25600|65600,s==4|超值基金,
s==25|heroChipSynthesisLimitNum,s==2|50,s==2|包裹,
s==22|packageCombineLimitNum,s==4|9999,s==2|包裹,
s==15|WeekendBenefits,s==14|1405|1406|1407,s==4|周末福利,
s==8|Blessing,s==8|2|1066|1,s==4|周末锦鲤,
s==19|BlessingConsumption,s==10|2|1066|999,s==4|周末锦鲤,
s==9|KoiReward,s==9|2|1003|50,s==4|周末锦鲤,
s==21|heroUpStarlevelNeed11,s==7|115|105,s==4|武将升星,
s==21|heroUpStarlevelNeed12,s==7|138|128,s==4|武将升星,
s==21|heroUpStarlevelNeed13,s==7|158|148,s==4|武将升星,
s==20|MaximumNumberOfTasks,s==1|6,s==4|三国密令,
s==11|RewardOrder,s==12|1130|1|54|10,s==4|三国密令,
s==16|BattleExperience,s==12|1110|1|55|10,s==4|征战经验,
s==21|MaximumNumberOfTasks2,s==1|6,s==4|征战经验,
s==17|battleVipNoEffect,s==1|5,s==4|征战经验,
s==12|SevenDayGoal,s==6|1131|1,s==4|七日目标,
s==12|LuckyFortune,s==5|1|2|3,s==4|招财进宝,
s==16|AdventuresPoints,s==11|0|1|2|3|4|5,s==4|剿匪夺宝,
s==17|RedAdventurestask,s==2|16,s==4|剿匪夺宝,
s==18|RedAdventurestask1,s==2|25,s==4|剿匪夺宝,
s==17|FristRedAdventure,s==4|6602,s==4|剿匪夺宝,
s==17|PassthroughPoints,s==5|1|2|3,s==4|过关斩将,
s==16|FastCombatPoints,s==7|1|2|3|4,s==4|速战精英,
s==20|BattleOfGuanduPionts,s==1|5,s==4|官渡之战,
s==19|AccumulatedRecharge,s==1|6,s==4|累充好礼,
s==8|Verified,s==28|1|9|200,1|8|50000,1|10|30000,s==4|实名认证,
s==16|DownloadGoodGift,s==28|1|9|200,1|8|50000,1|10|30000,s==4|下载好礼,
s==13|dailyCopyIcon,s==14|8|10|3002|1027,s==12|日常副本战役大厅显示图标,
s==22|battleHeroTrainingIcon,s==14|8|10|1003|1006,s==12|血战长坂战役大厅显示图标,
s==11|cutCopyIcon,s==4|8|15,s==12|千里单骑战役大厅显示图标,
s==19|templeChallengeIcon,s==17|19529|19530|19531,s==11|武魂殿战役大厅显示图标,
s==17|permanentRobotNum,s==3|128,s==3|机器人,
s==23|robotPropertyTypeAdjust,s==5|1|2|4,s==3|机器人,
s==10|ChangeName,s==7|1|9|200,s==4|君主详情,
s==14|ChangeNameItem,s==8|2|6678|1,s==3|改名卡,
s==19|UnionChangeNameItem,s==8|2|6679|1,s==5|军团改名卡,
s==19|heroExchangeChipNum,s==20|3:20|4:30|5:50|6:300,s==2|武将,
s==22|fuJiangExchangeChipNum,s==14|3:20|4:30|5:60,s==2|副将,
s==16|NumberOfGenerals,s==2|10,s==3|驿站 ,
s==9|DailyGift,s==4|1511,s==4|每日礼包,
s==18|MilesCopyawardicon,s==4|15|8,s==7|战役-千里单骑,
s==21|MilesCopyawardiconone,s==4|15|8,s==7|战役-千里单骑,
s==21|MilesCopyawardicontwo,s==4|15|8,s==7|战役-千里单骑,
s==23|MilesCopyawardiconthree,s==4|15|8,s==7|战役-千里单骑,
s==20|battleTimeConsuming1,s==1|5,s==4|战斗时间,
s==20|battleTimeConsuming2,s==1|2,s==4|战斗时间,
s==20|battleTimeConsuming3,s==1|3,s==4|战斗时间,
s==20|battleTimeConsuming4,s==1|3,s==4|战斗时间,
s==20|battleTimeConsuming5,s==1|2,s==4|战斗时间,
s==17|OneclickSacrifice,s==2|20,s==3|驿站 ,
s==17|firsteRecruitment,s==5|23403,s==4|系统引导,
s==18|firsteRecruitment2,s==5|23503,s==4|系统引导,
s==12|newguidestop,s==2|10,,
s==13|fristRecharge,s==19|2|1006|100:2|1003|1,s==4|首充赠礼,
s==22|manDefaultMonarchImage,s==6|235100,s==7|男默认君主形象,
s==24|girlsDefaultMonarchImage,s==6|255090,s==7|女默认君主形象,
s==23|DefaultHeroMonarchImage,s==5|21405,s==8|默认武将君主形象,
s==17|heroRiseSharplyLv,s==1|3,s==4|英雄崛起,
s==20|heroRiseSharplyPayLv,s==7|1|9|600,s==4|英雄崛起,
s==26|heroRiseSharplyPayIntegral,s==6|100:60,s==4|英雄崛起,
s==24|heroRiseIntegrationLimit,s==5|20000,s==4|英雄崛起,
s==18|heroRiseLevelLimit,s==2|40,s==4|英雄崛起,
s==28|heroRiseInteGrationOncelimit,s==4|1000,s==4|英雄崛起,
s==19|heroRiseDaysRefresh,s==5|86400,s==4|英雄崛起,
s==20|heroRiseWeeksRefresh,s==6|604800,s==4|英雄崛起,
s==17|playerDefaultHero,s==5|23404,s==4|玩家创角,
s==16|CargoReFreshTime,s==1|0,s==4|漕运风云,
s==16|CargoTimeRecover,s==5|28800,s==4|漕运风云,
s==19|CargoVIPTimeRecover,s==5|21600,s==4|漕运风云,
s==9|MaxChosen,s==1|1,s==4|漕运风云,
s==13|FriendCooling,s==2|10,s==4|漕运风云,
s==9|CargoTime,s==1|3,s==4|漕运风云,
s==12|CargoMaxTime,s==3|2|3,s==4|漕运风云,
s==14|CargoFirstTime,s==1|1,s==4|漕运风云,
s==17|ChosenFreeRefresh,s==1|3,s==4|漕运风云,
s==10|PayRefresh,s==28|50|50|50|100|100|100|200|200,s==4|漕运风云,
s==11|ShipUpGrade,s==15|10|20|40|60|200,s==4|漕运风云,
s==14|VIPShipUpGrade,s==13|0|0|40|60|200,s==4|漕运风云,
s==17|ChosenRewardLimit,s==10|2|1078|150,s==4|漕运风云,
s==12|ChosenReward,s==19|2|1078|15,1|8|50000,s==4|漕运风云,
s==9|MaxPayRob,s==1|5,s==4|漕运风云,
s==8|PriceRob,s==2|20,s==4|漕运风云,
s==10|ExtraTime1,s==7|0|43200,s==4|漕运风云,
s==10|ExtraTime2,s==11|43201|86399,s==4|漕运风云,
s==10|GoldenTime,s==27|1|43200-75600,4|43200-75600,s==4|漕运风云,
s==16|MaxShowCargoShip,s==3|100,s==4|漕运风云,
s==13|SacrificeTIme,s==1|5,s==4|漕运风云,
s==6|MaxRob,s==1|5,s==4|漕运风云,
s==18|CargoMaxBattleTurn,s==2|10,s==4|漕运风云,
s==16|CargoRankRefresh,s==4|3600,s==4|漕运风云,
s==18|CargoFriendRequest,s==5|12000,s==4|漕运风云,
s==18|CargoBattleCompare,s==10|9000|11000,s==4|漕运风云,
s==14|CargoPowerHigh,s==5|12500,s==4|漕运风云,
s==14|CargoPowerLess,s==4|7500,s==4|漕运风云,
s==14|luckyBoatDaily,s==1|1,s==4|漕运风云,
s==12|luckyBoatMax,s==1|1,s==4|漕运风云,
s==14|lunkyBoatCycle,s==1|2,s==4|漕运风云,
s==15|revengeLastTime,s==1|2,s==4|漕运风云,
s==15|GoldenFightTime,s==1|3,s==4|漕运风云,
s==15|GoldenFightCold,s==1|3,s==4|漕运风云,
s==14|cargoRuinLimit,s==22|1|8|5000000,2|1078|500,s==4|漕运风云,
s==18|GoldenFightSpeedUp,s==7|1|9|200,s==4|漕运风云,
s==13|RobRewardRate,s==10|20000|3000,s==4|漕运风云,
s==13|robRankWeight,s==10|10000|0.26,s==4|漕运风云,
s==18|ruinAkeyVipRequire,s==1|4,s==4|漕运风云,
s==20|athleticsGroupingNum,s==2|30,s==4|天梯争霸,
s==18|athleticsRemainder,s==2|10,s==4|天梯争霸,
s==20|athleticsEligibility,s==3|200,s==4|天梯争霸,
s==18|athleticsFreeTimes,s==2|10,s==4|天梯争霸,
s==16|athleticsBuyCost,s==2|50,s==4|天梯争霸,
s==17|athleticsBuyTimes,s==2|20,s==4|天梯争霸,
s==20|athleticsRankLikeNum,s==1|3,s==4|天梯争霸,
s==23|athleticsRankLikeReward,s==7|1|39|50,s==4|天梯争霸,
s==22|athleticsVictoryReward,s==17|1|8|30300,1|39|50,s==4|天梯争霸,
s==22|athleticsFailureReward,s==17|1|8|18180,1|39|30,s==4|天梯争霸,
s==21|athleticsMonarchImage,s==29|24504|21503|25510|24508|25504,s==4|天梯争霸,
s==18|athleticsSeasonKey,s==4|8|19,s==4|天梯争霸,
s==20|athleticsBattleScene,s==5|60000,s==4|天梯争霸,
s==20|chibiCoincidenceTims,s==4|4800,s==4|联盟对阵,
s==19|chibiInceptionPower,s==1|5,s==4|联盟对阵,
s==18|chibiVictoryReward,s==9|1|27|1000,s==4|联盟对阵,
s==18|chibiFailureReward,s==8|1|27|300,s==4|联盟对阵,
s==13|chibiTeamsNum,s==1|5,s==4|联盟对阵,
s==18|chibiKillNumReward,s==15|1|27|500,1|9|50,s==4|联盟对阵,
s==19|chibiFirstRoundChip,s==3|120,s==4|联盟对阵,
s==13|chibiRoundNum,s==2|20,s==4|联盟对阵,
s==10|chibiaward,s==25|2|1048,2|1461,2|1006,1|27,s==4|联盟对阵,
s==11|chibiMember,s==2|50,s==4|联盟对阵,
s==13|CargoOpenTime,s==1|0,s==4|诸侯争霸,
s==15|CargoRewardList,s==21|2|1080,1|9,2|1078,1|8,s==4|诸侯争霸,
s==17|athleticsOpenTime,s==1|0,s==4|诸侯争霸,
s==15|athleticsReward,s==26|2|19507,2|1459,2|1006,1|39,s==4|诸侯争霸,
s==13|chibiOpenTime,s==1|0,s==4|诸侯争霸,
s==15|chibiRewardList,s==25|2|1461,2|1048,2|1006,1|27,s==4|诸侯争霸,
s==15|KingdomOpenTime,s==1|0,s==4|诸侯争霸,
s==13|KingdomReward,s==27|2|6300,2|1051,2|1076,2|1050,s==4|诸侯争霸,
s==13|DemonOpenTime,s==1|0,s==4|诸侯争霸,
s==11|DemonReward,s==27|2|2040,2|1004,2|1076,2|1165,s==4|诸侯争霸,
s==18|countryWarMatcDate,s==4|1|18,s==2|国战,
s==18|countryWarOpenDate,s==4|1|20,s==2|国战,
s==20|countryWarSettleDate,s==4|21|0,s==2|国战,
s==18|countryWarStopDate,s==4|21|1,s==2|国战,
s==19|countryWarItemIdAtt,s==4|1|56,s==2|国战,
s==20|countryWarItemIdMove,s==4|1|57,s==2|国战,
s==22|countryWarMaxMoveToken,s==2|10,s==2|国战,
s==21|countryWarMaxAttToken,s==2|20,s==2|国战,
s==22|countryWarLuckDrawItem,s==4|1015,s==2|国战,
s==27|countryWarMoveTokenColdTime,s==5|43200,s==2|国战,
s==26|countryWarAttTokenColdTime,s==4|7200,s==2|国战,
s==18|countryWarAttToken,s==2|10,s==2|国战,
s==19|countryWarMoveToken,s==1|5,s==2|国战,
s==24|countryWarEnableOpenDays,s==2|21,s==2|国战,
s==15|countryWarMapId,s==11|1|2|3|4|5|6,s==2|国战,
s==22|countryWarEffectAttNum,s==1|5,s==2|国战,
s==19|countryWarFightTime,s==4|1800,s==2|国战,
s==24|countryWarTransferMove_1,s==6|1|57|1,s==2|国战,
s==24|countryWarTransferMove_2,s==6|1|56|1,s==2|国战,
s==21|countryWarTransferAtt,s==6|1|57|1,s==2|国战,
s==26|countryWarRandomRewardTime,s==4|7200,s==2|国战,
s==24|countryWarCityRewardTime,s==4|3600,s==2|国战,
s==21|countryWarServerPower,s==1|0,s==2|国战,
s==18|countryWarAttSocre,s==1|0,s==2|国战,
s==22|countryWarAttfailSocre,s==1|0,s==2|国战,
s==18|countryWarDefSocre,s==1|0,s==2|国战,
s==28|countryWarAttSuccessMilitary,s==3|125,s==2|国战,
s==25|countryWarAttFailMilitary,s==2|50,s==2|国战,
s==21|countryWarMaxDefSocre,s==1|0,s==2|国战,
s==24|countryWarSurroundRation,s==19|2|1|-3000,3|1|-3000,s==2|国战,
s==21|countryWarAllianceNum,s==2|10,s==2|国战,
s==23|countryWarneutralFlagId,s==7|3700010,s==2|国战,
s==24|countryWarneutralPointId,s==7|3700017,s==2|国战,
s==19|countryBoxForSeason,s==41|1|8010,2|8020,3|8030,4|8040,5|8050,6|8060,s==2|国战,
s==17|countrytaskInFlag,s==41|1|6005,2|6006,3|6007,4|6008,5|6009,6|6010,s==2|国战,
s==24|countrywarCommendRequest,s==1|0,s==2|国战,
s==21|countrywarCommendTime,s==1|0,s==2|国战,
s==26|countrywarCommendFightCold,s==4|1800,s==2|国战,
s==23|countryWarFightTimeRate,s==3|0.5,s==2|国战,
s==17|countrywarAddPro1,s==4|1015,s==2|国战,
s==23|countryWarMinSettleTime,s==3|120,s==2|国战,
s==17|countrywarAddPro2,s==4|1016,s==2|国战,
s==19|flagBoxSharplyPayLv,s==7|1|9|200,s==2|国战,
s==28|flagBoxSharplyPayLvIntergral,s==6|100:10,s==2|国战,
s==22|countryWarSeasonEndDay,s==2|20,s==2|国战,
s==13|JointOpenTime,s==1|0,s==4|诸侯争霸,
s==11|JointReward,s==26|2|19510,2|1054,2|1006,1|29,s==4|诸侯争霸,
s==8|peakOpen,s==1|0,s==4|诸侯争霸,
s==10|peakReward,s==26|2|19516,2|1004,2|4040,1|19,s==4|诸侯争霸,
s==11|rankRewards,s==6|1|9|50,s==4|排行榜 ,
s==13|TongQueExpPer,s==2|75,s==3|铜雀台,
s==17|tongqueMaxTrystLv,s==3|120,s==3|铜雀台,
s==21|tongqueMaxPatronizeLv,s==2|72,s==3|铜雀台,
s==17|TongQueFreeRevert,s==4|7200,s==3|铜雀台,
s==18|ifUnlockFreeYouhui,s==1|0,s==3|铜雀台,
s==23|ChuZhengMapRunningSpeed,s==3|200,s==2|出征,
s==16|ChibiGroupingNum,s==2|30,s==4|联盟对阵,
s==14|ChibiRemainder,s==2|10,s==4|联盟对阵,
s==11|logon1sound,s==3|101,s==2|音效,
s==11|logon2sound,s==3|102,s==2|音效,
s==10|city1sound,s==3|121,s==2|音效,
s==10|city2sound,s==3|122,s==2|音效,
s==16|waitbattle1sound,s==3|131,s==2|音效,
s==16|waitbattle2sound,s==3|132,s==2|音效,
s==12|battle1sound,s==3|141,s==2|音效,
s==12|battle2sound,s==3|142,s==2|音效,
s==21|jiaochangbattle1sound,s==3|143,,
s==14|farbattlesound,s==3|144,,
s==9|comesound,s==3|149,s==2|音效,
s==8|tttsound,s==3|150,s==2|音效,
s==10|touchsound,s==3|201,s==2|音效,
s==16|dailybattlesound,s==3|133,s==2|音效,
s==17|zhuhoubattlesound,s==3|134,s==2|音效,
s==14|jiaochangsound,s==3|135,s==2|音效,
s==14|zhanchangsound,s==3|136,s==2|音效,
s==11|switchsound,s==3|203,s==2|音效,
s==10|closesound,s==3|204,s==2|音效,
s==8|getsound,s==3|205,s==2|音效,
s==12|composesound,s==3|209,s==2|音效,
s==8|winsound,s==3|210,s==2|音效,
s==9|losesound,s==3|211,s==2|音效,
s==9|goldsound,s==3|212,s==2|音效,
s==11|heroupsound,s==3|213,s==2|音效,
s==12|heroup2sound,s==3|213,s==2|音效,
s==14|dibupointsound,s==3|214,s==2|音效,
s==18|chuzhengpointsound,s==3|215,s==2|音效,
s==18|zhuchengpointsound,s==3|216,s==2|音效,
s==17|wujiangpointsound,s==3|220,s==2|音效,
s==16|baoguopointsound,s==3|221,s==2|音效,
s==16|zhanyipointsound,s==3|222,s==2|音效,
s==17|juntuanpointsound,s==3|223,s==2|音效,
s==18|shenbingpointsound,s==3|224,s==2|音效,
s==12|yaoqiansound,s==3|225,s==2|音效,
s==13|kaichangsound,s==3|151,s==2|音效,
s==9|limitTime,s==1|7,s==4|超值礼包,
s==15|giftRefreshTime,s==1|2,s==4|超值礼包,
s==16|stampOpenRequire,s==11|105|110,120,s==2|配饰,
s==16|cardstamOpenStar,s==1|6,s==2|配饰,
s==12|stampMaxStar,s==5|3|3|4,s==2|配饰,
s==13|stampFirstGet,s==4|1791,s==2|配饰,
s==10|fastBattle,s==4|20|1,s==4|通用战斗,
s==10|skipBattle,s==2|70,s==4|通用战斗,
s==26|heroCompetitionRankLikeNum,s==1|5,s==4|群雄逐鹿,
s==29|heroCompetitionRankLikeReward,s==9|2|1084|50,s==4|群雄逐鹿,
s==26|heroCompetitionGroupingNum,s==2|30,s==4|群雄逐鹿,
s==24|heroCompetitionRemainder,s==2|10,s==4|群雄逐鹿,
s==23|heroCompetitionroundNum,s==2|17,s==4|群雄逐鹿,
s==15|SpecialRoundNum,s==2|10,s==4|群雄逐鹿,
s==14|trialToweClock,s==3|400,s==3|试练塔,
s==16|trialTowerAppear,s==3|300,s==3|试练塔,
s==20|trialTowerrFreeTimes,s==1|2,s==3|试练塔,
s==16|trialTowerrPrice,s==8|20|30|40,s==3|试练塔,
s==19|trialHigerAwardlock,s==3|375,s==3|试练塔,
s==8|rareItem,s==1|5,s==5|超值礼包 ,
s==18|expUnlockCondition,s==1|1,s==2|远征,
s==12|expHeroScale,s==4|8000,s==2|远征,
s==16|expHeroShowScale,s==4|5000,s==2|远征,
s==19|expeditionMaxRound ,s==2|17,s==2|远征,
s==15|expMercenaryNum,s==1|3,s==2|远征,
s==17|expMercenaryFight,s==5|20000,s==2|远征,
s==12|aideExchange,s==14|3:20|4:30|5:60,s==2|副将,
s==21|unifiedServeractivity,s==5|6|7|8,,
s==15|skinResolveRate,s==4|6000,s==2|皮肤,
s==10|chatmemory,s==3|500,s==2|聊天,
s==11|chatmemory1,s==3|200,s==2|聊天,
s==11|chatmemory2,s==3|200,s==2|聊天,
s==11|chatmemory3,s==3|100,s==2|聊天,
s==11|chatmemory4,s==2|50,s==2|聊天,
s==11|chatmemory5,s==2|60,s==2|聊天,
s==11|chatmemory6,s==2|20,s==2|聊天,
s==10|playersex1,s==5|30001,s==4|创建角色,
s==10|playersex2,s==5|30002,s==4|创建角色,
s==16|refreshEnemyTime,s==1|3,s==2|出征,
s==16|sametimeEnemyNum,s==1|3,s==2|出征,
s==18|wolongGetsAGeneral,s==5|22507,s==4|卧龙出世,
s==16|sevendaysTarget1,s==31|9|1003|1005|1019|2511|1014|1004,s==4|七日目标,
s==21|peakednessGroupingNum,s==2|30,s==5|巅峰对决赛,
s==19|peakednessRemainder,s==2|10,s==5|巅峰对决赛,
s==12|victoryTimes,s==2|20,s==5|巅峰对决赛,
s==17|peakedSeasonTimes,s==2|21,s==5|巅峰对决赛,
s==15|SeasonHalfTimes,s==8|11|12:00,s==5|巅峰对决赛,
s==19|peakednessFreeTimes,s==1|3,s==5|巅峰对决赛,
s==23|peakednessRushFreeTimes,s==1|5,s==5|巅峰对决赛,
s==24|peakednessTimesCondition,s==49|20|2:20|2:20|2:20|2:20|2:40|5:40|5:40|5:40|5:40|5,s==5|巅峰对决赛,
s==25|peakednessTimesCondition2,s==48|50|2:50|2:50|2:50|2:50|2:100|5:100|5:100|5:100|5,s==5|巅峰对决赛,
s==20|peakednessAutoBattle,s==2|88,s==5|巅峰对决赛,
s==23|peakednessStepCondition,s==2|10,s==5|巅峰对决赛,
s==22|peakednessAddCoreLimit,s==2|60,s==5|巅峰对决赛,
s==23|peakednessDifferentArmy,s==1|5,s==5|巅峰对决赛,
s==12|PeakChipGive,s==3|120,s==5|巅峰对决赛,
s==14|peakLikeReward,s==7|1|19|50,s==5|巅峰对决赛,
s==15|peakBattleQuick,s==1|3,s==5|巅峰对决赛,
s==13|HeroResetRate,s==5|10000,s==4|武将重置,
s==19|HeroResetTimesLimit,s==1|3,s==4|武将重置,
s==12|HeroRestCost,s==6|1|9|50,s==4|武将重置,
s==17|HeroRestCondition,s==1|6,s==4|武将重置,
s==10|dramastart,s==3|997,s==4|剧情战斗,
s==8|dramaend,s==4|1018,s==4|剧情战斗,
s==14|dramaherospeed,s==3|500,s==4|剧情战斗,
s==14|dramabattlepos,s==3|2|4,s==4|剧情战斗,
s==11|dramastart1,s==4|1000,s==4|剧情战斗,
s==14|firstdramatime,s==1|1,s==4|剧情战斗,
s==18|dramamapscrolltime,s==3|1.5,s==4|剧情战斗,
s==18|sevenLoginArmature,s==11|23508|22504,s==4|七日登录,
s==15|mysticBookLevel,s==12|10|30|60|120,s==2|奇谋,
s==15|mysticRareSkill,s==1|9,s==2|奇谋,
s==12|startChinese,s==80|东汉末年，宦官专权，汉室式微，黄巾贼反，民不聊生。/n你本为一城之主，奈何被黄巾觊觎，群贼攻城四十九天，城内粮草尽，为了百姓，你只得率领贴身侍卫引开黄巾贼...,s==2|剧情,
s==8|wutuguid,s==4|9999,s==2|音效,
s==17|formationGemScore,s==11|6|45|65|0.6,s==2|阵法,
s==17|formationGemRatio,s==19|36000|25000|540|500,s==2|阵法,
s==19|formationGemGetShow,s==71|2|1450100,2|1450200,2|1450300,2|1450400,2|14401,2|14402,2|14403,2|14404,s==2|阵法,
s==24|formationGemStrengthCost,s==17|2|1222|1,2|1222|4,s==2|阵法,
s==20|formationGemStrength,s==9|2500|4000,s==2|阵法,
s==21|formationGemFirstName,s==7|神炼·|神塑·,s==2|阵法,
s==24|fomationGemStrengthLimit,s==1|1,s==2|阵法,
s==8|zimutime,s==3|0.8,s==4|剧情战斗,
s==22|countryWarFlagOpenStar,s==2|10,s==2|战旗,
s==24|countryWarFlagAppearStar,s==1|9,s==2|战旗,
s==23|countryWarFlagHeroLevel,s==2|80,s==2|战旗,
s==24|countryWarFlagStarupCost,s==20|2|1211|1,1|8|1000000,s==2|战旗,
s==8|fightNum,s==3|6|6,s==4|合纵连横,
s==15|memberFightable,s==1|0,s==4|合纵连横,
s==11|recoverTime,s==4|7200,s==4|合纵连横,
s==19|teamBattleShowStage,s==21|1|00:00:00-1|23:59:59,s==4|合纵连横,
s==19|teamBattleRestStage,s==21|2|00:00:00-4|23:59:59,s==4|合纵连横,
s==21|teamBattleCombatStage,s==21|5|00:00:00-5|23:59:59,s==4|合纵连横,
s==20|teamBattleFightStage,s==21|6|00:00:00-7|23:29:59,s==4|合纵连横,
s==20|teamBattleCountStage,s==21|7|23:30:00-7|23:59:59,s==4|合纵连横,
s==8|autoJoin,s==5|1|2|3,s==4|合纵连横,
s==9|matchTime,s==5|86400,s==4|合纵连横,
s==14|teamMatchCycle,s==1|7,s==4|合纵连横,
s==13|teamNameLimit,s==1|6,s==4|合纵连横,
s==14|teamPowerLimit,s==65|0|2000000|2500000|3000000|3500000|4000000|4500000|5000000|5500000,s==4|合纵连横,
s==14|teamLevelLimit,s==29|0|100|105|110|115|120|125|130,s==4|合纵连横,
s==16|teamMatchRefresh,s==1|3,s==4|合纵连横,
s==19|teamBattleFightTime,s==5|15|33,s==4|合纵连横,
s==20|teamBattle1stRefresh,s==3|300,s==4|合纵连横,
s==21|teamBattleRankRefresh,s==3|300,s==4|合纵连横,
s==18|teamBattle1stScore,s==4|1000,s==4|合纵连横,
s==9|autoLimit,s==2|10,s==4|合纵连横,
s==10|robotCount,s==69|1000|3,1100|3,1200|3,1300|3,1400|3,1500|3,1600|3,1700|3,1800|3,1900|3,s==4|合纵连横,
s==13|robotBattleId,s==5|30223,s==4|合纵连横,
s==11|paopaomove1,s==2|20,s==4|剧情战斗,
s==11|paopaomove2,s==3|-10,s==4|剧情战斗,
s==20|prayGridSureRenovate,s==5|2|106,s==2|夺宝,
s==19|prayGridNeverGetNum,s==4|2|50,s==2|夺宝,
s==18|prayGridSureGetNum,s==4|2|60,s==2|夺宝,
s==19|prayGridSureGetNum2,s==4|2|30,s==2|夺宝,
s==19|chuzhengpaopaotime1,s==1|3,s==2|气泡,
s==19|chuzhengpaopaotime2,s==1|3,s==2|气泡,
s==25|sevenBarbarianGroupingNum,s==2|30,s==4|七蛮之乱,
s==23|sevenBarbarianRemainder,s==2|10,s==4|七蛮之乱,
s==17|sevenBarbarianKey,s==7|168|178,s==4|七蛮之乱,
s==18|chuzhengpointspeed,s==3|4.5,s==4|出征按钮,
s==22|chuzhengpointspeedtime,s==4|1.03,s==4|出征按钮,
s==21|chuzhengpointmultiple,s==4|1.15,s==4|出征按钮,
s==19|TongQueChuanShuCost,s==27|2000|2|1101|1,2002|2|1133|1,s==4|铜雀游园,
s==20|TongQueChuanShuCost2,s==7|1,9,200,s==4|铜雀游园,
s==20|TongQueChuanShulimit,s==1|3,s==4|铜雀游园,
s==19|TongQueOverturnCost,s==27|2000|2|1100|1,2002|2|1132|1,s==4|铜雀游园,
s==11|TongQueIcon,s==24|1911|1912|1913|1914|1915,s==4|铜雀游园,
s==24|TongQueBeautyRefreshCost,s==6|1|9|50,s==4|铜雀游园,
s==25|TongQueBeautyRefreshLimit,s==2|10,s==4|铜雀游园,
s==20|TongQueChuanShuCost3,s==7|1,9,200,s==4|铜雀游园,
s==17|TongQueUnlockStep,s==8|2|1108|1,s==4|铜雀游园,
s==15|TongQueBeautyId,s==1|2,s==4|铜雀游园,
s==18|prestigenizaibuzai,s==2|30,s==2|称号,
s==15|totemGridAppear,s==1|9,s==2|图腾,
s==12|Flagtreasure,s==41|1|6100,2|6101,3|6102,4|6103,5|6104,6|6105,s==2|商城,
s==18|customizationGroup,s==1|1,s==4|定制礼包,
s==17|battleWSIsRefresh,s==1|0,s==2|战斗,
s==15|mineDropPreview,s==27|2|1104,2|1037,2|1103,2|1036,s==4|矿场争夺,
s==20|exclusiveRecastCost1,s==8|2|1036|2,s==2|宝石,
s==20|exclusiveRecastCost2,s==9|1|8|30000,s==2|宝石,
s==24|exclusiveLockRecastCost1,s==8|2|1036|5,s==2|宝石,
s==24|exclusiveLockRecastCost2,s==10|1|8|100000,s==2|宝石,
s==14|challengestime,s==4|5|15,s==5|全民竞技赛,
s==8|usemoney,s==6|1|9|30,s==5|全民竞技赛,
s==19|AthleticsbattleTurn,s==2|33,s==5|全民竞技赛,
s==11|defeatedNum,s==1|3,s==5|全民竞技赛,
s==12|defeatedBuff,s==9|3105|3114,s==5|全民竞技赛,
s==13|MineEnergyMax,s==1|5,s==4|矿场争夺,
s==18|MineEnergyRecovery,s==5|21600,s==4|矿场争夺,
s==14|MineEnergyCost,s==4|1|50,s==4|矿场争夺,
s==13|MineOccupancy,s==2|40,s==4|矿场争夺,
s==14|MineOccupancy2,s==2|20,s==4|矿场争夺,
s==16|MineSupportAward,s==5|60|50,s==4|矿场争夺,
s==12|MineAttackCd,s==1|5,s==4|矿场争夺,
s==13|defNeedCombat,s==2|20,s==4|矿场争夺,
s==13|slowDownMusic,s==3|1.3,s==2|音频,
s==20|MineDropOutNoDisplay,s==17|60010|60020|60030,s==4|矿场争夺,
s==23|fastFightAddNeedWorldLv,s==2|50,s==2|征战,
s==18|defaultRunningHero,s==65|21101|21201|21301|22101|22201|22301|23101|23201|23301|24301|25301,s==2|征战,
s==18|  newYearBlessings,s==27|1|9|200,1|8|100000,2|1003|1,s==4|新年祈福,
s==13|AuspiciousNum,s==8|2|1998|1,s==4|酒兴掷骰,
s==9|throwTime,s==3|3|1,s==4|酒兴掷骰,
s==9|starGames,s==11|1134,1|9|50,s==4|觥筹交错,
s==20|underPalacepayReward,s==4|1758,s==4|摸金校尉,
s==22|underPalaceBuffRefresh,s==6|1|9|50,s==4|摸金校尉,
s==15|underPalaceOpen,s==3|100,s==4|摸金校尉,
s==13|underPlaceMap,s==22|1,500,102|501,1500,103,s==4|摸金校尉,
s==19|HeroTalentResetCost,s==6|1|9|50,s==4|武将天赋,
s==17|stoneSynthesisNum,s==29|60010:100|60020:100|60030:100,s==4|宝石合成,
s==18|sevenBarbarianIcon,s==25|2|1025,2|1022,2|1023,1|58,s==4|九州战场,
s==14|heroBattleIcon,s==18|2|30007,2|1084,1|9,s==4|九州战场,
s==16|nineProvenceIcon,s==27|2|1084,2|1001,2|1017,2|1018,s==4|九州战场,
s==12|godTrialIcon,s==24|2|1008,2|1010,2|1009,1|9,s==4|九州战场,
s==18|sevenBarbarianTips,s==9|周一到周日轮流开启,s==4|九州战场,
s==14|heroBattleTips,s==10|结义征战获取稀有道具,s==4|九州战场,
s==16|nineProvenceTips,s==8|征战获取稀有奖励,s==4|九州战场,
s==12|godTrialTips,s==11|参与可获得大量稀有奖励,s==4|九州战场,
s==16|crossZoneNumThan,s==2|16,s==2|跨服,
s==16|crossZoneNumLess,s==1|4,s==2|跨服,
s==17|crossZoneSplitNum,s==1|4,s==2|跨服,
s==13|newYrsGiftBox,s==26|2|1003|1,2|1006|1,2|1001|1,s==4|新年礼盒,
s==14|SupremeGiftBox,s==26|2|1004|1,2|1003|1,2|3008|1,s==4|新年礼盒,
s==17|playTheScreenShow,s==2|20,s==4|弹幕显示,
s==10|Blesslimit,s==2|15,s==4|祝福限制,
s==15|JZTrailOpenSort,s==9|1|2|3|4|5,s==4|武神试炼,
s==15|JZRentHeroAward,s==8|1|8|3000,s==4|武神试炼,
s==11|BambooSpeed,s==3|5|1,s==4|击鼓速度,
s==18|newYearEndExchange,s==17|2|2006|1,2|1135|1,s==4|宴请八方,
s==15|blessingGiftBag,s==1|3,s==4|祈福礼包,
s==11|createsound,s==4|2000,s==4|新手引导,
s==9|zimusound,s==4|4018,s==4|新手引导,
s==8|qldjtgzd,s==7|2000000,s==4|千里单骑,
s==14|herosounddelay,s==3|0.6,s==2|音频,
s==16|fastbattleNumAdd,s==4|22|5,s==2|出征,
s==20|heroEmployeeHeroLock,s==3|300,s==2|寻访,
s==14|myrqdelaysound,s==3|1.2,s==2|音频,
s==8|DrawTime,s==1|3,s==5|幸运十连抽,
s==9|rewardnum,s==1|1,s==5|幸运十连抽,
s==9|junzhunan,s==4|2004,s==2|音频,
s==8|junzhunv,s==4|1999,s==2|音频,
s==14|PackageReplace,s==2|30,s==4|特权礼包,
s==13|rankMemberNum,s==3|100,s==6|开服冲榜活动,
s==18|powerRankCondition,s==1|1,s==6|开服冲榜活动,
s==18|levelRankCondition,s==2|30,s==6|开服冲榜活动,
s==21|employeeRankCondition,s==2|20,s==6|开服冲榜活动,
s==20|recruitRankCondition,s==1|5,s==6|开服冲榜活动,
s==18|towerRankCondition,s==2|30,s==6|开服冲榜活动,
s==22|heroLevelRankCondition,s==2|30,s==6|开服冲榜活动,
s==24|underPalaceRankCondition,s==1|1,s==6|开服冲榜活动,
s==19|powerAwardCondition,s==1|1,s==6|开服冲榜活动,
s==19|levelAwardCondition,s==1|1,s==6|开服冲榜活动,
s==22|employeeAwardCondition,s==1|1,s==6|开服冲榜活动,
s==21|recruitAwardCondition,s==1|1,s==6|开服冲榜活动,
s==19|towerAwardCondition,s==1|1,s==6|开服冲榜活动,
s==23|heroLevelAwardCondition,s==1|1,s==6|开服冲榜活动,
s==25|underPalaceAwardCondition,s==1|1,s==6|开服冲榜活动,
s==12|powerRankKey,s==7|491|499,s==6|开服冲榜活动,
s==12|levelRankKey,s==7|500|508,s==6|开服冲榜活动,
s==15|employeeRankKey,s==7|509|517,s==6|开服冲榜活动,
s==14|recruitRankKey,s==7|518|526,s==6|开服冲榜活动,
s==12|towerRankKey,s==7|527|535,s==6|开服冲榜活动,
s==16|heroLevelRankKey,s==7|543|551,s==6|开服冲榜活动,
s==18|underPalaceRankKey,s==7|552|560,s==6|开服冲榜活动,
s==18|wuyiRecruitRankKey,s==7|589|597,s==6|开服冲榜活动,
s==16|levelRankEndTime,s==4|2|21,s==6|开服冲榜活动,
s==16|towerRankEndTime,s==4|2|21,s==6|开服冲榜活动,
s==19|employeeRankEndTime,s==4|2|21,s==6|开服冲榜活动,
s==18|recruitRankEndTime,s==4|2|21,s==6|开服冲榜活动,
s==16|powerRankEndTime,s==4|2|21,s==6|开服冲榜活动,
s==20|heroLevelRankEndTime,s==4|2|21,s==6|开服冲榜活动,
s==22|underPalaceRankEndTime,s==4|2|21,s==6|开服冲榜活动,
s==22|wuyiRecruitRankEndTime,s==4|2|21,s==6|开服冲榜活动,
s==9|WstAniSpd,s==1|1,s==6|锻造台-将印,
s==18|warriorSignetTrace,s==2|10,s==2|将印,
s==17|warriorExchangeId,s==4|4040,s==2|将印,
s==19|warriorExchangeCost,s==4|1000,s==2|将印,
s==13|WstLockItemId,s==9|1105|1105,s==2|将印,
s==9|WstRmbPro,s==4|5000,s==2|将印,
s==16|WstRmbVipRequest,s==2|10,s==2|将印,
s==13|WstOrderLimit,s==34|4040|2,4050|3,4051|3,4052|3,4060|4,s==2|将印,
s==19|WstOrderOpenRequest,s==14|1176|1177|1178,s==2|将印,
s==17|underPalaceOutNum,s==1|2,s==4|摸金校尉,
s==24|playerFightDmgResistDelt,s==3|0.2,s==2|系统,
s==23|playerFightDmgResistAdd,s==3|500,s==2|系统,
s==25|playerFightDmgResistLimit,s==4|2000,s==2|系统,
s==14|chatcomplainCD,s==4|1200,s==2|聊天,
s==22|heroRecruitLibFloorNum,s==8|15|7|2|1,s==3|聚贤阁,
s==14|playerLastLink,s==4|7200,s==4|离线收益,
s==22|heroComposeNationLimit,s==3|2|1,s==4|武将合成,
s==16|heroReviewnumber,s==2|20,s==4|武将评论,
s==10|chattipslv,s==3|200,s==2|聊天,
s==12|loseAllTitle,s==5|19532,s==4|问鼎中原,
s==11|winAllTitle,s==5|19533,s==4|问鼎中原,
s==10|AllinTitle,s==5|19534,s==4|问鼎中原,
s==12|titleNeedNum,s==2|11,s==4|问鼎中原,
s==16|holyBeastDefault,s==5|90018,s==2|神兽,
s==12|holyBeastExp,s==25|1115:50|1116:100|1117:200,s==2|神兽,
s==14|FusionLockCost,s==43|1|9|200,2|1057|1,2|1057|2,2|1057|3,2|1057|4,s==2|战马,
s==20|holyBeastExchangeNum,s==20|3:20|4:30|5:50|6:100,s==2|武将,
s==23|exclusiveTreasureClear1,s==6|1036|5,s==2|宝石,
s==23|exclusiveTreasureClear2,s==6|1037|1,s==2|宝石,
s==19|rechargeCoinDelTime,s==6|604800,s==2|通用,
s==13|FreewaterTime,s==1|3,s==4|春雨净灵,
s==14|numberOfCycles,s==2|10,s==4|春雨净灵,
s==13|pourIntoMould,s==8|2|1137|1,s==4|春雨净灵,
s==13|progressGroup,s==24|2400|2400|2401|2401|2402,s==4|春雨净灵,
s==18|greenPourIntoMould,s==8|2|1119|1,s==4|绿意盎然,
s==18|greenProgressGroup,s==29|2700|2700|2701|2701|2702|2702,s==4|绿意盎然,
s==15|springRewardNum,s==1|3,s==4|暖春锦愿,
s==16|holyPlaceInCycle,s==1|7,s==4|游牧草原,
s==22|holyPlaceInCycleReward,s==9|2|1115|50,s==4|游牧草原,
s==16|holyPlaceExplore,s==3|1|3,s==4|游牧草原,
s==14|holyPlaceEnter,s==1|4,s==4|游牧草原,
s==14|holyPlaceMatch,s==22|7500|10000|12500|15000,s==4|游牧草原,
s==17|holyPlaceNpcMatch,s==43|6500|7500,8500|9500,10500|11000,11500|13000,s==4|游牧草原,
s==19|holyPlaceMatchReply,s==8|1|4,1|12,s==4|游牧草原,
s==19|holyPlaceLoseReward,s==21|5000|6000|14000|15000,s==4|游牧草原,
s==18|holyPlaceEnterCost,s==7|1|1|2|2,s==4|游牧草原,
s==18|holyPlaceFastFight,s==15|0|0|0|0,0|0|0|0,s==4|游牧草原,
s==21|holyPlaceSearchReward,s==11|1|1.2|2.8|3,s==4|游牧草原,
s==10|heroStarLv,s==77|1|20,2|40,3|60,4|80,5|100,6|145,7|165,8|185,9|205,10|255,11|285,12|310,13|340,s==4|游牧草原,
s==18|holyPlaceRobReward,s==6|50|100,s==4|游牧草原,
s==22|holyPlaceMatchBattleId,s==13|110001|110276,s==4|游牧草原,
s==15|holyPastRequest,s==3|130,s==4|游牧草原,
s==14|holyPlaceScore,s==2|10,s==4|游牧草原,
s==22|mysteryShopAppearCount,s==1|1,s==4|神秘商店,
s==22|chatContentLengthLimit,s==3|256,s==2|聊天,
s==18|DpsRecordOpenlevel,s==2|20,s==4|伤害统计,
s==18|EventHeroFightTime,s==1|4,s==5|魔华佗活动,
s==18|EventHeroMatchTime,s==2|45,s==5|魔华佗活动,
s==19|EventHeroExpedition,s==1|9,s==5|魔华佗活动,
s==15|EventHeroBossId,s==4|8030,s==5|魔华佗活动,
s==22|EventHeroBattleSceneId,s==5|71004,s==5|魔华佗活动,
s==19|EventHeroMatchPower,s==33|9000|12000,5000|20000,1000|100000,s==5|魔华佗活动,
s==19|EventHeroBossReward,s==18|1|8|250000,1|61|10,s==5|魔华佗活动,
s==20|EventHeroRandomCount,s==2|20,s==5|魔华佗活动,
s==18|EventHeroBossRound,s==2|10,s==5|魔华佗活动,
s==13|EventHeroCall,s==4|1141,s==5|魔华佗活动,
s==15|EventBattleShow,s==12|8031,8032,17,s==5|魔华佗活动,
s==16|springWindowTime,s==5|10800,s==8|春意盎然活动弹窗,
s==21|skinActivityFightTime,s==1|4,s==4|皮肤活动,
s==21|skinActivityMatchTime,s==2|45,s==4|皮肤活动,
s==22|skinActivityMatchPower,s==77|9000|11000,8000|12000,7000|13000,6000|14000,5000|15000,3000|18000,1000|100000,s==4|皮肤活动,
s==21|skinActivityBossRound,s==2|10,s==4|皮肤活动,
s==22|skinActivityBattleShow,s==12|8033,8034,17,s==4|皮肤活动,
s==13|artifactforce,s==18|2|1157|1,2|1090|50,s==4|神兵活动,
s==16|artifactforcenum,s==3|200,s==4|神兵活动,
s==16|artifactTreasure,s==28|1,9,0|1,9,50|1,9,100|1,9,200,s==4|神兵活动,
s==8|freeDice,s==7|5|10800,s==4|神兵天降,
s==12|freeDicetime,s==9|1|9|150,3,s==4|神兵天降,
s==11|appointDice,s==28|1|9|0,1|9|50,1|9|100,1|9|200,s==4|神兵天降,
s==8|girdType,s==9|3|4|5|7|8,s==4|神兵天降,
s==20|artifactTreasureCost,s==8|2|1158|1,s==4|神兵夺宝,
s==17|drangonBattleTime,s==1|2,s==4|天命挑战,
s==16|drangonTeamPower,s==5|1|2|3,s==4|天命挑战,
s==17|drangonStageLimit,s==1|5,s==4|天命挑战,
s==18|drangonTeamRefresh,s==2|10,s==4|天命挑战,
s==17|drangonTeamSingle,s==17|1|1|1000,2|1|1000,s==4|天命挑战,
s==17|drangonTeamDouble,s==17|1|1|1000,2|1|1000,s==4|天命挑战,
s==17|drangonTeamTrible,s==11|1|1|0,2|1|0,s==4|天命挑战,
s==19|drangonBattleReward,s==10|2|1006|200,s==4|天命挑战,
s==22|drangonBattleWorldCool,s==3|600,s==4|天命挑战,
s==23|drangonBattleLegionCool,s==3|300,s==4|天命挑战,
s==22|dragonTeamOpenCrossDay,s==2|30,s==4|天命挑战,
s==16|StoneRefreshCost,s==3|100,s==4|宝石镶嵌,
s==24|greenPlumCoincidenceTime,s==4|3600,s==4|青梅煮酒,
s==16|greenPlumBoxOpen,s==8|2|1139|1,s==4|青梅煮酒,
s==17|greenPlumMaterial,s==35|2|1125|2,2|1126|4,2|1127|2,2|1128|2,s==4|青梅煮酒,
s==18|greenPlumMadevalue,s==2|12,s==4|青梅煮酒,
s==18|greenPlumFreeTimes,s==1|1,s==4|青梅煮酒,
s==11|greenPlumId,s==4|1124,s==4|青梅煮酒,
s==12|copyPurchase,s==6|1|9|50,s==4|群魔纷争,
s==11|demonChange,s==1|3,s==4|群魔纷争,
s==15|DuplicateChange,s==8|3,50,100,s==4|群魔纷争,
s==13|Duplicateback,s==5|4|5|6,s==4|群魔纷争,
s==10|bossChange,s==1|2,s==4|封魔挑战,
s==12|bossHeroPond,s==1|2,s==4|封魔挑战,
s==10|bossRandom,s==4|3,50,s==4|封魔挑战,
s==13|bossRandonNum,s==2|10,s==4|封魔挑战,
s==11|mibaoChoose,s==1|3,s==4|封魔秘宝,
s==13|DuplicateTime,s==11|20:30|23:30,s==4|群魔纷争,
s==12|nameRolltime,s==1|3,s==4|创建角色,
s==11|nameRollpro,s==4|1999,s==4|创建角色,
s==11|putinReward,s==9|1|8|50000,s==4|封魔挑战,
s==12|heroGroupNum,s==3|500,s==4|封魔挑战,
s==13|chooseHeronum,s==1|2,s==4|封魔挑战,
s==13|enchantReturn,s==18|1|9|300,2|1001|800,s==4|套装装备,
s==11|tianboxTime,s==8|12|20|32,s==5|天子令宝箱,
s==13|tianBoxReward,s==26|2|2043|1,2|2043|1,2|2043|1,s==4|封魔密宝,
s==11|DynamicDraw,s==6|30|100,s==4|天命赐福,
s==16|targetSumOfMoney,s==1|1,s==4|天命赐福,
s==14|tianmingreward,s==12|700,2|2022|1,s==4|天命赐福,
s==21|supportHeroEffectStar,s==2|10,s==2|援军,
s==17|supportHeroLimit1,s==8|10|1,2,3,s==2|援军,
s==17|supportHeroLimit2,s==6|13|4,5,s==2|援军,
s==12|demonCopyNum,s==1|2,s==4|群魔纷争,
s==13|fengmoReplace,s==29|1|9|0|,1|9|50,1|9|100,1|9|150,s==4|封魔秘宝,
s==10|FengmoTask,s==11|29001|29005,s==4|群魔纷争,
s==15|warHorseDefault,s==5|14016,s==2|战马,
s==15|warHorseExpItem,s==4|1115,,
s==11|warHorseExp,s==6|1115:1,s==2|战马,
s==19|warHorseExchangeNum,s==19|3:10|4:20|5:30|6:60,s==2|战马,
s==15|warHorseFreeNum,s==1|1,s==2|战马,
s==22|warHorseFreeNumRefresh,s==7|0|0|1|0,s==2|战马,
s==16|warHorseFloorNum,s==5|15|15,s==2|战马,
s==12|warHorseIcon,s==16|1115|14101|14102,s==2|战马,
s==19|warHorsePastRequest,s==3|130,s==2|战马,
s==18|dragonBoatMaterial,s==35|2|1144|2,2|1145|4,2|1146|2,2|1147|2,s==4|粽香情浓,
s==12|dragonBoatId,s==4|1143,s==4|粽香情浓,
s==9|liyuPoint,s==14|2|1156|1,1|9|1,,
s==24|tongQueConnectCondition1,s==20|2|30,3|50,4|70,5|100,s==3|同心策,
s==24|tongQueConnectCondition2,s==15|2|0,3|0,4|0,5|0,s==3|同心策,
s==19|tongQueConnectValue,s==1|3,s==3|同心策,
s==18|peakRedpacketValue,s==9|100|80|60,s==5|巅峰对决赛,
s==14|peakRedpacket1,s==9|1|9|10000,s==5|巅峰对决赛,
s==14|peakRedpacket2,s==8|1|9|8000,s==5|巅峰对决赛,
s==14|peakRedpacket3,s==8|1|9|6000,s==5|巅峰对决赛,
s==16|demonWarOpenDate,s==5|20|27,s==4|天魔来袭,
s==18|demonWarSettleDate,s==4|28|0,s==4|天魔来袭,
s==16|demonWarStopDate,s==4|28|1,s==4|天魔来袭,
s==17|demonWarItemIdAtt,s==4|1|56,s==4|天魔来袭,
s==18|demonWarItemIdMove,s==4|1|57,s==4|天魔来袭,
s==20|demonWarMaxMoveToken,s==2|10,s==4|天魔来袭,
s==19|demonWarMaxAttToken,s==2|20,s==4|天魔来袭,
s==20|demonWarLuckDrawItem,s==4|1015,s==4|天魔来袭,
s==25|demonWarMoveTokenColdTime,s==5|43200,s==4|天魔来袭,
s==24|demonWarAttTokenColdTime,s==4|7200,s==4|天魔来袭,
s==16|demonWarAttToken,s==2|10,s==4|天魔来袭,
s==17|demonWarMoveToken,s==1|5,s==4|天魔来袭,
s==22|demonWarEnableOpenDays,s==2|21,s==4|天魔来袭,
s==21|demonWarPlayerDefence,s==1|5,s==4|天魔来袭,
s==23|demonWarDefBreakRequire,s==4|2000,s==4|天魔来袭,
s==17|demonWarFightTime,s==4|1800,s==4|天魔来袭,
s==22|demonWarTransferMove_1,s==6|1|57|1,s==4|天魔来袭,
s==22|demonWarTransferMove_2,s==6|1|56|1,s==4|天魔来袭,
s==19|demonWarTransferAtt,s==6|1|57|1,s==4|天魔来袭,
s==12|demonNpcMove,s==4|1800,s==4|天魔来袭,
s==13|demonNpcCheck,s==2|60,s==4|天魔来袭,
s==14|demonNpcMaxNum,s==3|112,s==4|天魔来袭,
s==15|demonPlayerRest,s==3|600,s==4|天魔来袭,
s==26|demonWarAttSuccessMilitary,s==3|100,s==4|天魔来袭,
s==23|demonWarAttFailMilitary,s==2|40,s==4|天魔来袭,
s==26|demonWarDefSuccessMilitary,s==2|20,s==4|天魔来袭,
s==19|demonWarMaxDefSocre,s==3|100,s==4|天魔来袭,
s==22|demonWarSurroundRation,s==19|2|1|-3000,3|1|-3000,s==4|天魔来袭,
s==22|demonWarCommendRequest,s==1|0,s==4|天魔来袭,
s==19|demonWarCommendTime,s==1|0,s==4|天魔来袭,
s==24|demonWarCommendFightCold,s==4|1800,s==4|天魔来袭,
s==21|demonWarFightTimeRate,s==1|1,s==4|天魔来袭,
s==13|demonTaskItem,s==4|1166,s==4|天魔来袭,
s==14|demonWarReward,s==4|1165,s==4|天魔来袭,
s==17|demonBoxForSeason,s==41|1|8010,2|8020,3|8030,4|8040,5|8050,6|8060,s==4|天魔来袭,
s==16|demonBattleRound,s==2|17,s==4|天魔来袭,
s==17|demonHistoryLimit,s==2|20,s==4|天魔来袭,
s==18|demonSameTimeFight,s==1|3,s==4|天魔来袭,
s==16|forbidModifyName,s==31|2021-6-26 0:0:0|2021-7-02 0:0:0,s==2|通用,
s==15|FunctionPreview,s==1|1,s==2|通用,
s==16|treasureLimitLev,s==3|150,s==2|宝物,
s==18|offerRewardApplyCD,s==1|5,s==2|悬赏,
s==16|offerRewardTimes,s==2|10,s==2|悬赏,
s==21|offerRewardTimesReply,s==3|120,s==2|悬赏,
s==17|offerRewardBattle,s==2|17,s==2|悬赏,
s==15|offerEmployeeCD,s==3|120,s==2|悬赏,
s==15|archeryArrowNum,s==1|5,s==4|射箭活动,
s==14|archerySignNum,s==1|3,s==4|射箭活动,
s==17|archeryTaskRanNum,s==1|9,s==4|射箭活动,
s==14|expeditionBuff,s==3|0.1,s==4|将军远征,
s==18|dragonTreasureitem,s==8|2|1167|1,s==4|真龙转盘,
s==18|dragonTreasureluck,s==1|1,s==4|真龙转盘,
s==12|offerActTime,s==6|172800,s==4|军团悬赏,
s==14|offerActPeople,s==1|1,s==4|军团悬赏,
s==11|offerSetOdd,s==3|900,s==4|军团悬赏,
s==14|offerSetLimit1,s==1|1,s==4|军团悬赏,
s==14|offerSetLimit2,s==14|5:2|10:5|20:10,s==4|军团悬赏,
s==16|offerUnionActNum,s==3|150,s==4|军团悬赏,
s==16|offerUnionSetNum,s==1|1,s==4|军团悬赏,
s==17|offerChallengeNum,s==1|3,s==4|军团悬赏,
s==18|offerChallengeCost,s==8|20|40|60,s==4|军团悬赏,
s==14|offerWatchTime,s==2|60,s==4|军团悬赏,
s==15|offerAwardNumUp,s==4|1000,s==4|军团悬赏,
s==16|offerPublishTime,s==5|10800,s==4|军团悬赏,
s==15|offerPublishNum,s==1|6,s==4|军团悬赏,
s==14|offerRankAward,s==4|1067,s==4|军团悬赏,
s==12|offerGetTime,s==2|12,s==4|军团悬赏,
s==11|offerGetNum,s==15|3:1|2:2|1:3|0:4,s==4|军团悬赏,
s==16|offerChallengecd,s==2|20,s==4|军团悬赏,
s==14|offerWatchNume,s==2|36,s==4|军团悬赏,
s==12|offerDesnume,s==2|30,s==4|军团悬赏,
s==20|VicePetNeedFlyLevel1,s==1|1,s==2|神兽,
s==20|VicePetNeedFlyLevel2,s==1|3,s==2|神兽,
s==12|petHatchExp1,s==1|1,s==2|神兽,
s==12|petHatchExp2,s==1|2,s==2|神兽,
s==12|petHatchExp3,s==1|3,s==2|神兽,
s==10|petFuseNum,s==9|2|10014|1,s==2|神兽,
s==13|petFuseChange,s==10|2|10013|50,s==2|神兽,
s==9|petbagNum,s==2|30,s==2|神兽,
s==14|RetrieveBeauty,s==9|1106|1130,,
s==13|CartoonReward,s==7|1|9|100,s==2|福利,
s==11|CartoonTime,s==1|3,s==2|福利,
s==15|formationLvShow,s==6|30|100,s==2|布阵,
s==13|lhyRemoveCost,s==3|500,s==3|龙虎营,
s==12|lhyStarLimit,s==1|5,s==3|龙虎营,
s==12|lhyResetBack,s==59|1:2:3100:50|2:2:3200:50|3:2:3300:50|4:2:3400:50|5:2:3500:50,s==3|龙虎营,
s==23|heroRankCompensateRatio,s==4|2000,s==5|英雄排行榜,
s==15|compensateLimit,s==3|500,s==5|英雄排行榜,
s==18|compensateDayLimit,s==3|100,s==5|英雄排行榜,
s==16|heroRankProperty,s==13|1:1|10:0|11:0,s==5|英雄排行榜,
s==12|heroRankOpen,s==1|1,s==5|英雄排行榜,
s==17|HeroRankSpaceTime,s==3|600,s==4|武将背包,
s==21|unionRecruitNoticeNum,s==1|3,s==2|军团,
s==11|stampSelect,s==7|1|2|3,1,s==2|配饰,
s==13|heroDislimit1,s==5|30|50,s==4|武将评论,
s==13|heroDislimit2,s==4|70|0,s==4|武将评论,
s==11|BanquetTime,s==1|2,s==4|花好月圆,
s==11|VisitorTime,s==1|1,s==4|花好月圆,
s==15|ManufactureTime,s==2|60,s==4|花好月圆,
s==15|Zhongqiurandeng,s==8|2|1171|1,s==4|中秋祈福,
s==12|SilentEffect,s==2|60,s==2|聊天,
s==8|daguTime,s==2|60,s==4|国庆活动,
s==8|makeTime,s==3|0.5,s==4|花好月圆,
s==19| MineUnionBuffLimit,s==1|2,s==4|矿场争夺,
s==13|HeroResetCost,s==32|50|50|50|70|70|90|90|110|110|130,s==4|武将重置,
s==14|OrdinaryReward,s==1|5,s==4|花好月圆,
s==15|SpokesmanSwitch,,s==6|代言开关配置,
s==17|chatAdPalyerCount,s==2|10,s==6|聊天判断广告,
s==26|ZhongqiuActEnterArmatureId,s==7|5000007,,
s==14|ApponitVisitor,s==2|10,s==4|花好月圆,
s==12|ZhongqiuWalk,s==8|50|30027,s==4|花好月圆,
s==13|denglongAward,s==6|60|200,,
s==14|denglongNumber,s==1|3,,
s==11|YuanBaoWeek,s==6|604800,s==4|元宝周卡,
s==9|TasteTime,s==1|1,s==4|团圆宴会,
s==18|warHorseImpartCost,s==3|100,s==2|战马,
s==9|daguCishi,s==1|3,s==4|国庆活动,
s==15|FreeguoqingTime,s==1|3,s==4|国庆活动,
s==12|guoqingMould,s==8|2|1172|1,s==4|国庆活动,
s==12|guoqingGroup,s==24|2500|2500|2501|2501|2502,s==4|国庆活动,
s==12|guoqingRound,s==1|5,s==4|国庆活动,
s==9|pornBlock,s==35|akz|hkw|qkw|hml|hyq|hbq|ak0|abv|bkx,s==6|渠道审核相关,
s==16|unionmailbantime,s==6|259200,s==2|军团,
s==18|privatechatbantime,s==6|259200,s==2|聊天,
s==17|unionchatdonation,s==3|300,s==4|军团聊天,
s==10|addfirends,s==29|1:30|20:40|30:50|40:70|50:100,s==2|好友,
s==18|unionnoticebantime,s==6|259200,s==2|军团,
s==16|unionCreatelimit,s==6|259200,s==2|军团,
s==21|unionnoticechangetime,s==1|1,s==2|军团,
s==15|Zhongqiuspecial,s==11|30027|19807,s==4|花好月圆,
s==15|eastWarMaterial,s==35|2|1181|2,2|1182|4,2|1183|2,2|1184|2,s==4|踏浪东征,
s==9|eastWarId,s==4|1180,s==4|踏浪东征,
s==16|eastWarMadevalue,s==2|12,s==4|踏浪东征,
s==16|eastWarFreeTimes,s==1|1,s==4|踏浪东征,
s==14|eastWarBoxOpen,s==8|2|1185|1,s==4|踏浪东征,
s==22|eastWarCoincidenceTime,s==4|3600,s==4|踏浪东征,
s==16|mineDaoubleOfDay,s==1|3,s==4|矿场争夺,
s==13|checkPosToTop,s==2|50,s==4|国庆活动,
s==23|CrossPlayerDetailInfoLv,s==3|100,s==2|聊天,
s==18|beautyTreasureTime,s==7|1|10|50,s==4|珍奇探宝,
s==16|beautyTreasureCD,s==1|2,s==4|珍奇探宝,
s==18|beautyTreasureShow,s==29|4050|1177|2149|2128|1468|2162,s==4|珍奇探宝,
s==22|beautyTreasureCopyTime,s==7|1|10|50,s==6|珍奇探宝复刻,
s==20|beautyTreasureCopyCD,s==1|2,s==6|珍奇探宝复刻,
s==22|beautyTreasureCopyShow,s==29|4050|1177|2149|2128|1468|2162,s==6|珍奇探宝复刻,
s==12|FirstWeekMem,s==4|2048,s==4|内存相关,
s==13|SecondWeekMem,s==4|2048,s==4|内存相关,
s==12|ThirdWeekMem,s==4|2048,s==4|内存相关,
s==15|BaseActivityMem,s==3|300,s==4|内存相关,
s==9|PlayerMem,s==1|1,s==4|内存相关,
s==15|wudaoRewardList,s==27|2|19574,2|19830,2|3014,1|68,s==9|武道大会/诸侯争霸,
s==15|wudaoChangeMail,s==4|1793,s==4|武道大会,
s==19|wudaoSection1battle,s==4|8038,s==4|武道大会,
s==23|wudaoSection1ShowReward,s==21|2|3008|1,1|9|1,1|68|1,s==4|武道大会,
s==19|wudaoSection1reward,s==4|1600,s==4|武道大会,
s==18|wudaoSection1Recod,s==2|30,s==4|武道大会,
s==23|commonPointBattleReward,s==4|1631,s==4|武道大会,
s==21|highPointBattleReward,s==4|1621,s==4|武道大会,
s==22|commonPassBattleReward,s==4|1650,s==4|武道大会,
s==20|highPassBattleReward,s==4|1640,s==4|武道大会,
s==28|areaCommonRewardBattleReward,s==4|1670,s==4|武道大会,
s==26|areaHighRewardBattleReward,s==4|1660,s==4|武道大会,
s==26|areaCommonPassBattleReward,s==4|1691,s==4|武道大会,
s==24|areaHighPassBattleReward,s==4|1681,s==4|武道大会,
s==17|wudaoSection1time,s==15|1|10:00,2|20:40,s==4|武道大会,
s==19|duelPassBattleTime4,s==23|12:30|20:30,12:15|20:15,s==4|武道大会,
s==19|duelPassBattleTime5,s==23|12:30|20:30,12:15|20:15,s==4|武道大会,
s==19|duelPassBattleTime6,s==23|12:30|20:30,12:15|20:15,s==4|武道大会,
s==22|wudaoSection1challenge,s==1|3,s==4|武道大会,
s==16|wudaoSection1buy,s==1|2,s==4|武道大会,
s==18|wudaoSection1spend,s==14|1|9|50,1|9|100,s==4|武道大会,
s==18|wudaoSection1Award,s==21|2|3008|1,1|9|1,1|68|1,s==4|武道大会,
s==17|wudaoSection1week,s==1|1,s==4|武道大会,
s==14|wudaoPipeitime,s==1|2,s==4|武道大会,
s==18|duelBattleAddPoint,s==3|100,s==4|武道大会,
s==18|duelBattleWinPoint,s==3|100,s==4|武道大会,
s==19|duelBattleLosePoint,s==1|0,s==4|武道大会,
s==22|areaDuelBattleAddPoint,s==3|100,s==4|武道大会,
s==22|areaDuelBattleWinPoint,s==3|100,s==4|武道大会,
s==23|areaDuelBattleLosePoint,s==1|0,s==4|武道大会,
s==19|duelPointBattleTime,s==11|10:00|19:40,s==4|武道大会,
s==17|duelAreaPointTime,s==11|10:00|19:40,s==4|武道大会,
s==21|wudaoSignPosterAward1,s==30|2|1001|1,1|68|1,1|9|1,2|3008|1,s==4|武道大会,
s==21|wudaoSignPosterAward2,s==27|1|9|1,1|68|1,1|9|1,2|1004|1,s==4|武道大会,
s==21|wudaoSignPosterAward3,s==32|1|9|1,1|68|1,2|19574|1,2|19830|1,s==4|武道大会,
s==20|wudaoSignPosterDelay,s==1|4,s==4|武道大会,
s==24|duelBattlePointGuessRank,s==2|64,s==4|武道大会,
s==14|wudaoTaskLimit,s==1|5,s==4|武道大会,
s==20|wudaoSelectBattleNum,s==2|15,s==4|武道大会,
s==17|duelPassBattleNum,s==2|17,s==4|武道大会,
s==13|duelBattleNum,s==2|17,s==4|武道大会,
s==14|wudaoLikeAward,s==7|1|68|10,s==4|武道大会,
s==12|wudaoLikeNum,s==1|6,s==4|武道大会,
s==18|wudaoRankLikeAward,s==7|1|68|10,s==4|武道大会,
s==15|wudaoRivalaward,s==23|2,19573|2,3014|1,9|1,68,s==4|武道大会,
s==16|wudaoRankLikeNum,s==1|3,s==4|武道大会,
s==16|wudaoCrossServer,s==2|13,s==4|武道大会,
s==15|wudaoOpenServer,s==1|0,s==4|武道大会,
s==16|wudaoMergeServer,s==1|3,s==4|武道大会,
s==18|wudaoBattleCodeNum,s==2|72,s==4|武道大会,
s==14|wudaoBanShield,s==3|aaa,s==4|武道大会,
s==20|wudaoGambleLimitTime,s==23|18:00|20:15,18:00|20:15,s==4|武道大会,
s==19|wudaoArrayLimitTime,s==23|18:00|20:20,18:00|20:20,s==4|武道大会,
s==24|wudaoHeroGambleLimitTime,s==23|18:00|20:15,18:00|20:15,s==4|武道大会,
s==23|wudaoHeroArrayLimitTime,s==23|18:00|20:20,18:00|20:20,s==4|武道大会,
s==16|wudaoSelectPoint,s==5|13000,s==4|武道大会,
s==20|wudaoSpecialPrestige,s==6|195730,s==7|武道大会/称号,
s==15|wudaoPopularity,s==3|4|8,s==4|武道大会,
s==13|ChongyangSign,s==6|1|9|50,s==4|重阳活动,
s==14|ChongyangGroup,s==19|2600|2601|2602|2603,s==4|重阳活动,
s==14|ChongyangMould,s==8|2|1186|1,s==4|重阳活动,
s==13|ChongyangTime,s==1|3,s==4|重阳活动,
s==17|dailyCopyDiscount,s==3|0.8,s==4|日常副本,
s==9|Shenbing2,s==9|3010|3090,s==5|神兵活动2,
s==18|unionGateLvRequire,s==1|0,s==4|幻境仙门,
s==17|unionGateLvReward,s==14|10|1,20|2,60|3,s==4|幻境仙门,
s==18|unionGateFightTurn,s==2|17,s==4|幻境仙门,
s==20|unionGateShareReward,s==6|1|9|50,s==4|幻境仙门,
s==18|unionGateHeroScale,s==4|8000,s==4|幻境仙门,
s==22|unionGateHeroShowScale,s==5|10000,s==4|幻境仙门,
s==20|mysteryShopRecordNum,s==2|50,s==4|神秘商店,
s==17|ChongyangTreasure,s==7|2604|50,s==4|重阳活动,
s==18|kittyFreeWaterTime,s==1|3,s==4|春雨净灵,
s==13|kittyWaterRes,s==8|2|1119|1,s==4|绿意盎然,
s==15|kittyWindowTime,s==5|10800,s==8|春意盎然活动弹窗,
s==13|springPrayNum,s==1|3,s==4|暖春锦愿,
s==11|FengmoTask2,s==11|36000|36050,s==4|群魔纷争,
s==15|eastWarBoxOpen2,s==8|2|1189|1,s==4|踏浪东征,
s==16|eastWarMaterial2,s==35|2|1191|2,2|1192|4,2|1193|2,2|1194|2,s==4|踏浪东征,
s==10|eastWarId2,s==4|1190,s==4|踏浪东征,
s==17|eastWarMadevalue2,s==2|12,s==4|踏浪东征,
s==17|eastWarFreeTimes2,s==1|1,s==4|踏浪东征,
s==23|eastWarCoincidenceTime2,s==4|3600,s==4|踏浪东征,
s==17|WishstarLowestNum,s==3|100,s==4|愿起星辰,
s==18|Wishstar50Discount,s==3|0.9,s==4|愿起星辰,
s==23|crossHeroRivalReadyTime,s==2|15,s==6|跨服问鼎中原,
s==23|crossHeroRivalGuessTime,s==2|60,s==6|跨服问鼎中原,
s==24|crossHeroRivalBattleTime,s==3|120,s==6|跨服问鼎中原,
s==17|swimParkLowestNum,s==3|100,s==4|游园惊梦,
s==18|swimPark50Discount,s==3|0.9,s==4|游园惊梦,
s==15|shiyiArticleNum,s==1|8,s==4|千灯集市,
s==12|shiyiBalance,s==2|16,s==4|千灯集市,
s==12|guangJiaMark,s==1|1,s==4|专属管家,
s==14|guanJiaMinShow,s==3|0.2,s==4|专属管家,
s==20|pvpFastDoTaskScore  ,s==1|6,s==4|专属管家,
s==11|PinkSpineId,s==4|1023,s==4|道具特效,
s==18|pathwayItemDelTime,s==10|1636732800,s==6|获取途径礼包,
s==24|adventureEnableAutoVipLv,s==1|4,s==2|奇遇,
s==14|SpecialMoneyId,s==8|88888888,s==3|充值卡,
s==15|SpecialMoneyNum,s==6|999999,s==3|充值卡,
s==17|SpecialMoneyScale,s==2|10,,
s==9|ganenSign,s==6|1|9|50,s==4|感恩活动,
s==10|ganenMould,s==8|2|1201|1,s==4|感恩活动,
s==9|ganenTime,s==1|3,s==4|感恩活动,
s==10|ganenGroup,s==19|2720|2721|2722|2723,s==4|感恩活动,
s==13|ganenTreasure,s==7|2724|50,s==4|感恩活动,
s==10|GanenPoint,s==1|1,s==4|感恩活动,
s==21|weChatNoSendStartHour,s==1|0,s==4|微信通知,
s==19|weChatNoSendEndHour,s==1|8,s==4|微信通知,
s==18|weChatIntervalTime,s==1|2,s==4|微信通知,
s==18|weChatdailySendNum,s==1|3,s==4|微信通知,
s==14|wechatNeedHour,s==1|4,s==4|微信通知,
s==19|FlowerFireBattleNum,s==1|3,s==4|花火千树,
s==19|FlowerfireLowestNum,s==3|100,s==4|花火千树,
s==20|Flowerfire50Discount,s==3|0.9,s==4|花火千树,
s==23|FlowerFireBattleBuyCost,s==6|50|100,s==4|花火千树,
s==21|FlowerfireBattleRound,s==1|8,s==4|花火千树,
s==16|weChatFirstShare,s==39|1|9|200,2|3008|50,1|8|880000,2|1001|200,s==5|朋友圈分享,
s==16|weChatDayToShare,s==28|1|9|50,2|1001|200,1|8|500000,s==5|朋友圈分享,
s==15|weChatShareTime,s==4|3|30,s==5|朋友圈分享,
s==13|programReward,s==10|2|23402|30,,
s==22|GreatCitySignShowAward,s==8|2|1004|9,s==4|清明活动,
s==20|GreatCityChangeAward,s==1|1,s==4|清明活动,
s==17|GreatCityDiceTime,s==4|7200,s==4|清明活动,
s==20|GreatCityDiceUpLimit,s==2|10,s==4|清明活动,
s==20|GreatCityLotteryCost,s==4|1218,s==4|清明活动,
s==18|greatCityAllEggNum,s==2|30,s==4|清明活动,
s==17|wudaoOpenInletDay,s==2|45,s==4|比武大会,
s==20|heroProContrastLimit,s==10|10|1.3|0.1,s==4|属性对比,
s==25|heroProContrastBSProLimit,s==7|6,15000,s==4|属性对比,
s==12|mineTQAddNum,s==1|2,s==4|矿场争夺,
s==17|mineTQAddAwardPro,s==4|1000,s==4|矿场争夺,
s==9|boomPoint,s==4|1207,s==4|清明活动,
s==20|GreatCityGoldDiceNum,s==1|1,s==4|清明活动,
s==20|GreatCityGoldDiceBuy,s==22|1|9|50,1|9|100,1|9|200,s==4|清明活动,
s==16|GreatCityDiceNum,s==2|10,s==4|清明活动,
s==11|CompeteReam,s==6|1208,1,s==2|帝王,
s==15|CompeteReamTime,s==1|1,s==2|帝王,
s==14|shareHeroLimit,s==5|1|100,s==6|分享武将限制,
s==15|GreatCityDiceID,s==4|1209,s==4|清明活动,
s==19|GreatCityGoldDiceID,s==4|1210,s==4|清明活动,
s==13|YuandanPacket,s==7|1|9|888,s==4|元旦礼包,
s==21|atkWithEmployNumLimit,s==1|2,s==4|矿场争夺,
s==15|countryWarGuide,s==24|1:50|2:50|3:50|4:50|5:50,s==2|国战,
s==20|artifactSkillLimitLv,s==2|15,s==7|神兵/等级突破,
s==22|treasureQualityLimirLv,s==2|55,s==7|宝物/等级突破,
s==16|levelPromoveMail,s==4|1822,s==4|等级突破,
s==12|xinChunPoint,s==20|2|1217|1,1|9|10,1500,s==4|喜迎新春,
s==18|yuanxiaoMakeChance,s==1|5,s==4|上元明宵,
s==16|yuanxiaoMakeTime,s==3|0.5,s==4|上元明宵,
s==18|yuanxiaoFinishTime,s==3|1.5,s==4|上元明宵,
s==17|YuanxiaoLikeAward,s==9|2|30035|1,s==4|上元明宵,
s==12|YuanxiaoLike,s==2|18,s==4|上元明宵,
s==15|YuanxiaoLottery,s==4|1220,s==4|上元明宵,
s==17|YuanxiaoEveryTime,s==2|60,s==4|上元明宵,
s==18|YuanxiaoGiveFlower,s==8|2|1221|1,s==4|上元明宵,
s==18|FengxiangDyaReward,s==32|2|1003|1,2|1001|200,1|8|500000,2,s==6|微信分享奖励,
s==12|LotteryLimit,s==5|99999,,
s==21|specialRecordMinPower,s==8|10000000,s==6|录像数据导出,
s==21|specialRecordPowerPer,s==3|0.2,s==4|录像导出,
s==13|refineReplace,s==2|50,s==4|装备精炼,
s==15|RefineOpenLevel,s==3|6|4,s==4|装备精炼,
s==19|battleShareRange   ,s==3|120,s==8|战报分享聊天限制,
s==21|battleShareCountLimit,s==1|5,s==8|战报分享聊天限制,
s==19|battleShareCoolTime,s==3|600,s==8|战报分享聊天限制,
s==18|RefineProtectLevel,s==9|1|2|3|4|5,s==4|装备精炼,
s==13|QQSaveDesktop,s==79|1|9|100,2|1003|5,1|8|500000,1|10|100000,2|1001|200,2|1005|10,2|1019|5,2|1027|20,s==6|手游保存界面,
s==12|QqFriendsRed,s==2|15,s==4|好友分红,
s==12|QqShareCanal,s==188|hkw:1770|qkw:1890|hml:1770|hm2:1770|hyq:1770|hbq:1770|hb1:1770|hlw:1770|hly:1770|hlz:1770|hl2:1770|hxy:1770|hx2:1770|hsh:1770|hs1:1770|hsy:1770|hy1:1770|hy2:1770|hdj:1770|hxx:1770|dev:1770,s==6|好友分享渠道,
s==19|HeroPalaceStarLimit,s==2|10,s==3|君主府,
s==21|heroPalaceNeedTitleLv,s==1|5,s==3|君主府,
s==23|heroPalaceDefaultHeroId,s==5|30064,s==3|君主府,
s==28|heroPalaceDefaultHerodressId,s==11|14001|15001,s==3|君主府,
s==20|heroPromoteLevelStar,s==19|11:1|12:3|13:5|14:7,s==8|君主府/等级突破,
s==19|heroPromoteLevelMax,s==3|430,s==8|君主府/等级突破,
s==19|heroPromoteUnlockLv,s==3|350,s==8|君主府/等级突破,
s==20|heroPromoteUnlockNum,s==1|6,s==8|君主府/等级突破,
s==21|mergeActivityOpenDays,s==2|17,s==4|合服活动,
s==15|proFusionReward,s==47|1|9|500,1|8|2000000,2|1003|10,2|1014|2,2|1004|2,s==4|合服预告,
s==11|LonghuPoint,s==20|2|1249|1,1|9|10,1500,s==4|喜迎新春,
s==16|HefuChallageTime,s==1|3,s==4|合服争霸,
s==19|HefuChallageBuyTime,s==11|100|100|100,s==4|合服争霸,
s==10|HefuBossId,s==6|121101,s==4|合服争霸,
s==23|newArtifactTreasureCost,s==8|2|1253|1,s==5|新神兵活动,
s==18|heroUpStarlvNeed14,s==3|190,s==6|武将升星显示,
s==21|heroUpStarlevelNeed14,s==5|200|6,s==4|武将升星,
s==14|fishFinishTime,s==4|1800,s==4|周末锦鲤,
s==12|oneKeyUpStar,s==7|2505600,s==4|一键升星,
s==12|JieRiHongBao,s==7|1|9|888,s==4|节日红包,
s==22| battleTowerFasterWave,s==8|3|10|300,s==3|通天塔,
s==11|CSD_OpenDay,s==2|30,s==4|跨服切磋,
s==7|CSD_CD1,s==2|10,s==9|玩家信息-跨服切磋,
s==7|CSD_CD2,s==2|10,s==9|好友界面-跨服切磋,
s==14|CSD_PLAYER_NUM,s==2|10,s==9|好友界面-跨服切磋,
s==17|OpenServiceReward,s==29|2|1456|1,2|1004|2,2|1001|1000,s==10|开服礼包（神魔自选）,
s==16|OpenServiceMoney,s==3|328,s==10|开服礼包（神魔自选）,
s==15|OpenServiceTime,s==1|2,s==10|开服礼包（神魔自选）,
s==11|jinliRecord,s==2|50,s==4|周末锦鲤,
s==12|shenMoSelect,s==11|24508|25504,s==4|神魔临现,
s==16|LotteryRecordNum,s==2|30,s==4|抽奖记录,
s==16|LaborDayArrowNum,s==1|7,s==4|五一射箭,
s==16|LaborDayArrowBuy,s==18|50|150|200|250|300,s==4|五一射箭,
s==17|LaborDayLuckTimes,s==3|1.3,s==4|五一抽奖,
s==16|treasureExchange,s==1|5,s==6|宝物精粹转化,
s==18|treasureExchangeLi,s==5|10000,s==6|宝物精粹转化,
s==17|unionMailNumLimit,s==3|100,s==4|军团邮件,
s==21|heroPalaceReturnSkill,s==7|1|9|200,s==3|君主府,
s==22|heroPromoteLevelServer,s==2|40,s==8|君主府/等级突破,
s==17|WishstarLuckTimes,s==3|1.3,s==7|愿起星辰-抽奖,
s==14|HeroPalaceTest,s==1|1,s==3|君主府,
s==17|FightAwardLvBreak,s==3|200,s==9|征战奖励/等级突破,
s==18|RunelotteryFreeNum,s==1|1,s==4|青龙祭坛,
s==19|RuneLotteryFloorNum,s==2|10,s==4|青龙祭坛,
s==22|RuneTenLotteryFloorNum,s==2|10,s==4|青龙祭坛,
s==13|runeFirstGet ,s==5|70065,s==4|青龙祭坛,
s==16|advanceEnterGame,s==6|tw:600,s==4|海外需求,
s==16|zongqingGameTime,s==2|20,s==4|粽情九州,
s==15|zongqingGameBuy,s==7|100|200,s==4|粽情九州,
s==17|zongqingLuckTimes,s==3|1.3,s==4|粽情九州,
s==17|zongqingTicketNum,s==1|2,s==4|粽情九州,
s==17|DragonWarOpenTime,s==4|6:00,s==4|龙门斗阵,
s==17|DragonWarOverTime,s==5|23:00,s==4|龙门斗阵,
s==23|DragonWarSettlementTime,s==7|1|00:00,s==4|龙门斗阵,
s==13|DragonWarIcon,s==27|2|71002,2|71003,2|1056,1|72,s==4|龙门斗阵,
s==14|DragonWarITips,s==84|<outline color=#491c2b=1><color=#00ff00>每周</c><outline color=#491c2b=1>重置，参与获得符文</c>,s==4|龙门斗阵,
s==13|DragonWarCamp,s==19|2:1,3:2,4:3,1:4,0:5,s==4|龙门斗阵,
s==18|DragonWarGainPoint,s==4|6780,s==4|龙门斗阵,
s==19|dragonWarFloorLimit,s==4|5|14,s==4|龙门斗阵,
s==17|DragonWarTopThree,s==17|21101|22101|23101,s==4|龙门斗阵,
s==23|RuneLotteryResetQuality,s==1|5,s==4|青龙祭坛,
s==17|hefuBattleReward1,s==18|1|17|50,2|1006|500,s==5|双城之战 ,
s==21|zongqingGameLineLimit,s==2|20,s==4|粽情九州,
s==21|zongqingGameEveryDrop,s==3|1|3,s==4|粽情九州,
s==24|zongqingGameDropInterval,s==1|1,s==4|粽情九州,
s==19|RuneRefineNatureNum,s==1|4,s==2|符文,
s==10|RuneInitLv,s==1|0,s==2|符文,
s==16|RuneInitRefineLv,s==1|0,s==2|符文,
s==10|wudaojinji,s==2|16,s==5|新比武大会,
s==17|biwutaotaisaitime,s==11|18:00|20:15,s==5|新比武大会,
s==11|wudaoMaxNum,s==3|256,s==5|新比武大会,
s==16|playerNameLength,s==22|cn:2|6,vn:2|16,id:2|16,s==5|创角名长度,
s==17|SwimparkLuckTimes,s==3|1.3,s==4|游园惊梦,
s==19|FlowerfireLuckTimes,s==3|1.3,s==4|花火千树,
s==20|RuneLotteryWatchIcon,s==41|70113|70117|70121|70125|70129|70133|70137,s==4|青龙祭坛,
s==9|crossNum8,s==1|8,s==4|龙门斗阵,
s==20|treasureUpgradeReset,s==3|500,s==2|宝物,
s==15|heroReportPara1,s==2|80,s==4|武将评论,
s==15|heroReportPara2,s==2|70,s==4|武将评论,
s==15|heroReportTimes,s==2|10,s==4|武将评论,
s==24|heroPlaceDressUnlockCost,s==8|1|9|3000,s==4|帝王皮肤,
s==15|DragonWarUnrank,s==3|未上榜,s==4|龙门斗阵,
s==17|douyinShareReward,s==9|2|1001|10,s==4|抖音分享,
s==10|junzhenNum,s==1|6,s==2|军阵,
s==10|TwGoldgift,s==17|GOLD1|GOLD2|GOLD3,s==4|金锭兑换,
s==13|QixiLuckTimes,s==3|1.3,s==4|声梦鹊桥,
s==14|QixiMusicTimes,s==1|3,s==4|声梦鹊桥,
s==14|Goldchangetime,s==4|1800,s==4|金锭兑换,
s==19|unionmailbantime_tw,s==6|172800,s==10|tw屏蔽广告拉人限制,
s==21|privatechatbantime_tw,s==1|0,s==10|tw屏蔽广告拉人限制,
s==20|unionchatdonation_tw,s==1|0,s==10|tw屏蔽广告拉人限制,
s==13|addfirends_tw,s==5|1:300,s==10|tw屏蔽广告拉人限制,
s==21|unionnoticebantime_tw,s==1|0,s==10|tw屏蔽广告拉人限制,
s==19|unionCreatelimit_tw,s==1|0,s==10|tw屏蔽广告拉人限制,
s==19|repeatChatLength_tw,s==5|99999,s==10|tw屏蔽广告拉人限制,
s==18|EventHeroLuckTimes,s==3|1.3,,
s==8|RuneGive,s==11|70001|70002,s==2|符文,
s==20|towerTokenLimitStage,s==4|1300,s==3|通天塔,
s==20|comeBackActRegAddLv ,s==1|4,s==4|回归特权,
s==23|comeBackActPassChapter ,s==1|5,s==4|回归特权,
s==18|comeBackActGetHero,s==29|23403:1:1|23503:2:1|23404:0:0,s==4|回归特权,
s==20|comeBackActGuideStep,s==10|1001|11600,s==4|回归特权,
s==16|goldMoonCardOpen,s==7|aku|dev,s==4|黄金月卡,
s==16|heroDrawOpenArea,s==2|jp,s==6|创角100抽,
s==18|fenXiangLiYuYaoQiu,s==5|20|80,s==6|微信分享礼遇,
s==19|Moneyconsumption_jp,s==2|30,s==8|日服元宝消耗增加,
s==19|unionAddNumOpenTime,s==2|50,s==8|军团扩展成员上限,
s==17|cargoQualityLimit,s==7|4|5|6|7,s==4|漕运风云,
s==22|cargoInviteFriendsTime,s==1|3,s==4|漕运风云,
s==18|cargoHelpAwardTime,s==1|3,s==4|漕运风云,
s==27|DailyInvitationFriendReward,s==30|2|1003|1,2|1001|200,1|8|500000,s==8|每日邀请分享奖励,
s==29|DailyInvitationFriendNumLimit,s==1|2,s==8|每日邀请分享次数,
s==20|DailyInvitationLimit,s==15|caw|cay|dev|sh5,s==6|每日邀请渠道,
s==21|shuangchengShowReward,s==30|2|19592,2|19593,2|19594,2|5428,s==5|双城之战 ,
s==23|MineSelectHeroNumOfWeek,s==2|-1,s==4|矿场支援,
s==14|cargoListLimit,s==4|5000,s==4|漕运风云,
s==18|createRolesitem_jp,s==6|1|9|44,s==7|日服创角送元宝,
s==19|unionJoinPowerLimit,s==4|5000,s==2|军团,
s==22|unionJoinLevelLimitNew,s==3|200,s==2|军团,
s==17|countryWarbuyTime,s==39|1|9|100,1|9|150,1|9|200,1|9|250,1|9|300,s==2|国战,
s==17|ZhongqiuLuckTimes,s==3|1.3,s==4|月挽婵娟,
s==22|GodBeastResetLevelCost,s==5|1|9|0,s==2|灵兽,
s==21|GodBeastResetStarCost,s==5|1|9|0,s==2|灵兽,
s==20|GodBeastResetLvTimes,s==3|0.5,s==2|灵兽,
s==16|GodBeastFragment,s==5|50055,s==4|灵兽碎片,
s==15|HuLaoGuanHuiTui,s==3|198,s==3|虎牢关,
s==17|holyPlaceWinScore,s==12|10|20|80|100,s==4|游牧草原,
s==14|SNSShareReward,s==78|1|9|50,1|9|100,1|9|150,1|9|200,1|9|250,1|9|300,1|9|350,1|9|400,1|9|450,1|9|500,s==3|SNS,
s==19|titleCharacterLimit,s==4|cn:4,s==4|定制称号,
s==13|groupIntoRule,s==5|100|6,s==5|阵营武将榜,
s==29|GodBeastResetPassiveSkillCost,s==5|1|9|0,s==2|灵兽,
s==30|GodBeastResetPropertySkillCost,s==5|1|9|0,s==2|灵兽,
s==16|GuoQingLuckTimes,s==3|1.3,s==4|国庆活动,
s==22|GuoQingMonopolyDiceNum,s==2|10,s==4|国庆活动,
s==23|GuoQingMonopolyDiceTime,s==4|7200,s==4|国庆活动,
s==26|GuoQingMonopolyDiceUpLimit,s==2|10,s==4|国庆活动,
s==26|GuoQingMonopolyGoldDiceNum,s==1|1,s==4|国庆活动,
s==28|GuoQingMonopolyGoldDicePrice,s==22|1|9|50,1|9|100,1|9|200,s==4|国庆活动,
s==21|GuoQingMonopolyDiceID,s==4|6870,s==4|国庆活动,
s==25|GuoQingMonopolyGoldDiceID,s==4|6871,s==4|国庆活动,
s==24|GuoQingMonopolyBoomPoint,s==4|1179,s==4|国庆活动,
s==15|GuoQingCGJuQing,s==4|2100,s==4|国庆活动,
s==23|GuoQingZhanShiHeroDress,s==8|23511001,s==4|国庆活动,
s==23|DecisiveBattleFreeTimes,s==1|5,s==4|决战之巅,
s==17|DecisiveBattlebuy,s==2|15,s==4|决战之巅,
s==19|DecisiveBattlespend,s==104|1|9|20,1|9|20,1|9|20,1|9|20,1|9|20,1|9|25,1|9|25,1|9|25,1|9|25,1|9|25,1|9|30,1|9|30,1|9|30,1|9|30,1|9|30,s==4|决战之巅,
s==18|GodBeastWakeUpCost,s==9|2|50056|1,s==2|灵兽,
s==24|DragonWarWeekResetMailId,s==4|2736,s==4|龙门斗阵,
s==19|CROSS_PK_POWER_UNIT,s==8|10000000,s==4|跨服切磋,
s==22|CROSS_PK_POWER_MIN_PER,s==2|50,s==4|跨服切磋,
s==18|CROSS_PK_POWER_MIN,s==8|10000000,s==4|跨服切磋,
s==22|CROSS_PK_POWER_MAX_PER,s==3|200,s==4|跨服切磋,
s==18|CROSS_PK_POWER_MAX,s==9|400000000,s==4|跨服切磋,
s==22|CROSS_PK_POWER_EQ_RATE,s==2|10,s==4|跨服切磋,
s==21|DecisiveBattleRematch,s==1|2,s==4|决战之巅,
s==23|DecisiveBattleCountdown,s==3|180,s==4|决战之巅,
s==22|DecisiveBattleOpenTime,s==5|10|22,s==4|决战之巅,
s==15|unionNameLength,s==22|cn:2|6,vn:2|12,id:2|12,s==5|军团名长度,
s==17|unionNoticeLength,s==16|cn:0|55,vn:0|300,s==6|军团公告长度,
s==26|DecisiveBattleMatchLowRank,s==14|100|100|100|50,s==4|决战之巅,
s==18|FristYearLuckTimes,s==3|1.3,s==5|周年庆活动,
s==16|FristYearDiceNum,s==2|10,s==5|周年庆活动,
s==17|FristYearDiceTime,s==4|7200,s==5|周年庆活动,
s==20|FristYearDiceUpLimit,s==2|10,s==5|周年庆活动,
s==20|FristYearGoldDiceNum,s==1|1,s==5|周年庆活动,
s==22|FristYearGoldDicePrice,s==22|1|9|50,1|9|100,1|9|200,s==5|周年庆活动,
s==15|FristYearDiceID,s==4|6879,s==5|周年庆活动,
s==19|FristYearGoldDiceID,s==4|6880,s==5|周年庆活动,
s==18|FristYearBoomPoint,s==4|6881,s==5|周年庆活动,
s==12|BaojianPayLv,s==7|1|9|600,s==4|琉璃宝鉴,
s==18|BaojianPayIntegral,s==5|20:60,s==4|琉璃宝鉴,
s==16|BaojianOncelimit,s==3|200,s==4|琉璃宝鉴,
s==12|BaojianScore,s==4|6970,s==4|琉璃宝鉴,
s==13|BaojianBuyMax,s==2|40,s==4|琉璃宝鉴,
s==12|TowerDayLife,s==1|2,s==5|周年庆爬塔,
s==12|TowerLifeMax,s==1|5,s==5|周年庆爬塔,
s==12|TowerBuyLife,s==22|1|9|50,1|9|100,1|9|100,s==5|周年庆爬塔,
s==11|TowerBuyMax,s==1|3,s==5|周年庆爬塔,
s==16|TongQueResetCost,s==7|1|9|200,s==4|美人重置,
s==16|TongQueResetOpen,s==2|80,s==4|美人重置,
s==22|DecisiveBattleSoundOne,s==3|230,s==4|决战之巅,
s==22|DecisiveBattleSoundTwo,s==3|231,s==4|决战之巅,
s==20|InforHideServerLimit,s==2|jp,s==4|君主信息,
s==18|MoreStrategyButton,s==28|https://gamerch.com/meisyou/,s==4|攻略功能,
s==14|daFuWengJuQing,s==24|3600|3610|3620|3630|3640,s==3|大富翁,
s==24| countryTransferNumLimit,s==3|100,s==2|国战,
s==8|DFWmucai,s==4|6968,s==3|大富翁,
s==19|DecisiveLimitRecord,s==2|20,s==4|决战之巅,
s==13|autoRobotShip,s==1|0,s==10|IOS审核_漕运风云,
s==16|autoRobotShipNum,s==4|5|15,s==10|IOS审核_漕运风云,
s==22|YuanDanManufactureTime,s==2|60,s==4|元旦活动,
s==18|YuanDanBanquetTime,s==1|2,s==4|元旦活动,
s==15|YuanDanMakeTime,s==3|0.5,s==4|元旦活动,
s==18|YuanDanVisitorTime,s==1|1,s==4|元旦活动,
s==21|YuanDanApponitVisitor,s==2|10,s==4|元旦活动,
s==16|YuanDanLuckTimes,s==3|1.3,s==4|元旦活动,
s==14|WuShuangLevel1,s==2|32,s==2|无双,
s==14|WuShuangLevel2,s==2|64,s==2|无双,
s==14|WuShuangLevel3,s==2|96,s==2|无双,
s==16|ChunJieLuckTimes,s==3|1.3,s==7|兔年春节大富翁,
s==14|ChunJieDiceNum,s==2|10,s==7|兔年春节大富翁,
s==15|ChunJieDiceTime,s==4|7200,s==7|兔年春节大富翁,
s==18|ChunJieDiceUpLimit,s==2|10,s==7|兔年春节大富翁,
s==18|ChunJieGoldDiceNum,s==1|1,s==7|兔年春节大富翁,
s==20|ChunJieGoldDicePrice,s==22|1|9|50,1|9|100,1|9|200,s==7|兔年春节大富翁,
s==13|ChunJieDiceID,s==4|6992,s==7|兔年春节大富翁,
s==17|ChunJieGoldDiceID,s==4|6993,s==7|兔年春节大富翁,
s==16|ChunJieBoomPoint,s==4|6994,s==7|兔年春节大富翁,
s==21|ChunJiedaFuWengJuQing,s==24|3710|3750|3740|3730|3720,s==7|兔年春节大富翁,
s==18|ChunJieDFWDengLong,s==4|6997,s==7|兔年春节大富翁,
s==22|wudaoSecondShowMinLimt,s==2|16,s==5|新武道大会,
s==22|wudaoSecondShowMaxLimt,s==2|50,s==5|新武道大会,
s==16|WorldCupQuizItem,s==3|600,s==5|世界杯决战,
s==19|WorldCupQuizUpLimit,s==4|3000,s==5|世界杯决战,
s==21|WorldCupQuizDownLimit,s==2|50,s==5|世界杯决战,
s==18|WorldCupRewardTime,s==2|15,s==5|世界杯决战,
s==17|WorldCupOddsLimit,s==5|50000,s==5|世界杯决战,
s==14|WorldCupHelpId,s==3|374,s==5|世界杯决战,
s==17|WorldCupTimeLimit,s==1|0,s==5|世界杯决战,
s==19|WorldCupRefreshTime,s==1|6,s==5|世界杯决战,
s==20|WorldCupChipExchange,s==7|200:400,s==5|世界杯决战,
s==24|WorldCupChipExchangeTime,s==2|15,s==5|世界杯决战,
s==23|WorldCupChipRefreshTime,s==7|9|14|17,s==5|世界杯决战,
s==24|WorldCupChipOverExchange,s==3|2|1,s==5|世界杯决战,
s==18|WorldCupChipItemId,s==4|6991,s==5|世界杯决战,
s==18|worldCupResultDesc,s==10|主场胜|客场胜|平局,s==5|世界杯决战,
s==23|countryWarFlagResetCost,s==5|1|9|0,s==4|战旗重置,
s==16|rankRewardsBatch,s==1|2,s==5|排行榜奖励,
s==19|unionmailbantime_kr,s==6|172800,s==10|kr屏蔽广告拉人限制,
s==21|privatechatbantime_kr,s==1|0,s==10|kr屏蔽广告拉人限制,
s==20|unionchatdonation_kr,s==1|0,s==10|kr屏蔽广告拉人限制,
s==13|addfirends_kr,s==5|1:300,s==10|kr屏蔽广告拉人限制,
s==21|unionnoticebantime_kr,s==1|0,s==10|kr屏蔽广告拉人限制,
s==19|unionCreatelimit_kr,s==1|0,s==10|kr屏蔽广告拉人限制,
s==19|repeatChatLength_kr,s==5|99999,s==10|kr屏蔽广告拉人限制,
s==15|YuanDanMaxGuest,s==2|15,s==4|元旦活动,
s==21|ChunJieKaiChangJuQing,s==4|3700,s==6|兔年春节活动,
s==26|CROSS_PK_SEARCH_REFRESH_CD,s==1|3,s==4|跨服切磋,
s==16|ZhongQiuMaxGuest,s==2|15,s==4|团圆宴会,
s==16|YuanXiaoMaxGuest,s==2|15,s==4|上元明宵,
s==24|CROSS_PK_SEARCH_LIST_MAX,s==2|20,s==4|跨服切磋,
s==24|DecisiveBattleMatchLimit,s==8|10|20|30,s==4|决战之巅,
s==22|DecisiveBattleHeroExit,s==2|20,s==4|决战之巅,
s==24|DecisiveBattlePlayerExit,s==2|20,s==4|决战之巅,
s==20|stonehengeReviveCost,s==6|1|9|50,s==4|石兵八阵,
s==25|stonehengeTimeLimitByWeek,s==1|2,s==4|石兵八阵,
s==18|stonehengeMaxRound,s==2|18,s==4|石兵八阵,
s==16|stonehengeReward,s==25|2|6877,2|6878,2|1287,1|75,s==4|石兵八阵,
s==14|stonehengeTips,s==86|<outline color=#491c2b=1><color=#00ff00>每周</c><outline color=#491c2b=1>重置，参与获得精品材料</c>,s==8|石兵八阵描述文本,
s==21|stonehengeReviveLimit,s==2|20,s==4|石兵八阵,
s==19|stonehengePathRatio,s==7|1,2,3,4,s==4|石兵八阵,
s==16|YuanXiaoItemCost,s==15|1,1|10,10|50,45,s==4|上元明宵,
s==13|HeFuLuckTimes,s==3|1.3,s==7|异邦献宝-抽奖,
s==20|stonehengeServerOpen,s==2|90,s==4|石兵八阵,
s==18|worldPaintUneffect,s==19|5010|5011|5012|5950,s==4|天下绘卷,
s==15|starDiWangSkill,s==89|32|60200110|60200210|60200310|60200410,64|60200510|60200610|60200710|60200810,96|40010004,s==2|无双,
s==12|starDiWangId,s==43|1|10000001,2|10000002,3|10000003,4|10000004,s==2|无双,
s==20|FaQiuGetAllFrontTime,s==2|24,s==4|腾龙秘宝,
s==26|shopGodBeastFreeReflashNum,s==1|3,s==7|灵兽技能书商城,
s==27|shopGodBeastFreeReflashTime,s==5|28800,s==7|灵兽技能书商城,
s==23|shopGodBeastReflashCost,s==6|1|9|30,s==7|灵兽技能书商城,
s==22|shopGodBeastReflashNum,s==2|20,s==7|灵兽技能书商城,
s==25|godBeastDevelopImpartCost,s==7|1|9|100,s==2|灵兽,
s==26|godBeastAptitudeImpartCost,s==7|1|9|200,s==2|灵兽,
s==15|godBeastExpItem,s==5|50050,s==2|灵兽,
s==11|godBeastExp,s==7|50050:1,s==2|灵兽,
s==16|godBeastUneffect,s==19|5010|5011|5012|5950,s==2|灵兽,
s==17|godBeastStarPower,s==4|1000,s==2|灵兽,
s==27|godBeastExpDecompositionMax,s==4|9999,s==2|灵兽,
s==17|godBeastExpRecord,s==1|5,s==2|灵兽,
s==20|AuctionSystemBuyTime,s==12|86400|259200,s==3|拍卖场,
s==14|AuctionOpenDay,s==3|100,s==3|拍卖场,
s==19|AuctionDurationTime,s==6|259200,s==3|拍卖场,
s==15|AuctionShowTime,s==5|21600,s==3|拍卖场,
s==20|AuctionServriceChage,s==3|500,s==3|拍卖场,
s==15|AuctionLongTime,s==3|300,s==3|拍卖场,
s==12|AuctionMoney,s==4|1|75,s==3|拍卖场,
s==15|AuctionTipsTime,s==2|20,s==3|拍卖场,
s==22|AuctionPersonalRecords,s==2|30,s==3|拍卖场,
s==17|AuctionAllRecords,s==3|100,s==3|拍卖场,
s==18|AuctionUpdatesTime,s==11|46800|57600,s==3|拍卖场,
s==26|AuctionUpdatesIntervalTime,s==4|1800,s==3|拍卖场,
s==12|martFreeGrid,s==1|4,s==3|拍卖场,
s==14|martGridUnlock,s==7|3,1|6,1,s==3|拍卖场,
s==23|AuctionHistoryPriceList,s==2|10,s==3|拍卖场,
s==24|AuctionHistoryShelvesNum,s==2|10,s==3|拍卖场,
s==18|AuctionCoolingTime,s==6|604800,s==3|拍卖场,
s==18|AuctionScreenValue,s==5|1|2|3,s==3|拍卖场,
s==16|AuctionScreenGod,s==11|50001|50002,s==3|拍卖场,
s==19|AuctionOneScreenNum,s==2|10,s==3|拍卖场,
s==12|martMailDeal,s==4|3210,s==3|拍卖场,
s==19|martMailReturnPrice,s==4|3211,s==3|拍卖场,
s==17|UpfrontPriceLimit,s==5|10300,s==3|拍卖场,
s==18|AuctionHotShowTime,s==7|1209600,s==3|拍卖场,
s==15|AuctionExchange,s==5|10000,s==3|拍卖场,
s==16|AuctionSystemBid,s==1|1,s==3|拍卖场,
s==12|hongYunPoint,s==3|1:1,s==4|鸿运福录,
s==12|hongYunLimit,s==4|2000,s==4|鸿运福录,
s==11|hongYunItem,s==6|2|4734,s==4|鸿运福录,
s==19|defaultJpProvinceId,s==4|2070,,
s==19|godBeastHatchFloors,s==16|5|350|5,6|1000|6,s==2|灵兽,
s==21|godBeastAuctionSwitch,,s==9|灵兽拍卖场开关配置,
s==15|HJWeekLuckTimes,s==3|1.3,s==8|【日】黄金周活动,
s==21|HJWeekMonopolyDiceNum,s==2|10,s==8|【日】黄金周活动,
s==22|HJWeekMonopolyDiceTime,s==4|7200,s==8|【日】黄金周活动,
s==25|HJWeekMonopolyDiceUpLimit,s==2|10,s==8|【日】黄金周活动,
s==25|HJWeekMonopolyGoldDiceNum,s==1|1,s==8|【日】黄金周活动,
s==27|HJWeekMonopolyGoldDicePrice,s==22|1|9|50,1|9|100,1|9|200,s==8|【日】黄金周活动,
s==20|HJWeekMonopolyDiceID,s==4|7030,s==8|【日】黄金周活动,
s==24|HJWeekMonopolyGoldDiceID,s==4|7031,s==8|【日】黄金周活动,
s==23|HJWeekMonopolyBoomPoint,s==4|7034,s==8|【日】黄金周活动,
s==14|HJWeekCGJuQing,s==4|2100,s==8|【日】黄金周活动,
s==15|krTurntableTime,s==5|8|8|8,s==7|韩国转盘抽奖 ,
s==15|krTurntableItem,s==8|2|4991|1,s==7|韩国转盘抽奖 ,
s==15|krTurntablehero,s==29|22504|23510|22504003|22504003,s==7|韩国转盘抽奖 ,
s==18|wanKaRegGiftReward,s==43|2|1003|3,2|1001|500,1|10|200000,1|8|2000000,s==3|大玩咖,
s==18|wanKaActGiftReward,s==30|2|1006|300,2|1007|2,1|8|100000,s==3|大玩咖,
s==14|strengOldPenLv,s==3|180,s==4|装备精炼,
s==13|runeOldOpenLv,s==3|170,s==7|符文&龙门斗阵,
s==16|warHorseOldPenLV,s==3|150,s==2|战马,
s==12|wankaActTime,s==3|365,s==3|大玩咖,
s==17|wanKaActGiftLimit,s==2|60,s==3|大玩咖,
s==17|wanKaOpenPlatform,s==3|cqq,s==3|大玩咖,
s==18|GreatCityLuckTimes,s==3|1.3,s==4|清明抽奖,
s==18|martBuyHitCoolTime,s==4|1000,s==3|拍卖场,
s==19|decisiveSpecialStep,s==1|8,s==4|决战之巅,
s==19|unionmailbantime_jp,s==6|172800,s==1| ,
s==21|privatechatbantime_jp,s==1|0,s==10|jp屏蔽广告拉人限制,
s==20|unionchatdonation_jp,s==1|0,s==10|jp屏蔽广告拉人限制,
s==13|addfirends_jp,s==5|1:300,s==10|jp屏蔽广告拉人限制,
s==21|unionnoticebantime_jp,s==1|0,s==10|jp屏蔽广告拉人限制,
s==19|unionCreatelimit_jp,s==1|0,s==10|jp屏蔽广告拉人限制,
s==19|repeatChatLength_jp,s==5|99999,s==10|jp屏蔽广告拉人限制,
s==24|AuctionSystemSpecialTime,s==11|20:00|22:00,s==3|拍卖场,
s==13|aideWearLimit,s==3|5,3,s==2|副将,
s==17|aideWearCondition,s==1|5,s==2|副将,
s==10|KrFadeDays,s==2|10,s==8|韩国七日目标活动,
s==13|childGameTime,s==2|20,s==4|童梦乐园,
s==12|childGameBuy,s==7|100|200,s==4|童梦乐园,
s==14|childLuckTimes,s==3|1.3,s==4|童梦乐园,
s==14|childTicketNum,s==1|2,s==4|童梦乐园,
s==18|childGameLineLimit,s==2|20,s==4|童趣乐园,
s==18|childGameEveryDrop,s==3|1|3,s==4|童趣乐园,
s==21|childGameDropInterval,s==1|1,s==4|童趣乐园,
s==15|flowerGiveScore,s==6|1680|1,s==4|花嫁誓约,
s==14|flowerGetScore,s==6|1680|1,s==4|花嫁誓约,
s==14|flowerRankDesc,s==21|<br/>第{0}名：{1}，积分：{2},s==4|花嫁誓约,
s==13|flowerRankNum,s==2|10,s==4|花嫁誓约,
s==16|childLotteryCost,s==4|6495,s==4|童梦游园,
s==14|childAllEggNum,s==2|20,s==4|童梦游园,
s==17|SoulHeroLimitStar,s==1|9,s==7|魂武将领域技能,
s==22|unionCreateVipLimit_jp,s==1|0,s==2|军团,
s==14|broodTimeLimit,s==24|1:1|10,2:1|10,3:1|10,4:1,s==6|跨服孵蛋活动,
s==12|broodRankNum,s==2|10,s==6|跨服孵蛋活动,
s==21|broodRankPoolHelpInfo,s==11|灵池解锁条件：\n%s,s==6|跨服孵蛋活动,
s==13|FaQiuGiftTime,s==3|1.5,s==4|腾龙秘宝,
s==16|FaQiuGiftAllTime,s==1|3,s==4|腾龙秘宝,
s==19|broodUnlockPoolMail,s==13|2:2964|3:2965,s==6|跨服孵蛋活动,
s==16|ChuZhengRPVSSort,s==14|1682|11|8|10|2,,
s==25|SpecialsWeeklyZhenBaoDian,s==1|7,s==4|特惠周卡,
s==23|exclusiveWeaponLvUpCost,s==8|800200:1,s==4|专属幻武,
s==28|ExclusiveWeaponHeroStarLimit,s==2|11,s==4|专属幻武,
s==25|ExclusiveWeaponBlessSlots,s==2|50,s==4|专属幻武,
s==14|ewDecomposeMax,s==2|20,s==4|专属幻武,
s==26|ExclusiveWeaponSoulQuality,s==7|5|1,6|3,s==4|专属幻武,
s==21|ExclusiveWeaponUnlock,s==17|1|1|5,2|1|6,3|2|6,s==4|专属幻武,
s==24|ExclusiveWeaponSoulSkill,s==223|40100110,2000|40100210,2000|40100310,2000|40100410,2000|40100510,2000|40100610,2000|40100710,2000|40100810,2000|40100910,2000|40101010,2000|40101110,2000|40101210,2000|40101310,2000|40101410,2000|40101510,2000|40101610,2000,s==4|专属幻武,
s==24|ExclusiveWeapontUneffect,s==19|5010|5011|5012|5950,s==4|专属幻武,
s==26|ExclusiveWeaponBlessUnlock,s==11|1|1|5,2|3|6,s==4|专属幻武,
s==25|ExclusiveWeaponSkillLimit,s==5|0|3|5,s==4|专属幻武,
s==27|ExclusiveWeaponBlessQuality,s==3|5|6,s==4|专属幻武,
s==22|AncientSwordDailyLimit,s==2|12,s==4|远古剑冢,
s==26|AncientSwordWeeklyRenovate,s==1|5,s==4|远古剑冢,
s==20|AncientSwordShopTime,s==1|6,s==4|远古剑冢,
s==15|AncientSwordNum,s==7|1,1|2,2,s==4|远古剑冢,
s==27|AncientSwordBountyResetTime,s==1|4,s==4|远古剑冢,
s==26|AncientSwordTokenResetTime,s==1|4,s==4|远古剑冢,
s==21|AncientSwordPictureXY,s==9|3480|2160,s==4|远古剑冢,
s==21|AncientSwordLatticeXY,s==5|38|21,s==4|远古剑冢,
s==17|AncientSwordGasId,s==6|800300,s==4|远古剑冢,
s==18|AncientSwordGasNum,s==4|1000,s==4|远古剑冢,
s==21|AncientSwordGasWeapon,s==25|2|1|6750,3|1|2500,4|1|750,s==4|远古剑冢,
s==16|AncientSwordIcon,s==35|2|800205,2|800206,2|800213,2|800214,s==4|远古剑冢,
s==16|AncientSwordTips,s==86|<outline color=#491c2b=1><color=#00ff00>全天</c><outline color=#491c2b=1>开放，参与获得稀有幻武</c>,s==4|远古剑冢,
s==23|SpecialsWeeklyCloseTime,s==1|5,s==4|特惠周卡,
s==22|SpecialsWeeklyLimitDay,s==3|300,s==4|特惠周卡,
s==15|copiesMaterials,s==4|7401,s==5|副本材料券,
s==21|summerFishingFreeTime,s==1|5,s==8|夏日庆典钓鱼活动,
s==16|summerFishingBuy,s==16|30|30|50|100|150,s==8|夏日庆典钓鱼活动,
s==22|summerFishingStrength1,s==13|1:8000|2:2000,s==8|夏日庆典钓鱼活动,
s==22|summerFishingStrength2,s==20|1:3500|2:5000|3:1500,s==8|夏日庆典钓鱼活动,
s==22|summerFishingStrength3,s==20|1:2000|2:5000|3:3000,s==8|夏日庆典钓鱼活动,
s==23|AncientSwordPlayerPower,s==7|5000000,s==4|远古剑冢,
s==22|FaQiuHeFuCompensateMin,s==1|1,s==4|腾龙秘宝,
s==22|FaQiuHeFuCompensateMax,s==1|5,s==4|腾龙秘宝,
s==13|FaQiuHeFuItem,s==4|7022,s==4|腾龙秘宝,
s==21|AncientSwordFaultTime,s==2|10,s==4|远古剑冢,
s==9|MovieItem,s==4|7514,s==3|观影阁,
s==15|MovieAddUpLimit,s==1|3,s==3|观影阁,
s==13|MovieRecharge,s==5|3|6|9,s==3|观影阁,
s==14|MovieTaskReset,s==1|0,s==3|观影阁,
s==18|MovieAddUpToSystem,s==4|1930,s==3|观影阁,
s==20|MovieWatchFailedCost,s==3|300,s==3|观影阁,
s==25|MovieWatchFailedCostTimes,s==1|4,s==3|观影阁,
s==22|underPalaceZiWeiReward,s==4|1689,s==4|摸金校尉,
s==20|towerHigerAwardlock2,s==4|3000,s==3|通天塔,
s==13|MovieVipLevel,s==1|3,s==3|观影阁,
s==16|LifetimeCardShow,s==5|30060,s==3|终身卡,
s==26|DuelYanwuPowerMatchDiffPer,s==2|10,s==4|比武大会,
s==21|linkHeroPreviewReward,s==19|2|1006|50,1|8|10000,s==4|联动预告,
s==11|GuJuanPayLv,s==7|1|9|600,s==4|名将周卡,
s==17|GuJuanPayIntegral,s==5|20:60,s==4|名将周卡,
s==15|GuJuanOncelimit,s==3|200,s==4|名将周卡,
s==11|GuJuanScore,s==4|7408,s==4|名将周卡,
s==12|GuJuanBuyMax,s==2|40,s==4|名将周卡,
s==15|jiJiaFreeReward,s==7|1|9|100,s==4|累充献礼,
s==25|privatechatbantimechannel,s==20|hkw|86400,dev|100000,s==2|聊天,
s==18|tacticsSlotUnlock3,s==2|13,s==2|战法,
s==18|tacticsSlotUnlock4,s==2|14,s==2|战法,
s==20|FengxiangDyaRewardEn,s==30|2|1003|1,2|1001|200,1|8|500000,s==4|英文分享,
s==24|JiuZhouInititialIntegral,s==4|1000,s==4|九州至尊,
s==20|JiuZhouChallengeTime,s==4|8|24,s==4|九州至尊,
s==20|JiuZhouRefreshNumber,s==1|4,s==4|九州至尊,
s==21|JiuZhouFirstMateRange,s==3|100,s==4|九州至尊,
s==23|JiuZhouFreeRefreshTimes,s==1|5,s==4|九州至尊,
s==17|JiuZhouPayRefresh,s==6|1|9|20,s==4|九州至尊,
s==20|JiuZhouChallengeItem,s==4|1005,s==4|九州至尊,
s==25|JiuZhouChallengeFreeTimes,s==1|3,s==4|九州至尊,
s==20|JiuZhouChallengeCost,s==1|1,s==4|九州至尊,
s==17|JiuZhouFightLimit,s==2|20,s==4|九州至尊,
s==19|JiuZhouWarOrderTime,s==2|28,s==4|九州至尊,
s==20|JiuZhouWarOrderLimit,s==3|112,s==4|九州至尊,
s==20|JiuZhouWarOrderLevel,s==7|1|9|600,s==4|九州至尊,
s==20|JiuZhouWarOrderGrade,s==5|10|60,s==4|九州至尊,
s==18|JiuZhouMainRefresh,s==2|30,s==4|九州至尊,
s==17|JiuZhouSkipBattle,s==1|0,s==4|九州至尊,
s==15|JiuZhouRankShow,s==3|100,s==4|九州至尊,
s==20|JiuZhouWarOrderScore,s==4|6556,s==4|九州至尊,
s==17|JiuZhouShowReward,s==23|2|19648,1|9,1|85,2|6556,s==4|九州至尊,
s==24|JiuZhouWarOrderShopLimit,s==5|28825,s==4|九州至尊,
s==22|JiuZhouChallengeRecord,s==2|14,s==4|九州至尊,
s==21|JiuZhouWarOrderBuyMax,s==2|50,s==4|九州至尊,
s==16|heroGameAddSpeed,s==5|10016,s==4|枭雄玩法,
s==20|heroGameAddSpeedTime,s==3|300,s==4|枭雄玩法,
s==15|heroGameAddGold,s==2|10,s==4|枭雄玩法,
s==15|heroGameLottery,s==5|10017,s==4|枭雄玩法,
s==25|heroGameLotteryInitialNum,s==2|50,s==4|枭雄玩法,
s==20|heroGameLotterySpeed,s==1|5,s==4|枭雄玩法,
s==24|heroGameLotteryBackstage,s==2|16,s==4|枭雄玩法,
s==16|heroGameTypeName,s==37|1:诸侯王|2:大丞相|3:大将军|4:太尉|5:都督|6:御史|7:校尉,s==4|枭雄玩法,
s==15|heroGamePowerLv,s==1|5,s==4|枭雄玩法,
s==16|heroGameTaskLock,s==6|411013,s==4|枭雄玩法,
s==23|skipSelectPlaynameTimes,s==2|10,s==4|跳过选角,
s==14|GuJuanShowItem,s==4|4731,s==4|名将周卡,
s==14|GiftDailyLimit,s==3|500,s==6|武将养成赠礼,
s==21|winterFishingFreeTime,s==1|5,s==8|冬日暖阳钓鱼活动,
s==16|winterFishingBuy,s==16|30|30|50|100|150,s==8|冬日暖阳钓鱼活动,
s==22|winterFishingStrength1,s==13|1:8000|2:2000,s==8|冬日暖阳钓鱼活动,
s==22|winterFishingStrength2,s==20|1:3500|2:5000|3:1500,s==8|冬日暖阳钓鱼活动,
s==22|winterFishingStrength3,s==20|1:2000|2:5000|3:3000,s==8|冬日暖阳钓鱼活动,
s==20|LingLongBaojianPayLv,s==7|1|9|600,s==4|玲珑宝典,
s==26|LingLongBaojianPayIntegral,s==5|20:60,s==4|玲珑宝典,
s==24|LingLongBaojianOncelimit,s==3|200,s==4|玲珑宝典,
s==20|LingLongBaojianScore,s==4|7516,s==4|玲珑宝典,
s==21|LingLongBaojianItemId,s==4|7517,s==4|玲珑宝典,
s==21|LingLongBaojianBuyMax,s==2|40,s==4|玲珑宝典,
s==21|RecommendedForJueZhan,s==1|4,s==4|推荐阵容,
s==19|GodBeastNeiDanGroup,s==17|2|4|1,3|5|2,3|6|3,s==4|灵兽内丹,
s==23|GodBeastNeiDanGetFloors,s==1|5,s==4|灵兽内丹,
s==25|GodBeastNeiDanLvUpConsume,s==23|2756|1,2757|50,2758|500,s==4|灵兽内丹,
s==22|GodBeastNeiDanIncubate,s==4|2759,s==4|灵兽内丹,
s==27|GodBeastNeiDanYiJianHeCheng,s==3|3|4,s==4|灵兽内丹,
s==21|GodBeastNeiDanLianHua,s==3|5|6,s==4|灵兽内丹,
s==19|GodBeastNeiDanReset,s==3|200,s==4|灵兽内丹,
s==18|martFreeRecentShow,s==2|50,s==3|拍卖场,
s==12|martGridGold,s==9|1000|2000,s==3|拍卖场,
s==23|neiDanDirectSellQuality,s==1|6,s==3|拍卖场,
s==18|martLatestShowTime,s==6|604800,s==3|拍卖场,
s==18|DragonVeinAttriNum,s==9|1|5|12|18,s==2|龙脉,
s==20|DragonVeinQualityNum,s==1|1,s==2|龙脉,
s==17|DragonVeinLongMai,s==4|2760,s==2|龙脉,
s==17|DragonVeinLongHun,s==4|2761,s==2|龙脉,
s==19|DragonVeinAttrGroup,s==10|1-13,14-26,s==2|龙脉,
s==18|DragonVeinUneffect,s==19|5010|5011|5012|5950,s==2|龙脉,
s==19|DragonVeinSpineCold,s==5|720|1,s==2|龙脉,
s==15|DragonVeinSpeed,s==3|1.6,s==2|龙脉,
s==18|DragonVeinShowTime,s==3|500,s==2|龙脉,
s==16|DragonVeinMaxExp,s==6|500000,s==2|龙脉,
s==22|DragonVeinAccelerateLv,s==1|5,s==2|龙脉,
s==20|DragonVeinBackground,s==1|3,s==2|龙脉,
