id,taskName,people,reward-type-1,reward-id-1,reward-value-1,reward-type-2,reward-id-2,reward-value-2,reward-type-3,reward-id-3,reward-value-3,reward-type-4,reward-id-4,reward-value-4,
1,s==8|邀请5名活跃玩家,5,1,8,1000000,2,1007,5,2,1003,2,,,,
2,s==9|邀请10名活跃玩家,10,1,8,2000000,1,10,500000,2,1007,5,2,1003,3,
3,s==9|邀请20名活跃玩家,20,2,1006,1600,2,3008,50,2,1007,10,2,1003,5,
4,s==9|邀请30名活跃玩家,30,2,1001,1500,2,3008,100,2,1014,5,2,1004,1,
5,s==9|邀请50名活跃玩家,50,1,10,1000000,2,3014,50,2,1014,10,2,1004,2,
