id,winrewards-itemType-1,winrewards-itemId-1,winrewards-itemValue-1,winrewards-itemType-2,winrewards-itemId-2,winrewards-itemValue-2,loserewards-itemType-1,loserewards-itemId-1,loserewards-itemValue-1,loserewards-itemType-2,loserewards-itemId-2,loserewards-itemValue-2,
1,2,1006,100,1,8,20000,2,1006,50,1,8,10000,
2,2,1006,100,1,8,20000,2,1006,50,1,8,10000,
3,2,1006,100,1,8,20000,2,1006,50,1,8,10000,
4,2,1006,100,1,8,20000,2,1006,50,1,8,10000,
5,2,1006,100,1,8,20000,2,1006,50,1,8,10000,
6,2,1006,100,1,8,20000,2,1006,50,1,8,10000,
7,2,1006,100,1,8,20000,2,1006,50,1,8,10000,
8,2,1006,100,1,8,20000,2,1006,50,1,8,10000,
9,2,1006,100,1,8,20000,2,1006,50,1,8,10000,
