id,hint,
0,s==4|操作失败,
1,s==4|操作成功,
2,s==8|包裹里没有该物品,
3,s==10|包裹内该物品数量不足,
4,s==4|数量错误,
5,s==5|没有此物品,
6,s==4|非法请求,
7,s==8|该物品不能被使用,
8,s==8|该物品不能被出售,
9,s==8|请主公先创建角色,
10,s==11|该账号已在其他设备登陆,
11,s==10|不可以跟自己发送消息,
12,s==9|不可以发送空白消息,
13,s==11|主公尚未开启该聊天频道,
14,s==9|主公发送消息太快啦,
15,s==11|主公的聊天系统尚未开启,
16,s==11|不可在系统频道发送消息,
17,s==7|该名玩家不存在,
18,s==6|当前元宝不足,
19,s==10|当前的VIP等级不足,
20,s==10|等级不足，请再接再厉,
21,s==14|系统尚未开启，请主公继续加油,
22,s==11|包裹内道具达到数量上限,
23,s==8|主公尚未加入军团,
24,s==9|主公已经领取过奖励,
25,s==11|当前已达到最大购买次数,
26,s==10|当前已经达到最高等级,
27,s==15|当前活跃度不足，请主公继续努力,
28,s==14|当前元宝不足，请前往充值界面,
29,s==16|当前世界等级不足，主公们还需努力,
30,s==8|当前武将经验不足,
31,s==6|当前元宝不足,
32,s==6|当前铜钱不足,
33,s==11|尚未达到需求的完成次数,
34,s==8|兑换所需道具不足,
35,s==8|当前充值额度不足,
36,s==6|当前积分不足,
37,s==4|配置错误,
38,s==9|该武将处于上阵状态,
39,s==8|该武将已经被锁定,
40,s==5|敏感词字库,
41,s==10|当前剩余挑战次数不足,
42,s==11|当前的挑战次数尚未用完,
43,s==7|关卡已全部通关,
44,s==5|战斗已结束,
45,s==6|战斗尚未结束,
46,s==5|战斗不存在,
47,s==6|尚未开启特权,
48,s==6|当前禁止发言,
49,s==6|英雄评论太长,
51,s==6|次数已达上限,
54,s==7|开服天数未达到,
1000,s==8|刷新次数已达上限,
2000,s==4|不可兑换,
3000,s==7|错误的任务状态,
4100,s==6|该武将不存在,
4101,s==9|该武将星级低于五星,
4102,s==11|升星所需材料的等级出错,
4103,s==11|升星所需材料的星级出错,
4104,s==11|升星所需材料的阵营出错,
4105,s==13|升星所需材料的模板ID出错,
4106,s==12|当前所拥有的的寻访令不足,
4107,s==10|寻访随机武将出现错误,
4108,s==11|主公当前VIP等级不足,
4109,s==9|主公当前情义值不足,
4110,s==10|主公当前的访积分不足,
4111,s==10|主公寻访所需元宝不足,
4112,s==11|当前布阵的CODE出错,
4113,s==13|当前布阵普通武将的数量出错,
4114,s==13|当前布阵助战武将的数量出错,
4115,s==11|当前布阵的奇谋数量出错,
4116,s==11|当前布阵的神器数量出错,
4117,s==9|武将不可以重复上阵,
4118,s==9|奇谋不可以重复上阵,
4119,s==10|武将升阶所需星级不足,
4120,s==8|图鉴信息出现异常,
4121,s==9|尚未解锁该武将图鉴,
4122,s==11|主公已经领取过该奖励了,
4123,s==9|领取图鉴奖励时出错,
4124,s==10|武将包裹可用格子不足,
4125,s==9|至少要上阵一个武将,
4126,s==10|遗忘战法所需元宝不足,
4127,s==10|英雄重置等级没有次数,
4128,s==10|只能重置手动升级英雄,
5000,s==9|解锁所需的等级不足,
5001,s==9|解锁所需的战力不足,
5002,s==7|该副本尚未解锁,
5003,s==11|VIP额外挑战次数不足,
5004,s==9|当前的挑战次数不足,
5005,s==9|尚未拥有该助阵武将,
5006,s==11|今天已经派遣过助战武将,
5007,s==10|好友尚未派遣助战武将,
5008,s==8|开场增益选择出错,
5009,s==10|好友助战武将战力过高,
5010,s==8|血战长坂尚未通关,
5011,s==9|血战长坂奖励已领取,
5012,s==13|血战长坂当前尚无奖励可领取,
5013,s==8|复活所需次数不足,
5014,s==9|今天已经设置过难度,
5015,s==10|队伍中含有已阵亡武将,
5016,s==11|校场排名不满足挑战条件,
5017,s==9|挑战次数还在冷却中,
5018,s==9|通天塔关卡尚未通过,
5019,s==8|请先通过前置关卡,
5020,s==8|请先领取前置奖励,
5021,s==11|主公已经领取过该奖励了,
5022,s==12|当前所拥有的购买次数不足,
5023,s==6|当前元宝不足,
5024,s==12|当前所拥有的购买次数不足,
5025,s==12|当前难度设置超过最大难度,
5026,s==9|当前武将已全部阵亡,
5027,s==6|已占领该神位,
5028,s==8|该神位正在被挑战,
5029,s==4|主公莫急,
5030,s==8|您已经是该层塔主,
5031,s==11|通关通天塔400层开启,
5032,s==7|该层擂主已变更,
5033,s==6|该擂主不存在,
5034,s==10|购买所需星级数量不足,
6000,s==9|该玩家已在黑名单中,
6001,s==11|已申请添加该玩家为好友,
6002,s==10|不可以添加自己为好友,
6003,s==10|尚未被对方添加为好友,
6004,s==14|好友系统超过最大同时操作数量,
6005,s==10|和该玩家已经成为好友,
6006,s==9|和该玩家还不是好友,
6007,s==12|请选择要赠送友情点的好友,
6008,s==11|今天的赠送次数已经用完,
6009,s==12|已经赠送过友情点给该好友,
6010,s==6|好友列表已满,
6011,s==7|黑名单列表已满,
6012,s==8|当前的友情点不足,
7000,s==11|主公一口气说的话太多啦,
8000,s==9|主公尚未参与该活动,
8001,s==10|当前累积登陆天数不足,
8002,s==10|主公当前累充天数不足,
8003,s==10|周末福利礼包已经过期,
8004,s==12|周末福利礼包领取时间未到,
8005,s==6|赐福次数不足,
8006,s==7|赐福次数已用完,
8007,s==6|活动已经结束,
8008,s==5|棋子已打开,
8009,s==7|同心结道具不足,
8010,s==8|刷新次数已达上限,
8011,s==8|未完成所有任务哦,
8012,s==9|今日已没有掷骰次数,
8013,s==14|当前所选骰盘掷骰次数已达上限,
8014,s==6|主公已经宴请,
8015,s==8|请选择全部心愿单,
8016,s==7|心愿单尚未选择,
8017,s==4|金樽不足,
9000,s==8|军团名称已经存在,
9001,s==11|主公暂时未拥有操作权限,
9002,s==15|军团长离线时间还未满足弹劾要求,
9003,s==10|该玩家已加入其他军团,
9004,s==12|更换军团冷却时间尚未结束,
9005,s==9|军团长不可以被移除,
9006,s==8|该玩家不是副团长,
9007,s==8|该玩家已是副团长,
9008,s==11|副团长职位已经达到上限,
9009,s==9|主公自己就是军团长,
9010,s==8|当前军团人数已满,
9011,s==8|军团敌将数据错误,
9012,s==17|最高军团技能等级超出最低等级15级,
9013,s==10|主公今天已捐献过了哦,
9014,s==8|该技能格子已点亮,
9015,s==9|主公已经抢过该红包,
9016,s==7|挑战次数已用完,
9017,s==5|军团不存在,
9018,s==10|可发放红包次数已用完,
9019,s==6|红包已被抢光,
9020,s==8|军团捐献进度不足,
9021,s==10|未挑战过当前副本章节,
9022,s==8|膜拜次数已达上限,
9023,s==4|已经膜拜,
9024,s==7|军团争霸未开启,
9025,s==13|军团争霸期间不允许退出军团,
9026,s==10|本军团未参与军团争霸,
9027,s==7|申请信息不存在,
9028,s==8|军团争霸尚未结算,
9029,s==11|只有军团活跃玩家可领取,
9030,s==12|结算宝箱已被其他玩家领取,
9031,s==5|不满足条件,
9032,s==7|已超出最大星数,
9033,s==6|战略点不存在,
9034,s==9|战略点已无挑战次数,
9035,s==8|该玩家不在军团中,
9036,s==8|战略点正在被挑战,
9037,s==12|必须剩下军团长才可以解散,
10001,s==4|没有道具,
10002,s==6|未到开放等级,
10003,s==6|奖励已经领取,
10004,s==6|已经点过赞了,
10005,s==7|点赞次数已用完,
10006,s==12|校场排名尚未达到活动名次,
10007,s==13|问鼎中原该轮次不是竞猜阶段,
10008,s==12|问鼎中原该轮次已经竞猜过,
11000,s==6|神兵尚未开启,
11001,s==6|神兵尚未解锁,
11002,s==5|神兵已解锁,
11003,s==8|神兵任务尚未完成,
12000,s==10|装备合成所需消耗不足,
12001,s==6|装备不可兑换,
12002,s==12|最少需要两个将印进行合成,
12003,s==10|将印合成需要相同类型,
12004,s==9|兑换所需幸运值不足,
12005,s==10|将印重铸所需资源不足,
12006,s==12|配饰升星所需精炼次数不足,
12007,s==10|配饰升级所需道具不足,
12008,s==10|配饰升星所需道具不足,
12009,s==10|配饰洗炼所需道具不足,
12010,s==10|配饰转换所需道具不足,
12011,s==8|只能同星配饰转换,
12012,s==8|星石探寻道具不足,
12013,s==8|当前星石不可升级,
12014,s==8|星石升级道具不足,
12015,s==13|星石升级所消耗星石类型不对,
12016,s==13|星石传承被传承星石属性不对,
12017,s==11|星石传承目标属性不存在,
12018,s==17|星石传承目标星石有相同属性不可传承,
12019,s==8|星石传承道具不足,
12020,s==20|星石传承目标属性与被传承属性相同且值更大,
12021,s==8|星石合成道具不足,
12022,s==16|阵法中无法镶嵌多颗相同类型的星石,
12023,s==27|星石背包已满，需要先分解或合成一部分星石后才可继续探索,
12024,s==8|无法继续进行神炼,
12025,s==8|神炼所需道具不足,
12026,s==10|符石探索已达次数上限,
13000,s==8|所需武将经验不足,
13001,s==6|所需铜钱不足,
13002,s==10|主公尚未完成实名认证,
13003,s==11|输入的角色昵称已经存在,
13004,s==13|角色昵称不可用符号、敏感字,
13005,s==15|角色昵称最短两个字、最长六个字,
15000,s==8|快速作战次数不足,
15001,s==6|关卡尚未通过,
15002,s==8|尚未到达奖励进度,
15003,s==8|在线奖励已经领取,
18000,s==9|奇遇接取的任务为空,
18001,s==8|奇遇任务状态错误,
18002,s==10|奇遇接取所需功绩不足,
18003,s==9|奇遇武将不满足条件,
18004,s==10|奇遇加速所需元宝不足,
18005,s==4|元宝不足,
19000,s==4|已购买过,
19001,s==9|购买次数已达到上限,
19002,s==10|主公尚未购买特权礼包,
20000,s==10|主公累积签到天数不足,
20001,s==8|主公今日已经签到,
20002,s==13|主公签到已经累积到最高次数,
20003,s==8|主公尚未激活月卡,
20004,s==11|只有购买基金后才能领取,
20005,s==5|激活码错误,
20006,s==5|激活码无效,
20007,s==5|推荐码无效,
20008,s==8|推荐奖励已达上限,
20009,s==18|该类型礼包您已兑换过或此礼包已使用过,
20011,s==6|礼包码已失效,
20012,s==5|礼包码错误,
20013,s==5|礼包码错误,
20014,s==6|礼包码已过期,
20015,s==10|领取失败，礼包已领完,
20016,s==10|等级不足，请再接再厉,
20017,s==10|领取失败，礼包已领取,
21000,s==6|主公尚未布阵,
21001,s==8|敌方据点已经攻破,
21002,s==8|前置据点尚未攻破,
21003,s==6|武将已经阵亡,
21004,s==8|该问题已经回答过,
21005,s==6|特殊道具不足,
21006,s==6|使用次数不足,
21007,s==4|血量已满,
21008,s==5|奖励已领取,
21009,s==7|据点攻破数不足,
21010,s==4|资源不足,
21011,s==4|不是武将,
21012,s==8|当前已是最后关卡,
21013,s==7|幸运骰子已完成,
21014,s==5|星数不足哦,
21015,s==11|购买的行军商品道具不足,
21016,s==8|行军商店无此物品,
21017,s==6|该物品已出售,
21018,s==7|当前章节未解锁,
21019,s==7|当前关卡未解锁,
21020,s==10|已经通关最大星数了哦,
21021,s==8|宝箱钥匙已被领取,
21022,s==6|使用次数不足,
21023,s==5|商品已售空,
21024,s==4|毒药不足,
21025,s==4|请先上阵,
21026,s==17|您的历史最高战力未达到一键挑战要求,
21027,s==16|捷报！本层关卡守将已被全面击溃！,
22000,s==7|错误的礼包类型,
22001,s==5|礼包已过期,
22002,s==6|未购买该礼包,
23000,s==5|邮件不存在,
23001,s==15|没有足够的背包格子领取邮件物品,
23002,s==5|邮件已领取,
23003,s==6|邮件奖励为空,
25000,s==10|战功石星级奖励不存在,
25001,s==7|没有符合的武将,
26000,s==4|星级错误,
26001,s==7|需要相同的武将,
26002,s==6|武将数量不对,
26003,s==6|置换阵营限制,
26004,s==20|目标武将应该是初始五星，并且拥有四个技能,
27000,s==7|更换头像框错误,
27001,s==8|更换称号ID错误,
27002,s==6|该武将未解锁,
27010,s==7|置换武将不存在,
27011,s==12|置换武将状态不为普通状态,
27012,s==12|武将已锁定，不能参加置换,
27013,s==7|置换模板不存在,
27014,s==6|置换物品不足,
27015,s==8|聚贤商城模板为空,
27016,s==12|聚贤商城购买所需积分不足,
28000,s==6|当前阵营不对,
28001,s==12|当前关卡未通关，不可扫荡,
28002,s==12|当前荆州之战挑战次数不足,
28003,s==6|挑战关卡错误,
28004,s==10|今日购买挑战次数不足,
28005,s==12|购买挑战次数所需元宝不足,
28006,s==13|一键挑战需要已通关全部关卡,
28007,s==12|一键挑战剩余挑战次数不足,
28008,s==8|一键挑战阵营错误,
29000,s==11|解锁该宝物武将星级错误,
29001,s==10|宝物升级所需道具不足,
29002,s==10|宝物进阶所需道具不足,
29003,s==7|该宝物尚未解锁,
29004,s==9|该宝物已达最高等级,
29005,s==11|解锁该宝物武将阵营错误,
29006,s==8|该宝物已达最高阶,
29007,s==7|该宝物不可重置,
29008,s==7|该武将已在阵上,
30000,s==6|武将已有副将,
30001,s==10|副将已被其他武将使用,
30002,s==7|武将未选择副将,
30003,s==6|该副将不存在,
30004,s==8|副将已是最高级了,
30005,s==10|副将升级所需材料不足,
32000,s==8|蛮夷入侵尚未开启,
32001,s==10|至少挑战一次才能扫荡,
33000,s==5|好友不在线,
33001,s==10|好友已达最大选择次数,
33002,s==10|好友选择冷却时间未到,
33003,s==7|好友未选择阵型,
33004,s==9|当前漕运次数已用尽,
33005,s==9|航行中,请等待返航,
33006,s==6|品质已到上限,
33007,s==5|商船不存在,
33008,s==6|拦截次数不足,
33009,s==11|对方受保护中,不可拦截,
33010,s==9|不能拦截自己的商船,
33011,s==11|不能拦截自己护卫的商船,
33012,s==13|不能拦截自己军团成员的商船,
33013,s==15|该漕运船正在战斗中,请稍候再试,
33014,s==17|该漕运船护卫奖励已是最低,不可拦截,
33015,s==8|祭祀次数已达上限,
33016,s==4|已打捞过,
33017,s==10|打捞失败,残骸不存在,
33018,s==8|已选择过好友支援,
33019,s==11|该品质商船不可被选护卫,
33020,s==14|该君主目前无正在护卫的漕运船,
33021,s==15|拦截仍在冷却中，请主公稍后再试,
33022,s==14|黄巾宝船已逃离，无法进行拦截,
33023,s==19|主公您也太能捞了，先回去卸货明天继续吧,
35001,s==4|精力不足,
36001,s==6|校场排名不足,
36002,s==10|购买挑战次数元宝不足,
36003,s==6|点赞次数不足,
36004,s==8|已经为该玩家点赞,
36005,s==6|没有挑战次数,
36006,s==5|活动未开启,
36007,s==14|该玩家排名已变化，请刷新对手,
36008,s==3|请布阵,
37001,s==10|至少需要上阵一个武将,
37002,s==12|每次最多可下野10个武将,
37003,s==13|4星以上的武将不能一键下野,
37004,s==7|未放入武将将符,
37005,s==5|未放入武将,
37006,s==5|未选中武将,
38001,s==8|需要一个魏国武将,
38002,s==8|需要一个蜀国武将,
38003,s==8|需要一个吴国武将,
38004,s==7|需要一个神武将,
38005,s==7|需要一个魔武将,
38006,s==10|需要一个{0}星武将,
38007,s==10|无满足所有条件的武将,
38008,s==6|武将已达上限,
38009,s==4|派出成功,
38010,s==6|当前情报不足,
39000,s==19|提升神兵等级，可提升神兵宝石的使用上限,
39001,s==8|神兵铸魂已达上限,
39002,s==8|请先选择使用数量,
39003,s==6|神兵灵力不足,
40001,s==10|战魂达到当前最大等级,
40002,s==6|战魂等级不足,
40003,s==10|战魂升阶达到最大等级,
40004,s==10|战魂已被其他武将佩戴,
40005,s==8|战魂佩戴状态错误,
40006,s==8|请先提升战魂等级,
40007,s==5|战魂已佩戴,
40008,s==6|武将星级不足,
43001,s==7|远征章节未解锁,
43002,s==6|未攻打该章节,
43003,s==6|格子位置错误,
43004,s==4|不可移动,
43005,s==7|格子事件已完成,
43006,s==8|格子事件类型错误,
43007,s==5|格子不可见,
43008,s==8|军营中没有该武将,
43009,s==6|引动路线错误,
43010,s==6|已招募该武将,
43011,s==6|敌军数据错误,
43012,s==5|无武将阵亡,
43013,s==7|无武将需要治疗,
43014,s==7|武将已全部阵亡,
44001,s==4|虚位以待,
45001,s==7|没有对应的武将,
45002,s==6|皮肤已经存在,
45003,s==6|皮肤已经过期,
45004,s==10|只有永久皮肤可以升级,
45005,s==8|已经达到最大等级,
46001,s==8|当前不是准备阶段,
46002,s==3|未报名,
46003,s==8|当前不是战斗阶段,
46004,s==8|当前不是行军阶段,
46005,s==5|未选择阵营,
46006,s==4|筹码不足,
46007,s==3|未布阵,
46008,s==8|当前不是报名阶段,
46009,s==10|当前没有战斗竞猜队伍,
47000,s==5|正在鉴定中,
47001,s==10|当前没有残章在鉴定中,
47002,s==12|提升鉴定等级所需将符不足,
47003,s==10|奇书升级所需消耗不足,
47004,s==10|奇书升阶所需消耗不足,
47005,s==10|奇谋升星所需消耗不足,
47006,s==9|奇书技能槽位未解锁,
47007,s==9|该奇谋不存在奇书中,
47008,s==12|购买奇谋残章所需消耗不足,
47009,s==6|鉴定时间未到,
47010,s==7|已有同类型技能,
48001,s==13|元宝不足，无法购买拦截次数,
48002,s==15|拦截次数已达购买上限，无法购买,
48003,s==7|货船品质已刷新,
48004,s==15|购买祭品所需铜钱不足，无法祭祀,
48005,s==15|购买祭品所需元宝不足，无法祭祀,
48006,s==7|槽位已上阵武将,
48007,s==8|槽位下阵武将错误,
48008,s==11|该武将已加入聚义厅槽位,
48009,s==11|该武将未加入聚义厅槽位,
48010,s==17|聚义厅等级不符合要求，不可手动升级,
48011,s==11|达到当前聚义厅等级上限,
48012,s==13|超过各阵营之间最大等级限制,
48013,s==10|超过地煞之力等级限制,
48014,s==8|请按顺序点亮格子,
48015,s==6|点亮格子错误,
48016,s==11|天罡之力已达到最高等级,
48017,s==7|聚义厅结义错误,
48018,s==8|需先解除结义关系,
48019,s==10|同id武将只能上一个,
48020,s==5|不需要重置,
48021,s==9|聚义厅开启天数不足,
48022,s==8|聚义武将不可升级,
48023,s==10|结义武将不可卸下装备,
48024,s==13|结义武将不可佩戴或替换装备,
48025,s==8|聚义武将不可重置,
49001,s==14|神兵升级至4级后解锁铸魂功能,
49002,s==6|铸魂道具不足,
50001,s==13|元宝不足，无法进行锁定洗练,
50002,s==8|请选择转化的配饰,
50003,s==7|配饰精炼石不足,
51000,s==7|请填写队伍名字,
51001,s==10|队伍名字已被使用了哦,
51002,s==8|你已经在队伍中了,
51003,s==6|尚未加入队伍,
51004,s==17|队长在线时只有队长可以选择出战顺序,
51005,s==5|队伍已满员,
51006,s==10|受邀的玩家系统未开启,
51007,s==5|队伍不存在,
51008,s==9|不符合最低战力要求,
51009,s==9|不符合最低等级要求,
51010,s==9|玩家已加入其他队伍,
51011,s==9|当前时间不是结盟期,
51012,s==22|当前已报名。不允许进行退出队伍、踢出队伍操作,
51013,s==10|报名队伍人数不足3人,
51014,s==9|当前时间不是比赛期,
51015,s==4|已报过名,
51016,s==6|阵容数量错误,
51017,s==8|你的队伍尚未报名,
51018,s==6|没有挑战次数,
51019,s==14|武将背包已满，新武将加入邮件,
51020,s==6|队伍字数过长,
51021,s==7|玩家不在队伍中,
51022,s==10|群雄逐鹿已经点过赞了,
51023,s==15|注意！您在合纵连横中被请出队伍,
51024,s==16|注意！合纵连横的队伍成员发生变化,
53001,s==12|专属宝物英雄所属阵营不对,
53002,s==10|专属宝物英雄星级不对,
53003,s==10|专属宝物升阶道具不足,
53004,s==10|专属宝物升阶等级不足,
53005,s==14|专属宝物穿宝石暂未解锁该孔位,
53006,s==13|专属宝物解锁消耗英雄在阵上,
53007,s==10|专属宝物升级请先升阶,
53008,s==10|专属宝物升级道具不足,
53009,s==6|重铸道具不足,
53010,s==6|重铸合成不足,
53011,s==13|不能穿戴两颗相同属性的宝石,
53012,s==12|专属宝物已是当前最大等级,
53014,s==10|宝石熔炼所需道具不足,
54001,s==16|购买常规赛挑战次数vip等级不足,
54002,s==13|购买常规赛挑战次数道具不足,
54003,s==15|购买常规赛挑战次数超过最大次数,
54004,s==13|领取段位奖励当前段位未达到,
54005,s==9|常规赛挑战次数不足,
54006,s==9|休赛期无法进行挑战,
54007,s==9|巅峰赛挑战次数不足,
54008,s==9|休赛期无法进行挑战,
54009,s==12|对手排名已改变请刷新列表,
54010,s==7|对手正在被挑战,
54011,s==6|请先完成布阵,
54012,s==14|常规赛永恒钻石段位以上可挑战,
54017,s==10|巅峰对决下注筹码过少,
55001,s==8|今日已达购买上限,
55002,s==5|精力值已满,
55003,s==5|精力值不足,
55004,s==5|未占领矿洞,
55005,s==7|没有奖励可领取,
55006,s==10|其他玩家尚未占领矿洞,
55007,s==7|抢占战斗冷却中,
55008,s==15|0-6点属于休战期，不可以抢夺,
55009,s==7|战斗记录已清空,
55010,s==14|随机商店城池不是本服务器占领,
55011,s==14|玩家没有达到攻城掠地开启等级,
55012,s==5|活动未开启,
55013,s==6|复仇时间已过,
55014,s==9|已选择好友支援武将,
56000,s==8|七蛮之乱尚未开启,
56001,s==10|七蛮之乱挑战次数不足,
56002,s==10|七蛮之乱购买次数不足,
56003,s==11|所有矿洞都被玩家占领了,
56004,s==11|复仇对象当前未拥有矿脉,
56005,s==8|矿场活动尚未开启,
57001,s==13|摸金校尉本关卡没有buff,
57002,s==14|摸金校尉刷新buff元宝不足,
57003,s==14|摸金校尉所选buff数量不对,
57004,s==10|摸金校尉挑战关卡错误,
57005,s==15|摸金校尉领取关卡奖励通关数不足,
57006,s==11|摸金校尉本关卡没有奖励,
57007,s==13|摸金校尉本关卡奖励已经领取,
57008,s==11|摸金校尉未通关前置关卡,
57009,s==11|摸金校尉未解锁水镜护符,
57010,s==18|摸金校尉领取水镜护符奖励通关层数不够,
57011,s==19|摸金校尉领取水镜护符奖没有当前层数奖励,
57012,s==16|摸金校尉已经领取当前水镜护符奖励,
57013,s==11|摸金校尉当前关卡已通关,
57014,s==5|无扫荡次数,
57015,s==8|无法扫荡当前关卡,
58001,s==7|选择的数量错误,
58002,s==11|该矿洞已被其他玩家占领,
58003,s==12|请先领取当前矿脉累计收益,
58004,s==6|通关层数不足,
58005,s==9|未通关当前试炼层次,
58006,s==11|上阵阵容武将不满足要求,
58100,s==16|英雄有特殊状态，请去对应模块处理,
58101,s==4|攻打成功,
58102,s==5|活动未开启,
58103,s==6|合成物品出错,
58104,s==8|对方好友列表已满,
58105,s==8|举报次数尚未恢复,
58106,s==7|已经举报该玩家,
58107,s==6|玩家已被禁言,
58108,s==8|暂不支持跨国举报,
58109,s==9|阵型中已有相同武将,
58110,s==15|主公发言等级不足，还请继续努力,
58111,s==16|主公VIP等级不足，还请继续努力,
58112,s==15|主公发言冷却未到，还请休息一会,
58113,s==9|该频道暂时不可发言,
58120,s==16|评论最少5个汉字，最多40个汉字,
58121,s==12|武将评论中不能含有敏感字,
58122,s==10|主公已经发表过评论了,
58123,s==14|主公已经对该评论发表过态度了,
59001,s==6|匹配次数不足,
59002,s==8|暂时未匹配到队友,
59003,s==6|该活动已结束,
61007,s==12|该城池人数已满，无法调遣,
61012,s==7|神兵皮肤已解锁,
61001,s==9|游牧桃园探索券不足,
61002,s==10|游牧桃园挑战关卡错误,
61003,s==16|游牧桃园领取关卡数奖励关卡数不足,
61004,s==11|游牧桃园层数奖励已领取,
61005,s==11|游牧桃园未解锁水镜护符,
62005,s==18|游牧桃园领取额外关卡数奖励关卡数不足,
61006,s==13|游牧桃园层额外数奖励已领取,
61008,s==11|神兵活动已选取心仪奖励,
61009,s==14|神兵活动选取心仪奖励已达上限,
61010,s==11|神兵活动请选取心仪奖励,
61011,s==7|请通关前置关卡,
61013,s==10|相同战法不能重复学习,
61014,s==10|累计获得物品数量不足,
61015,s==8|该天命属性已激活,
61016,s==11|请前往天命挑战进行突破,
61017,s==8|天命强化已达上限,
61018,s==12|没有达到神兵皮肤开放等级,
61019,s==14|队伍名最短两个字、最长六个字,
61020,s==8|该玩家已在队伍中,
61021,s==18|需要三国志到达天命阶段1才可进行挑战,
61022,s==12|该玩家不在天命挑战队伍中,
61023,s==5|您没有权限,
61024,s==10|该天命挑战队伍已满员,
61025,s==10|该天命挑战队伍不存在,
61026,s==11|您已加入天命挑战队伍中,
61027,s==13|该玩家已不在天命挑战队伍中,
61028,s==14|该武将已上阵，请选择其他武将,
61029,s==7|无法选择该位置,
61030,s==13|这不是自己的武将，无法下阵,
61031,s==11|该位置无武将，无法操作,
61032,s==14|必须上阵两名武将方可进行准备,
61033,s==7|该玩家无法邀请,
61034,s==14|不满足天命阶级要求，无法入队,
61035,s==9|战力不满足入队需求,
61036,s==11|请先取消准备再下阵武将,
61037,s==17|仍有未准备就绪的队员，无法进行挑战,
61038,s==7|该玩家无法邀请,
61039,s==15|该玩家无法挑战该阶段的天命守卫,
61040,s==14|注意！您已被请出天命挑战队伍,
61041,s==14|注意！您的天命挑战队伍已解散,
61042,s==7|请按照顺序激活,
61043,s==15|神兵活动-奖池数量少于夺宝次数,
61044,s==11|神兵活动-夺宝次数错误,
61045,s==11|青梅煮酒-奇遇奖励为空,
61046,s==11|青梅煮酒-未获得该宝箱,
61047,s==10|短时间内发送重复内容,
61048,s==12|队伍中有成员无法进行挑战,
61049,s==12|今日已达扫荡最大次数上限,
61050,s==10|无法扫荡当前天命守卫,
61051,s==12|今日已达最大通关次数上限,
61053,s==8|该队伍正在战斗中,
61054,s==13|您所在的天命挑战队伍已解散,
61055,s==20|成功通关，您所在的天命挑战队伍已自动解散,
61056,s==6|已雇佣该武将,
61057,s==8|该好友未派遣武将,
61058,s==12|每个关卡只能雇佣3名武将,
61059,s==10|该好友更换了派遣武将,
61060,s==6|已派遣该武将,
61061,s==4|元宝不足,
61062,s==9|请选择相同品质宝石,
61063,s==11|只能转换非相同类型宝石,
61064,s==8|无对应武将可使用,
61065,s==4|没有阵型,
61066,s==22|已参与本轮问鼎中原对战，竞猜阶段不可修改布阵,
61067,s==14|神鬼降临活动暂时未匹配到队友,
61068,s==7|邮件任务未完成,
61069,s==16|封魔活动购买副本挑战次数道具不足,
61070,s==7|封魔活动未开始,
61071,s==12|封魔活动挑战副本id不对,
61072,s==12|封魔活动挑战副本次数不足,
61073,s==12|封魔活动刷新副本道具不足,
61074,s==17|封魔活动领取宝箱已经领取该等级宝箱,
61075,s==16|封魔活动领取宝箱boss等级不足,
61076,s==18|封魔活动当前时间段武将池不能放入武将,
61077,s==18|封魔活动当前未在boss开启时间段内,
61078,s==18|封魔活动当前时间段武将池不能取出武将,
61079,s==20|封魔活动当前时间段不能从武将池中随机武将,
61080,s==14|封魔活动挑战boss请先布阵,
61081,s==14|封魔活动挑战boss次数不足,
61082,s==25|封魔活动挑战boss封魔积分不足以选择当前buff,
61083,s==15|封魔活动今日刷新奖池次数已用完,
61084,s==10|封魔活动已领取该奖励,
61085,s==11|封魔活动累计活跃度不足,
61086,s==8|封魔活动奖池已空,
61087,s==10|封魔活动没有抽奖次数,
61088,s==16|封魔活动该轮次不可领取天字令密藏,
61089,s==17|封魔活动抽奖累计次数不足，不可领取,
61090,s==11|封魔活动请选取心仪奖励,
61091,s==6|装备附魔失败,
61092,s==8|装备还未激活附魔,
61093,s==11|装备附魔已达到最高等级,
61094,s==16|该装备已附魔，重置后才可重新附魔,
61095,s==9|该装备不可激活附魔,
61096,s==13|该装备不可进行此类型的附魔,
61097,s==17|封魔活动已经领取该buff阶段奖励,
61098,s==22|封魔活动领取buff阶段奖励buff阶段不足,
61099,s==3|已祈愿,
61100,s==12|封魔活动该副本已经挑战过,
61101,s==13|美人同心策上阵美人数量错误,
61102,s==18|美人同心策上阵中有美人在其他同心策上,
61103,s==17|美人同心策上阵中有美人幽会等级不足,
61104,s==17|美人同心策上阵中有美人技能等级不足,
61105,s==9|战马已达到最高等级,
61106,s==8|无法迁移至该城池,
61107,s==7|玩家不在大本营,
61108,s==4|调遣失败,
61109,s==10|今日调遣次数已达上限,
61110,s==10|城池驻防数量已达上限,
61111,s==12|不可进攻,所在城池交战中,
61112,s==8|调遣冷却时间未到,
61113,s==4|进攻失败,
61114,s==7|天魔来袭未开启,
61115,s==6|npc不存在,
61116,s==5|城池被包围,
61117,s==14|武将预告已领取武将预告总奖励,
61118,s==10|武将预告有任务未完成,
61119,s==22|乱入排行奖励正在结算中，无法选择武将进行探索,
61120,s==7|请解锁战马技能,
61121,s==13|同类型同品质技能只能有一个,
61123,s==13|专属悬赏发布次数已达到上限,
61124,s==7|发布次数已用完,
61125,s==6|该悬赏已过期,
61126,s==7|战斗次数已用完,
61127,s==7|悬赏战斗不一致,
61128,s==9|未占领随机商城城池,
61129,s==5|进城令不足,
61130,s==5|迁移令不足,
61131,s==23|该城池与主公城池距离过远，请先派兵至该城池周边,
61132,s==12|真龙转盘活动抽奖时间已过,
61133,s==12|真龙转盘活动抽奖元宝不足,
61134,s==12|真龙转盘活动抽奖道具不足,
61135,s==14|真龙转盘活动元宝抽奖次数不足,
61136,s==10|请先占领低等级的矿洞,
61137,s==8|本轮抽取尚未完成,
61138,s==10|当日仅能创建一个军团,
61139,s==3|请稍后,
61140,s==11|龙虎营中已入驻相同武将,
61141,s==9|后盾军不可进行升星,
61142,s==10|请先对中坚军进行撤军,
61143,s==10|请先对后盾军进行撤军,
61144,s==7|主力军不可撤军,
61145,s==9|请先从龙虎营中撤军,
61146,s==11|主力军武将不可作为材料,
61147,s==12|当前武将等级大于共享等级,
61148,s==12|当前武将星级大于共享星级,
61149,s==4|撤军失败,
61150,s==11|中坚军和后盾军不可升级,
61151,s==12|龙虎营入驻的武将不可重置,
61152,s==12|龙虎营 - 撤军消耗不足,
61153,s==14|中坚军和后盾军武将不可以升阶,
61154,s==10|配饰转换所需元宝不足,
61155,s==12|配饰转换所需配饰碎片不足,
9038,s==14|当日军团招募发布次数已达上限,
7001,s==9|暂未拥有该聊天气泡,
7002,s==7|聊天气泡已失效,
52,s==7|免费次数已用尽,
61156,s==23|需玩家30级且战力排行前50方可对武将进行评论,
61157,s==6|商店等级不足,
61158,s==5|悬赏不存在,
61159,s==6|挑战次数不足,
61160,s==6|悬赏已被缉拿,
61161,s==15|只有军团长和副团长才可发布悬赏,
61162,s==14|军团成员挑战军团敌将次数不足,
61163,s==7|挑战次数冷却中,
61164,s==12|今日额外购买次数已达上限,
61165,s==13|通缉期限已过，该悬赏已失效,
61166,s==20|该城池不归属于我方（同盟）势力，无法迁移,
61167,s==13|无法迁移至其他势力的大本营,
61168,s==17|该城池处于被包围状态，无法进行调遣,
61169,s==21|该城池无链通我方大本营的道路，无法进行迁移,
61170,s==9|无法进攻本势力城池,
61171,s==7|无法进攻大本营,
61172,s==9|无法进攻同盟的城池,
61173,s==15|需要前往相邻的城池方可进行攻打,
61174,s==15|100级后即可查看跨区玩家信息,
61175,s==8|神兽背包格子不足,
61176,s==11|当前战马培养度达到最大,
61177,s==6|培养物品不足,
61178,s==7|培养物品达上限,
61179,s==13|不可抢夺自己军团成员的矿洞,
61180,s==12|今日添加好友数量已达上限,
9039,s==14|修改军团公告次数当日已达上限,
61181,s==23|对方今日添加好友次数已达上限，部分好友添加失败,
61182,s==12|解锁发言所需军团贡献不足,
61183,s==7|幻境仙门已结束,
61184,s==7|所需紫玉钥不足,
61185,s==6|所需元宝不足,
61189,s==16|当前已无剩余点金次数，请等待刷新,
61190,s==10|一键点金所需元宝不足,
61191,s==15|已参与布阵，请主公先下阵该武将,
61192,s==14|神将录 - 达到当前等级上限,
61193,s==7|所需寻风珠不足,
61194,s==20|军团每日幻境仙门更新中，主公请稍后再来哦,
61195,s==9|所需军团等级不足哦,
61196,s==19|军团幻境仙门还未开启，主公请明天再来吧,
61197,s==6|格子位置错误,
61198,s==5|格子不可见,
61199,s==8|格子事件类型错误,
61200,s==7|格子事件已完成,
61201,s==30|亲爱的主公，今天的军团幻境仙门已经结束了哦，请明天再来挑战吧,
61202,s==13|军团每日幻境仙门初始化异常,
61203,s==7|未找到对应章节,
61204,s==8|该关卡还不能跳过,
61205,s==6|引动路线错误,
61206,s==5|奖励已领取,
61207,s==6|奖励尚未解锁,
61208,s==10|军团每日探宝尚未通关,
61209,s==12|今天的军团每日探宝已结束,
61210,s==6|武将全部阵亡,
61211,s==5|奖励已领取,
61212,s==6|奖励尚未解锁,
61213,s==8|请添加物品到福袋,
61214,s==14|请重新选择物品并添加到福袋上,
61215,s==8|剩余购买次数不足,
61216,s==6|功绩已消耗完,
61217,s==6|需求武将不足,
61218,s==6|敌军数据错误,
61219,s==10|英雄觉醒皮肤不能分解,
61220,s==8|普通皮肤不能觉醒,
61221,s==6|自动接取成功,
61223,s==7|所需寻宝铲不足,
61224,s==10|该奖励不是本阶段奖励,
61225,s==5|商品不存在,
61227,s==9|矿场结算中，请稍后,
76000,s==10|比武大会竞猜ID错误,
76001,s==11|点赞时间已过，不可点赞,
76002,s==8|点赞所需元宝不足,
76003,s==8|点赞所需铜钱不足,
76004,s==16|该红包已经抢过了，主公不要太贪心,
76005,s==18|在18点到20点20分内不可改变阵型,
76006,s==6|红包领取成功,
76007,s==16|该红包已经过期啦，主公下次早点哦,
76008,s==18|该红包已经过期笑死啦，主公下次早点哦,
76009,s==13|今日已签到，主公请明日再来,
76010,s==5|已完成签到,
76011,s==10|战马技能不能全部锁定,
9040,s==9|该军团头像暂未解锁,
9041,s==8|该军团头像已失效,
76013,s==6|挑战的是自己,
76014,s==8|请先设置心仪奖励,
76015,s==10|今日分享次数已达上限,
9042,s==12|军团头像切换冷却时间未到,
76012,s==14|本次帝王发出的比武邀请已过期,
76016,s==22|每日雇佣的好友武将，只可进行2次PVP战斗噢,
76017,s==14|乾坤探宝 - 探宝活动已结束,
76018,s==12|乾坤探宝 - 探宝券不足,
76019,s==13|乾坤探宝 - 探宝元宝不足,
76020,s==17|主公，今天更换了军团，请明天再来吧,
76021,s==6|点火次数不足,
76022,s==14|跨服活动马上开启，请稍后再来,
76023,s==11|已突破关卡不可重复挑战,
76024,s==8|请先突破上一关卡,
76025,s==10|挑战关卡所需等级不足,
76026,s==7|不满足挑战需求,
76027,s==10|送花活跃赠送次数不足,
76028,s==6|武将站位错误,
76029,s==4|次数不足,
76030,s==5|奖励已领取,
76031,s==6|奖励尚未解锁,
76032,s==8|不可频繁分享战报,
76033,s==7|已拥有相同战魂,
76034,s==8|装备精炼道具不足,
76035,s==10|装备精炼重置元宝不足,
76036,s==10|兑换的物品不在日期内,
76037,s==6|兑换武将失败,
76038,s==6|不可频繁切磋,
76039,s==6|不可频繁刷新,
76040,s==9|武将等级突破未开启,
76041,s==11|已达到当前最高等级上限,
76042,s==12|轩辕宫武将不能进行此操作,
76043,s==6|修改省份错误,
76044,s==7|省份和城市错误,
76045,s==7|不在时间范围内,
76046,s==4|箭矢不足,
76047,s==14|轩辕宫传承武将不能进行此操作,
76049,s==6|玉玺等级不足,
76050,s==5|系统未开启,
76051,s==8|当前阶段不可战斗,
76053,s==6|建筑血量已满,
76054,s==8|建筑不可进行修复,
76055,s==15|修复的建筑与自己所在格子不相邻,
76056,s==5|修复冷却中,
76057,s==7|建筑已经被摧毁,
76058,s==9|只能攻打相邻的建筑,
76059,s==5|攻打冷却中,
76060,s==13|只能攻打同一个格子上的玩家,
76061,s==12|该玩家和自己是同一方势力,
76062,s==10|受保护状态，不可攻打,
76063,s==9|您的职责是守护龙柱,
76064,s==6|请先进行布阵,
76065,s==11|军团长才可以设置集结点,
76066,s==11|集结点设置数量超过限制,
76067,s==23|退出军团请求失败,双城之战活动期间不可退出军团,
76068,s==7|挑战次数已用完,
76069,s==4|布阵错误,
76070,s==7|购买次数已用完,
76071,s==13|玩家所在军团没有参加此玩法,
76072,s==5|建筑不存在,
54018,s==7|VIP等级不足,
54019,s==6|所需元宝不足,
54020,s==8|挑战次数已达上限,
76076,s==5|纵横券不足,
76077,s==5|游戏进行中,
76078,s==5|活动未开启,
76079,s==7|请等待活动开始,
76080,s==5|活动已结束,
76081,s==9|龙门斗阵玩法未开启,
76082,s==9|本期龙门斗阵已结束,
76083,s==16|本层已通关，重置本层后可再次挑战,
76084,s==10|通关本层后解锁下一层,
76085,s==10|至少需要上阵一个武将,
76086,s==7|未选择助阵武将,
76087,s==18|增益点不足，击杀敌军阵营可获得增益点,
76088,s==12|该符文不可穿戴到当前位置,
76089,s==5|符文已满级,
76090,s==11|该符文不能用于强化消耗,
76091,s==7|该位置没有符文,
76092,s==6|升星资源不足,
76093,s==7|该符文不可升星,
76094,s==10|升星消耗符文数量有误,
76095,s==10|升星消耗符文品质有误,
76096,s==7|该符文不可升品,
76097,s==6|升品资源不足,
76098,s==8|该符文不允许置换,
76099,s==7|符文定义未找到,
76100,s==8|符文置换消耗不足,
76101,s==8|该符文不允许重置,
76102,s==8|该位置未装备符文,
76103,s==10|洗练不能锁定所有位置,
76104,s==9|该位置还未进行洗练,
76105,s==6|符文品质不足,
76106,s==9|突破次数已达最大值,
76107,s==10|洗练属性品质数量不足,
76108,s==7|符文道具不存在,
76109,s==5|武将不存在,
76110,s==17|洗练所选特殊道具种类数量超过最大值,
76111,s==6|洗练道具不足,
76112,s==10|洗练继承石道具不存在,
76113,s==5|不允许继承,
76114,s==8|该符文不允许分解,
76115,s==16|双城之战玩法开启中，不可解散军团,
8024,s==8|请先选取心仪奖励,
76116,s==5|皮肤已解锁,
76117,s==6|该军阵已解锁,
76118,s==6|已选择该军阵,
76119,s==8|军阵数量已达上限,
76120,s==5|军阵未解锁,
76121,s==8|该武将已在阵眼上,
76122,s==6|请先选择军阵,
76123,s==5|未激活皮肤,
76124,s==6|不是觉醒皮肤,
76125,s==4|阵营错误,
76126,s==13|该阵法包含了相同的护卫道具,
76127,s==11|包裹空间不足，无法祭祀,
73128,s==8|兑换冷却时间未到,
76129,s==13|国战玩家设置了不允许被派遣,
20018,s==9|已领取过同类型礼包,
76134,s==10|回归活动没有抽奖次数,
76135,s==6|所需消耗不足,
76136,s==13|主公没有权限扩展军团人数哦,
33024,s==13|该品质船只不可邀请好友支援,
33025,s==10|邀请护卫次数已达上限,
33026,s==12|该好友战力不符合支援要求,
76137,s==10|本周雇佣次数已达上限,
76140,s==8|加入军团战力不足,
76141,s==16|国战玩家设置了仅本军团玩家可派遣,
76142,s==11|国战购买攻城令元宝不足,
76143,s==11|国战购买攻城令次数不足,
76144,s==21|移出军团失败,双城之战活动期间不可移出成员,
76138,s==6|请先派遣武将,
76139,s==6|皮肤类型错误,
61228,s==10|请选择完整的战力范围,
61229,s==19|当前军团处于禁止修改公告，请联系客服！,
76145,s==7|未找到灵兽道具,
76146,s==8|灵兽等级已达上限,
76147,s==7|该灵兽不可转化,
76148,s==7|武将未装备灵兽,
76149,s==7|请选择升星道具,
76150,s==6|灵兽不可重置,
76151,s==4|积分不足,
76152,s==8|升星消耗数量有误,
76153,s==8|升星消耗道具有误,
76154,s==13|灵兽预告符灵珠点已全部解锁,
76155,s==10|灵兽被动技能槽位不足,
76156,s==9|该灵兽未学习此技能,
76157,s==11|包裹空间不足，无法孵化,
76158,s==11|灵兽属性技能槽位未解锁,
76159,s==12|请选择正确的灵兽属性技能,
9043,s==12|该军团名字不符合字数要求,
9044,s==12|该军团宣言不符合字数要求,
76171,s==6|主公元宝不足,
76172,s==10|今日已达购买次数上限,
76173,s==5|奖励已领取,
76174,s==6|挑战次数不足,
76175,s==7|当前无对手数据,
76176,s==9|当前时间不是挑战期,
76177,s==18|当前段位暂无对手，主公稍后再来挑战吧,
76181,s==19|队伍上阵武将不足，主公布阵后再来挑战吧,
76183,s==8|个人收藏已达上限,
76184,s==7|无双系统未开启,
76185,s==11|星点类型为指定属性类型,
76186,s==9|该星点属性组已存在,
76197,s==9|该星点已达到最高级,
76198,s==7|星图总等级不足,
76301,s==8|不在竞猜时间段内,
76302,s==9|竞猜场次没有该队伍,
76303,s==3|已竞猜,
76304,s==8|兑换次数已达上限,
76305,s==11|比赛已出结果，不可竞猜,
4129,s==13|君主府武将没有传承不能上阵,
54013,s==5|奖励已领取,
76161,s==10|请选择相同品质的灵兽,
76162,s==6|该灵兽已锁定,
76163,s==8|请完成灵兽台预告,
76401,s==7|上架位已达上限,
76402,s==8|该灵兽上架冷却中,
76403,s==15|单次加价需满足该资质的最低下限,
76404,s==9|该神兽不可上架出售,
76405,s==8|竞价与一口价一致,
76406,s==5|奖励已领取,
76407,s==6|当前积分不足,
76408,s==6|拍卖场维护中,
76409,s==6|灵兽背包已满,
9045,s==13|合服后可再扩展军团人数上限,
76210,s==8|该将印为专属将印,
76211,s==7|该将印不可升品,
76212,s==7|该将印不可回溯,
761220,s==6|该武将不可选,
761221,s==5|已选择武将,
76411,s==14|当前灵兽状态变动，请稍后再试,
76413,s==6|武将星级不足,
76415,s==13|珍宝拍卖期间该商品不能下架,
76416,s==7|活动正在结算中,
76500,s==4|材料不足,
76501,s==6|升级材料不足,
76235,s==6|专属幻武不足,
76236,s==14|专属幻武道具已强化至最高等级,
76237,s==13|专属幻武道具已升至最高星级,
76238,s==8|未穿戴主专属幻武,
76239,s==5|槽位未解锁,
76240,s==8|卸下专属幻武异常,
76241,s==6|幻灵技能异常,
76242,s==9|幻灵技能槽位未解锁,
76243,s==8|该专属幻武锁定中,
76244,s==13|该专属幻武品质过高无法分解,
76245,s==13|继承前后专属幻武品质不一致,
76246,s==8|初始等级无法重置,
76247,s==8|初始星级无法重置,
76248,s==5|预告已解锁,
76249,s==8|该幻灵技能已装备,
76502,s==9|该商品暂时无法兑换,
76250,s==6|该幻武未激活,
76251,s==14|护佑仅可穿戴橙色品质以上幻武,
76260,s==14|今日终身卡奖励已通过邮件发放,
76504,s==5|非虚空武将,
76505,s==11|虚空武将不能进行此操作,
76506,s==17|被虚空武将链接的武将不能进行此操作,
76507,s==16|链接的武将已被其他虚空武将链接了,
76508,s==12|链接的武将不符合链接要求,
76509,s==9|虚空武将未链接武将,
76510,s==15|虚空武将无法与链接对象同时上阵,
76511,s==6|已拥有该武将,
76512,s==8|体验武将不能派遣,
76513,s==10|体验武将不能单独上阵,
76530,s==8|历史挑战次数不足,
55,s==7|不在挑战时间内,
76520,s==7|未找到对应列侯,
76521,s==10|封侯升级还在倒计时中,
76522,s==10|当前封侯不可缩短时间,
76531,s==9|封侯进行中，请稍候,
76532,s==7|找不到内丹数据,
76533,s==6|请卸下副内丹,
76534,s==5|品质不匹配,
76535,s==6|已达最高品质,
76546,s==6|内丹合成失败,
76547,s==6|道具类型错误,
76548,s==8|该槽位上已有内丹,
76549,s==5|内丹已锁定,
76550,s==5|请卸下内丹,
76523,s==11|锻造次数不满足升级条件,
76551,s==9|未找到对应龙脉精魄,
