id,openCondition,warPowerLow,warPowerMax,duplicate-key-1,duplicate-value-1,duplicate-key-2,duplicate-value-2,duplicate-key-3,duplicate-value-3,duplicate-key-4,duplicate-value-4,duplicate-key-5,duplicate-value-5,duplicate-key-6,duplicate-value-6,
1,1,0,2500000,1,30,2,30,3,15,4,15,5,6,6,4,
2,2,2500001,5000001,1,29,2,29,3,15,4,15,5,6,6,6,
3,3,5000001,8000000,1,28,2,28,3,15,4,15,5,6,6,8,
4,4,8000001,13000000,1,27,2,27,3,15,4,15,5,6,6,10,
5,5,13000001,20000000,1,26,2,26,3,15,4,15,5,6,6,12,
6,6,20000001,30000000,1,25,2,25,3,15,4,15,5,6,6,14,
7,7,30000001,0,1,24,2,24,3,15,4,15,5,6,6,16,
