id,taskName,targetType,targetId,targetNum,ratio,reward-type-1,reward-id-1,reward-value-1,reward-type-2,reward-id-2,reward-value-2,
1,s==31|个人挑战累计造成伤害<color=#ffd800>1</c>亿,673,0,100000,1000,2,1007,3,1,8,100000,
2,s==31|个人挑战累计造成伤害<color=#ffd800>3</c>亿,673,0,300000,1000,2,1001,500,1,8,150000,
3,s==32|个人挑战累计造成伤害<color=#ffd800>10</c>亿,673,0,1000000,1000,2,1003,3,1,8,200000,
4,s==32|个人挑战累计造成伤害<color=#ffd800>20</c>亿,673,0,2000000,1000,2,1014,1,1,8,250000,
6,s==30|个人累计挑战卑弥呼<color=#ffd800>1</c>次,674,0,1,1,2,1007,3,1,8,100000,
7,s==30|个人累计挑战卑弥呼<color=#ffd800>3</c>次,674,0,3,1,2,1001,500,1,8,150000,
8,s==30|个人累计挑战卑弥呼<color=#ffd800>5</c>次,674,0,5,1,2,1003,3,1,8,200000,
9,s==30|个人累计挑战卑弥呼<color=#ffd800>8</c>次,674,0,8,1,2,1014,1,1,8,250000,
10,s==31|个人累计挑战卑弥呼<color=#ffd800>10</c>次,674,0,10,1,2,1004,1,1,8,300000,
