id,taskName,targetType,targetId,targetNum,reward-type-1,reward-id-1,reward-value-1,reward-type-2,reward-id-2,reward-value-2,
1,s==27|攻打任意据点<color=#ffd800>1</c>次,675,0,1,1,17,50,1,8,25000,
2,s==27|攻打任意据点<color=#ffd800>5</c>次,675,0,5,1,17,100,1,8,50000,
3,s==28|攻打任意据点<color=#ffd800>10</c>次,675,0,10,1,17,150,1,8,75000,
4,s==30|累计获得<color=#ffd800>10</c>点活动积分,676,0,10,1,17,50,1,8,25000,
5,s==30|累计获得<color=#ffd800>20</c>点活动积分,676,0,20,1,17,100,1,8,50000,
6,s==30|累计获得<color=#ffd800>30</c>点活动积分,676,0,30,1,17,150,1,8,75000,
7,s==27|累计挑战敌方<color=#ffd800>1</c>次,677,0,1,1,17,50,1,8,25000,
8,s==27|累计挑战敌方<color=#ffd800>5</c>次,677,0,5,1,17,100,1,8,50000,
9,s==28|累计挑战敌方<color=#ffd800>10</c>次,677,0,10,1,17,150,1,8,75000,
