buildingType,mark,name,hp,hefuUnmatchedCd,bloodValue,onceDamage,challengeCd,expendActive,score,lastScore,repair,mendCd,peopleName,icon,messageIcon,effect,deadIconSp,defEff,awayEff,durationEff,repEff,qianwangSite,deadEffect,aheadGuard,offsetPlace1,rearGuard,offsetPlace2,
1,s==2|关隘,s==3|剑门关,200,0,0,1,3,1,1,20,1,5,10,33,33,,14,,,,,,5000007,22101|22101,-60,46|-60,-10,22101|22101,60,46|60,-10,
2,s==3|城池1,s==3|玄武门,200,0,0,1,3,1,1,20,1,5,10,4,84,,41,,,,,121|213,,,,,,
3,s==2|龙柱,s==2|龙柱,800,10,10,1,3,1,1,40,1,5,10,32,32,26,32,24,25,27,,128|220,5000009,,,,,
4,s==3|城池2,s==3|霸下门,200,0,0,1,3,1,1,20,1,5,10,37,84,,42,,,,,213|121,5000008,,,,,
5,s==3|关隘2,s==3|玉门关,200,0,0,1,3,1,1,20,1,5,10,40,33,,43,,,,,,5000007,22101|22101,-60,46|-60,-10,22101|22101,60,46|60,-10,
