id,tecPlace,lightenNum,chapter,consumes-type-1,consumes-id-1,consumes-value-1,consumes-type-2,consumes-id-2,consumes-value-2,
1,1,1,322,2,1001,200,1,10,3000000,
2,1,2,322,2,1001,220,1,10,3200000,
3,1,3,322,2,1001,240,1,10,3400000,
4,1,4,322,2,1001,260,1,10,3600000,
5,1,5,322,2,1001,280,1,10,3800000,
6,1,6,328,2,1001,300,1,10,4000000,
7,1,7,334,2,1001,320,1,10,4200000,
8,1,8,340,2,1001,340,1,10,4400000,
9,1,9,346,2,1001,360,1,10,4600000,
10,1,10,352,2,1001,380,1,10,4800000,
11,1,11,358,2,1001,400,1,10,5000000,
12,1,12,364,2,1001,420,1,10,5200000,
13,1,13,370,2,1001,440,1,10,5400000,
14,1,14,376,2,1001,460,1,10,5600000,
15,1,15,382,2,1001,480,1,10,5800000,
16,1,16,388,2,1001,500,1,10,6000000,
17,1,17,394,2,1001,520,1,10,6200000,
18,1,18,400,2,1001,540,1,10,6400000,
19,1,19,406,2,1001,560,1,10,6600000,
20,1,20,412,2,1001,580,1,10,6800000,
21,1,21,418,2,1001,600,1,10,7000000,
22,1,22,424,2,1001,620,1,10,7200000,
23,1,23,430,2,1001,640,1,10,7400000,
24,1,24,436,2,1001,660,1,10,7600000,
25,1,25,442,2,1001,680,1,10,7800000,
26,1,26,448,2,1001,700,1,10,8000000,
27,1,27,454,2,1001,720,1,10,8200000,
28,1,28,460,2,1001,740,1,10,8400000,
29,1,29,466,2,1001,760,1,10,8600000,
30,1,30,472,2,1001,780,1,10,8800000,
31,1,31,478,2,1001,800,1,10,9000000,
32,1,32,484,2,1001,820,1,10,9200000,
33,1,33,490,2,1001,840,1,10,9400000,
34,1,34,496,2,1001,860,1,10,9600000,
35,1,35,502,2,1001,880,1,10,9800000,
36,1,36,508,2,1001,900,1,10,10000000,
37,1,37,514,2,1001,920,1,10,10200000,
38,1,38,520,2,1001,940,1,10,10400000,
39,1,39,526,2,1001,960,1,10,10600000,
40,1,40,532,2,1001,980,1,10,10800000,
41,1,41,538,2,1001,1000,1,10,11000000,
42,1,42,544,2,1001,1020,1,10,11200000,
43,1,43,550,2,1001,1040,1,10,11400000,
44,1,44,556,2,1001,1060,1,10,11600000,
45,1,45,562,2,1001,1080,1,10,11800000,
46,1,46,568,2,1001,1100,1,10,12000000,
47,1,47,574,2,1001,1120,1,10,12200000,
48,1,48,580,2,1001,1140,1,10,12400000,
49,1,49,586,2,1001,1160,1,10,12600000,
50,1,50,592,2,1001,1180,1,10,12800000,
51,1,51,598,2,1001,1200,1,10,13000000,
52,1,52,604,2,1001,1220,1,10,13200000,
53,1,53,610,2,1001,1240,1,10,13400000,
54,1,54,616,2,1001,1260,1,10,13600000,
55,1,55,627,2,1001,1280,1,10,13800000,
56,1,56,633,2,1001,1300,1,10,14000000,
57,1,57,639,2,1001,1320,1,10,14200000,
58,1,58,645,2,1001,1340,1,10,14400000,
59,1,59,651,2,1001,1360,1,10,14600000,
60,1,60,657,2,1001,1380,1,10,14800000,
61,1,61,663,2,1001,1400,1,10,15000000,
62,1,62,669,2,1001,1420,1,10,15200000,
63,1,63,675,2,1001,1440,1,10,15400000,
64,1,64,687,2,1001,1460,1,10,15600000,
65,1,65,699,2,1001,1480,1,10,15800000,
66,1,66,711,2,1001,1500,1,10,16000000,
67,1,67,723,2,1001,1520,1,10,16200000,
68,1,68,735,2,1001,1540,1,10,16400000,
69,1,69,747,2,1001,1560,1,10,16600000,
70,1,70,759,2,1001,1580,1,10,16800000,
71,2,1,322,2,1001,200,1,10,3000000,
72,2,2,322,2,1001,220,1,10,3200000,
73,2,3,322,2,1001,240,1,10,3400000,
74,2,4,322,2,1001,260,1,10,3600000,
75,2,5,322,2,1001,280,1,10,3800000,
76,2,6,328,2,1001,300,1,10,4000000,
77,2,7,334,2,1001,320,1,10,4200000,
78,2,8,340,2,1001,340,1,10,4400000,
79,2,9,346,2,1001,360,1,10,4600000,
80,2,10,352,2,1001,380,1,10,4800000,
81,2,11,358,2,1001,400,1,10,5000000,
82,2,12,364,2,1001,420,1,10,5200000,
83,2,13,370,2,1001,440,1,10,5400000,
84,2,14,376,2,1001,460,1,10,5600000,
85,2,15,382,2,1001,480,1,10,5800000,
86,2,16,388,2,1001,500,1,10,6000000,
87,2,17,394,2,1001,520,1,10,6200000,
88,2,18,400,2,1001,540,1,10,6400000,
89,2,19,406,2,1001,560,1,10,6600000,
90,2,20,412,2,1001,580,1,10,6800000,
91,2,21,418,2,1001,600,1,10,7000000,
92,2,22,424,2,1001,620,1,10,7200000,
93,2,23,430,2,1001,640,1,10,7400000,
94,2,24,436,2,1001,660,1,10,7600000,
95,2,25,442,2,1001,680,1,10,7800000,
96,2,26,448,2,1001,700,1,10,8000000,
97,2,27,454,2,1001,720,1,10,8200000,
98,2,28,460,2,1001,740,1,10,8400000,
99,2,29,466,2,1001,760,1,10,8600000,
100,2,30,472,2,1001,780,1,10,8800000,
101,2,31,478,2,1001,800,1,10,9000000,
102,2,32,484,2,1001,820,1,10,9200000,
103,2,33,490,2,1001,840,1,10,9400000,
104,2,34,496,2,1001,860,1,10,9600000,
105,2,35,502,2,1001,880,1,10,9800000,
106,2,36,508,2,1001,900,1,10,10000000,
107,2,37,514,2,1001,920,1,10,10200000,
108,2,38,520,2,1001,940,1,10,10400000,
109,2,39,526,2,1001,960,1,10,10600000,
110,2,40,532,2,1001,980,1,10,10800000,
111,2,41,538,2,1001,1000,1,10,11000000,
112,2,42,544,2,1001,1020,1,10,11200000,
113,2,43,550,2,1001,1040,1,10,11400000,
114,2,44,556,2,1001,1060,1,10,11600000,
115,2,45,562,2,1001,1080,1,10,11800000,
116,2,46,568,2,1001,1100,1,10,12000000,
117,2,47,574,2,1001,1120,1,10,12200000,
118,2,48,580,2,1001,1140,1,10,12400000,
119,2,49,586,2,1001,1160,1,10,12600000,
120,2,50,592,2,1001,1180,1,10,12800000,
121,2,51,598,2,1001,1200,1,10,13000000,
122,2,52,604,2,1001,1220,1,10,13200000,
123,2,53,610,2,1001,1240,1,10,13400000,
124,2,54,616,2,1001,1260,1,10,13600000,
125,2,55,627,2,1001,1280,1,10,13800000,
126,2,56,633,2,1001,1300,1,10,14000000,
127,2,57,639,2,1001,1320,1,10,14200000,
128,2,58,645,2,1001,1340,1,10,14400000,
129,2,59,651,2,1001,1360,1,10,14600000,
130,2,60,657,2,1001,1380,1,10,14800000,
131,2,61,663,2,1001,1400,1,10,15000000,
132,2,62,669,2,1001,1420,1,10,15200000,
133,2,63,675,2,1001,1440,1,10,15400000,
134,2,64,687,2,1001,1460,1,10,15600000,
135,2,65,699,2,1001,1480,1,10,15800000,
136,2,66,711,2,1001,1500,1,10,16000000,
137,2,67,723,2,1001,1520,1,10,16200000,
138,2,68,735,2,1001,1540,1,10,16400000,
139,2,69,747,2,1001,1560,1,10,16600000,
140,2,70,759,2,1001,1580,1,10,16800000,
141,3,1,322,2,1001,200,1,10,3000000,
142,3,2,322,2,1001,220,1,10,3200000,
143,3,3,322,2,1001,240,1,10,3400000,
144,3,4,322,2,1001,260,1,10,3600000,
145,3,5,322,2,1001,280,1,10,3800000,
146,3,6,328,2,1001,300,1,10,4000000,
147,3,7,334,2,1001,320,1,10,4200000,
148,3,8,340,2,1001,340,1,10,4400000,
149,3,9,346,2,1001,360,1,10,4600000,
150,3,10,352,2,1001,380,1,10,4800000,
151,3,11,358,2,1001,400,1,10,5000000,
152,3,12,364,2,1001,420,1,10,5200000,
153,3,13,370,2,1001,440,1,10,5400000,
154,3,14,376,2,1001,460,1,10,5600000,
155,3,15,382,2,1001,480,1,10,5800000,
156,3,16,388,2,1001,500,1,10,6000000,
157,3,17,394,2,1001,520,1,10,6200000,
158,3,18,400,2,1001,540,1,10,6400000,
159,3,19,406,2,1001,560,1,10,6600000,
160,3,20,412,2,1001,580,1,10,6800000,
161,3,21,418,2,1001,600,1,10,7000000,
162,3,22,424,2,1001,620,1,10,7200000,
163,3,23,430,2,1001,640,1,10,7400000,
164,3,24,436,2,1001,660,1,10,7600000,
165,3,25,442,2,1001,680,1,10,7800000,
166,3,26,448,2,1001,700,1,10,8000000,
167,3,27,454,2,1001,720,1,10,8200000,
168,3,28,460,2,1001,740,1,10,8400000,
169,3,29,466,2,1001,760,1,10,8600000,
170,3,30,472,2,1001,780,1,10,8800000,
171,3,31,478,2,1001,800,1,10,9000000,
172,3,32,484,2,1001,820,1,10,9200000,
173,3,33,490,2,1001,840,1,10,9400000,
174,3,34,496,2,1001,860,1,10,9600000,
175,3,35,502,2,1001,880,1,10,9800000,
176,3,36,508,2,1001,900,1,10,10000000,
177,3,37,514,2,1001,920,1,10,10200000,
178,3,38,520,2,1001,940,1,10,10400000,
179,3,39,526,2,1001,960,1,10,10600000,
180,3,40,532,2,1001,980,1,10,10800000,
181,3,41,538,2,1001,1000,1,10,11000000,
182,3,42,544,2,1001,1020,1,10,11200000,
183,3,43,550,2,1001,1040,1,10,11400000,
184,3,44,556,2,1001,1060,1,10,11600000,
185,3,45,562,2,1001,1080,1,10,11800000,
186,3,46,568,2,1001,1100,1,10,12000000,
187,3,47,574,2,1001,1120,1,10,12200000,
188,3,48,580,2,1001,1140,1,10,12400000,
189,3,49,586,2,1001,1160,1,10,12600000,
190,3,50,592,2,1001,1180,1,10,12800000,
191,3,51,598,2,1001,1200,1,10,13000000,
192,3,52,604,2,1001,1220,1,10,13200000,
193,3,53,610,2,1001,1240,1,10,13400000,
194,3,54,616,2,1001,1260,1,10,13600000,
195,3,55,627,2,1001,1280,1,10,13800000,
196,3,56,633,2,1001,1300,1,10,14000000,
197,3,57,639,2,1001,1320,1,10,14200000,
198,3,58,645,2,1001,1340,1,10,14400000,
199,3,59,651,2,1001,1360,1,10,14600000,
200,3,60,657,2,1001,1380,1,10,14800000,
201,3,61,663,2,1001,1400,1,10,15000000,
202,3,62,669,2,1001,1420,1,10,15200000,
203,3,63,675,2,1001,1440,1,10,15400000,
204,3,64,687,2,1001,1460,1,10,15600000,
205,3,65,699,2,1001,1480,1,10,15800000,
206,3,66,711,2,1001,1500,1,10,16000000,
207,3,67,723,2,1001,1520,1,10,16200000,
208,3,68,735,2,1001,1540,1,10,16400000,
209,3,69,747,2,1001,1560,1,10,16600000,
210,3,70,759,2,1001,1580,1,10,16800000,
211,4,1,322,2,1001,200,1,10,3000000,
212,4,2,322,2,1001,220,1,10,3200000,
213,4,3,322,2,1001,240,1,10,3400000,
214,4,4,322,2,1001,260,1,10,3600000,
215,4,5,322,2,1001,280,1,10,3800000,
216,4,6,328,2,1001,300,1,10,4000000,
217,4,7,334,2,1001,320,1,10,4200000,
218,4,8,340,2,1001,340,1,10,4400000,
219,4,9,346,2,1001,360,1,10,4600000,
220,4,10,352,2,1001,380,1,10,4800000,
221,4,11,358,2,1001,400,1,10,5000000,
222,4,12,364,2,1001,420,1,10,5200000,
223,4,13,370,2,1001,440,1,10,5400000,
224,4,14,376,2,1001,460,1,10,5600000,
225,4,15,382,2,1001,480,1,10,5800000,
226,4,16,388,2,1001,500,1,10,6000000,
227,4,17,394,2,1001,520,1,10,6200000,
228,4,18,400,2,1001,540,1,10,6400000,
229,4,19,406,2,1001,560,1,10,6600000,
230,4,20,412,2,1001,580,1,10,6800000,
231,4,21,418,2,1001,600,1,10,7000000,
232,4,22,424,2,1001,620,1,10,7200000,
233,4,23,430,2,1001,640,1,10,7400000,
234,4,24,436,2,1001,660,1,10,7600000,
235,4,25,442,2,1001,680,1,10,7800000,
236,4,26,448,2,1001,700,1,10,8000000,
237,4,27,454,2,1001,720,1,10,8200000,
238,4,28,460,2,1001,740,1,10,8400000,
239,4,29,466,2,1001,760,1,10,8600000,
240,4,30,472,2,1001,780,1,10,8800000,
241,4,31,478,2,1001,800,1,10,9000000,
242,4,32,484,2,1001,820,1,10,9200000,
243,4,33,490,2,1001,840,1,10,9400000,
244,4,34,496,2,1001,860,1,10,9600000,
245,4,35,502,2,1001,880,1,10,9800000,
246,4,36,508,2,1001,900,1,10,10000000,
247,4,37,514,2,1001,920,1,10,10200000,
248,4,38,520,2,1001,940,1,10,10400000,
249,4,39,526,2,1001,960,1,10,10600000,
250,4,40,532,2,1001,980,1,10,10800000,
251,4,41,538,2,1001,1000,1,10,11000000,
252,4,42,544,2,1001,1020,1,10,11200000,
253,4,43,550,2,1001,1040,1,10,11400000,
254,4,44,556,2,1001,1060,1,10,11600000,
255,4,45,562,2,1001,1080,1,10,11800000,
256,4,46,568,2,1001,1100,1,10,12000000,
257,4,47,574,2,1001,1120,1,10,12200000,
258,4,48,580,2,1001,1140,1,10,12400000,
259,4,49,586,2,1001,1160,1,10,12600000,
260,4,50,592,2,1001,1180,1,10,12800000,
261,4,51,598,2,1001,1200,1,10,13000000,
262,4,52,604,2,1001,1220,1,10,13200000,
263,4,53,610,2,1001,1240,1,10,13400000,
264,4,54,616,2,1001,1260,1,10,13600000,
265,4,55,627,2,1001,1280,1,10,13800000,
266,4,56,633,2,1001,1300,1,10,14000000,
267,4,57,639,2,1001,1320,1,10,14200000,
268,4,58,645,2,1001,1340,1,10,14400000,
269,4,59,651,2,1001,1360,1,10,14600000,
270,4,60,657,2,1001,1380,1,10,14800000,
271,4,61,663,2,1001,1400,1,10,15000000,
272,4,62,669,2,1001,1420,1,10,15200000,
273,4,63,675,2,1001,1440,1,10,15400000,
274,4,64,687,2,1001,1460,1,10,15600000,
275,4,65,699,2,1001,1480,1,10,15800000,
276,4,66,711,2,1001,1500,1,10,16000000,
277,4,67,723,2,1001,1520,1,10,16200000,
278,4,68,735,2,1001,1540,1,10,16400000,
279,4,69,747,2,1001,1560,1,10,16600000,
280,4,70,759,2,1001,1580,1,10,16800000,
281,5,1,322,2,1001,200,1,10,3000000,
282,5,2,322,2,1001,220,1,10,3200000,
283,5,3,322,2,1001,240,1,10,3400000,
284,5,4,322,2,1001,260,1,10,3600000,
285,5,5,322,2,1001,280,1,10,3800000,
286,5,6,328,2,1001,300,1,10,4000000,
287,5,7,334,2,1001,320,1,10,4200000,
288,5,8,340,2,1001,340,1,10,4400000,
289,5,9,346,2,1001,360,1,10,4600000,
290,5,10,352,2,1001,380,1,10,4800000,
291,5,11,358,2,1001,400,1,10,5000000,
292,5,12,364,2,1001,420,1,10,5200000,
293,5,13,370,2,1001,440,1,10,5400000,
294,5,14,376,2,1001,460,1,10,5600000,
295,5,15,382,2,1001,480,1,10,5800000,
296,5,16,388,2,1001,500,1,10,6000000,
297,5,17,394,2,1001,520,1,10,6200000,
298,5,18,400,2,1001,540,1,10,6400000,
299,5,19,406,2,1001,560,1,10,6600000,
300,5,20,412,2,1001,580,1,10,6800000,
301,5,21,418,2,1001,600,1,10,7000000,
302,5,22,424,2,1001,620,1,10,7200000,
303,5,23,430,2,1001,640,1,10,7400000,
304,5,24,436,2,1001,660,1,10,7600000,
305,5,25,442,2,1001,680,1,10,7800000,
306,5,26,448,2,1001,700,1,10,8000000,
307,5,27,454,2,1001,720,1,10,8200000,
308,5,28,460,2,1001,740,1,10,8400000,
309,5,29,466,2,1001,760,1,10,8600000,
310,5,30,472,2,1001,780,1,10,8800000,
311,5,31,478,2,1001,800,1,10,9000000,
312,5,32,484,2,1001,820,1,10,9200000,
313,5,33,490,2,1001,840,1,10,9400000,
314,5,34,496,2,1001,860,1,10,9600000,
315,5,35,502,2,1001,880,1,10,9800000,
316,5,36,508,2,1001,900,1,10,10000000,
317,5,37,514,2,1001,920,1,10,10200000,
318,5,38,520,2,1001,940,1,10,10400000,
319,5,39,526,2,1001,960,1,10,10600000,
320,5,40,532,2,1001,980,1,10,10800000,
321,5,41,538,2,1001,1000,1,10,11000000,
322,5,42,544,2,1001,1020,1,10,11200000,
323,5,43,550,2,1001,1040,1,10,11400000,
324,5,44,556,2,1001,1060,1,10,11600000,
325,5,45,562,2,1001,1080,1,10,11800000,
326,5,46,568,2,1001,1100,1,10,12000000,
327,5,47,574,2,1001,1120,1,10,12200000,
328,5,48,580,2,1001,1140,1,10,12400000,
329,5,49,586,2,1001,1160,1,10,12600000,
330,5,50,592,2,1001,1180,1,10,12800000,
331,5,51,598,2,1001,1200,1,10,13000000,
332,5,52,604,2,1001,1220,1,10,13200000,
333,5,53,610,2,1001,1240,1,10,13400000,
334,5,54,616,2,1001,1260,1,10,13600000,
335,5,55,627,2,1001,1280,1,10,13800000,
336,5,56,633,2,1001,1300,1,10,14000000,
337,5,57,639,2,1001,1320,1,10,14200000,
338,5,58,645,2,1001,1340,1,10,14400000,
339,5,59,651,2,1001,1360,1,10,14600000,
340,5,60,657,2,1001,1380,1,10,14800000,
341,5,61,663,2,1001,1400,1,10,15000000,
342,5,62,669,2,1001,1420,1,10,15200000,
343,5,63,675,2,1001,1440,1,10,15400000,
344,5,64,687,2,1001,1460,1,10,15600000,
345,5,65,699,2,1001,1480,1,10,15800000,
346,5,66,711,2,1001,1500,1,10,16000000,
347,5,67,723,2,1001,1520,1,10,16200000,
348,5,68,735,2,1001,1540,1,10,16400000,
349,5,69,747,2,1001,1560,1,10,16600000,
350,5,70,759,2,1001,1580,1,10,16800000,
351,6,1,322,2,1001,200,1,10,3000000,
352,6,2,322,2,1001,220,1,10,3200000,
353,6,3,322,2,1001,240,1,10,3400000,
354,6,4,322,2,1001,260,1,10,3600000,
355,6,5,322,2,1001,280,1,10,3800000,
356,6,6,328,2,1001,300,1,10,4000000,
357,6,7,334,2,1001,320,1,10,4200000,
358,6,8,340,2,1001,340,1,10,4400000,
359,6,9,346,2,1001,360,1,10,4600000,
360,6,10,352,2,1001,380,1,10,4800000,
361,6,11,358,2,1001,400,1,10,5000000,
362,6,12,364,2,1001,420,1,10,5200000,
363,6,13,370,2,1001,440,1,10,5400000,
364,6,14,376,2,1001,460,1,10,5600000,
365,6,15,382,2,1001,480,1,10,5800000,
366,6,16,388,2,1001,500,1,10,6000000,
367,6,17,394,2,1001,520,1,10,6200000,
368,6,18,400,2,1001,540,1,10,6400000,
369,6,19,406,2,1001,560,1,10,6600000,
370,6,20,412,2,1001,580,1,10,6800000,
371,6,21,418,2,1001,600,1,10,7000000,
372,6,22,424,2,1001,620,1,10,7200000,
373,6,23,430,2,1001,640,1,10,7400000,
374,6,24,436,2,1001,660,1,10,7600000,
375,6,25,442,2,1001,680,1,10,7800000,
376,6,26,448,2,1001,700,1,10,8000000,
377,6,27,454,2,1001,720,1,10,8200000,
378,6,28,460,2,1001,740,1,10,8400000,
379,6,29,466,2,1001,760,1,10,8600000,
380,6,30,472,2,1001,780,1,10,8800000,
381,6,31,478,2,1001,800,1,10,9000000,
382,6,32,484,2,1001,820,1,10,9200000,
383,6,33,490,2,1001,840,1,10,9400000,
384,6,34,496,2,1001,860,1,10,9600000,
385,6,35,502,2,1001,880,1,10,9800000,
386,6,36,508,2,1001,900,1,10,10000000,
387,6,37,514,2,1001,920,1,10,10200000,
388,6,38,520,2,1001,940,1,10,10400000,
389,6,39,526,2,1001,960,1,10,10600000,
390,6,40,532,2,1001,980,1,10,10800000,
391,6,41,538,2,1001,1000,1,10,11000000,
392,6,42,544,2,1001,1020,1,10,11200000,
393,6,43,550,2,1001,1040,1,10,11400000,
394,6,44,556,2,1001,1060,1,10,11600000,
395,6,45,562,2,1001,1080,1,10,11800000,
396,6,46,568,2,1001,1100,1,10,12000000,
397,6,47,574,2,1001,1120,1,10,12200000,
398,6,48,580,2,1001,1140,1,10,12400000,
399,6,49,586,2,1001,1160,1,10,12600000,
400,6,50,592,2,1001,1180,1,10,12800000,
401,6,51,598,2,1001,1200,1,10,13000000,
402,6,52,604,2,1001,1220,1,10,13200000,
403,6,53,610,2,1001,1240,1,10,13400000,
404,6,54,616,2,1001,1260,1,10,13600000,
405,6,55,627,2,1001,1280,1,10,13800000,
406,6,56,633,2,1001,1300,1,10,14000000,
407,6,57,639,2,1001,1320,1,10,14200000,
408,6,58,645,2,1001,1340,1,10,14400000,
409,6,59,651,2,1001,1360,1,10,14600000,
410,6,60,657,2,1001,1380,1,10,14800000,
411,6,61,663,2,1001,1400,1,10,15000000,
412,6,62,669,2,1001,1420,1,10,15200000,
413,6,63,675,2,1001,1440,1,10,15400000,
414,6,64,687,2,1001,1460,1,10,15600000,
415,6,65,699,2,1001,1480,1,10,15800000,
416,6,66,711,2,1001,1500,1,10,16000000,
417,6,67,723,2,1001,1520,1,10,16200000,
418,6,68,735,2,1001,1540,1,10,16400000,
419,6,69,747,2,1001,1560,1,10,16600000,
420,6,70,759,2,1001,1580,1,10,16800000,
421,7,1,322,2,1001,200,1,10,3000000,
422,7,2,322,2,1001,220,1,10,3200000,
423,7,3,322,2,1001,240,1,10,3400000,
424,7,4,322,2,1001,260,1,10,3600000,
425,7,5,322,2,1001,280,1,10,3800000,
426,7,6,328,2,1001,300,1,10,4000000,
427,7,7,334,2,1001,320,1,10,4200000,
428,7,8,340,2,1001,340,1,10,4400000,
429,7,9,346,2,1001,360,1,10,4600000,
430,7,10,352,2,1001,380,1,10,4800000,
431,7,11,358,2,1001,400,1,10,5000000,
432,7,12,364,2,1001,420,1,10,5200000,
433,7,13,370,2,1001,440,1,10,5400000,
434,7,14,376,2,1001,460,1,10,5600000,
435,7,15,382,2,1001,480,1,10,5800000,
436,7,16,388,2,1001,500,1,10,6000000,
437,7,17,394,2,1001,520,1,10,6200000,
438,7,18,400,2,1001,540,1,10,6400000,
439,7,19,406,2,1001,560,1,10,6600000,
440,7,20,412,2,1001,580,1,10,6800000,
441,7,21,418,2,1001,600,1,10,7000000,
442,7,22,424,2,1001,620,1,10,7200000,
443,7,23,430,2,1001,640,1,10,7400000,
444,7,24,436,2,1001,660,1,10,7600000,
445,7,25,442,2,1001,680,1,10,7800000,
446,7,26,448,2,1001,700,1,10,8000000,
447,7,27,454,2,1001,720,1,10,8200000,
448,7,28,460,2,1001,740,1,10,8400000,
449,7,29,466,2,1001,760,1,10,8600000,
450,7,30,472,2,1001,780,1,10,8800000,
451,7,31,478,2,1001,800,1,10,9000000,
452,7,32,484,2,1001,820,1,10,9200000,
453,7,33,490,2,1001,840,1,10,9400000,
454,7,34,496,2,1001,860,1,10,9600000,
455,7,35,502,2,1001,880,1,10,9800000,
456,7,36,508,2,1001,900,1,10,10000000,
457,7,37,514,2,1001,920,1,10,10200000,
458,7,38,520,2,1001,940,1,10,10400000,
459,7,39,526,2,1001,960,1,10,10600000,
460,7,40,532,2,1001,980,1,10,10800000,
461,7,41,538,2,1001,1000,1,10,11000000,
462,7,42,544,2,1001,1020,1,10,11200000,
463,7,43,550,2,1001,1040,1,10,11400000,
464,7,44,556,2,1001,1060,1,10,11600000,
465,7,45,562,2,1001,1080,1,10,11800000,
466,7,46,568,2,1001,1100,1,10,12000000,
467,7,47,574,2,1001,1120,1,10,12200000,
468,7,48,580,2,1001,1140,1,10,12400000,
469,7,49,586,2,1001,1160,1,10,12600000,
470,7,50,592,2,1001,1180,1,10,12800000,
471,7,51,598,2,1001,1200,1,10,13000000,
472,7,52,604,2,1001,1220,1,10,13200000,
473,7,53,610,2,1001,1240,1,10,13400000,
474,7,54,616,2,1001,1260,1,10,13600000,
475,7,55,627,2,1001,1280,1,10,13800000,
476,7,56,633,2,1001,1300,1,10,14000000,
477,7,57,639,2,1001,1320,1,10,14200000,
478,7,58,645,2,1001,1340,1,10,14400000,
479,7,59,651,2,1001,1360,1,10,14600000,
480,7,60,657,2,1001,1380,1,10,14800000,
481,7,61,663,2,1001,1400,1,10,15000000,
482,7,62,669,2,1001,1420,1,10,15200000,
483,7,63,675,2,1001,1440,1,10,15400000,
484,7,64,687,2,1001,1460,1,10,15600000,
485,7,65,699,2,1001,1480,1,10,15800000,
486,7,66,711,2,1001,1500,1,10,16000000,
487,7,67,723,2,1001,1520,1,10,16200000,
488,7,68,735,2,1001,1540,1,10,16400000,
489,7,69,747,2,1001,1560,1,10,16600000,
490,7,70,759,2,1001,1580,1,10,16800000,
491,8,1,322,2,1001,200,1,10,3000000,
492,8,2,322,2,1001,220,1,10,3200000,
493,8,3,322,2,1001,240,1,10,3400000,
494,8,4,322,2,1001,260,1,10,3600000,
495,8,5,322,2,1001,280,1,10,3800000,
496,8,6,328,2,1001,300,1,10,4000000,
497,8,7,334,2,1001,320,1,10,4200000,
498,8,8,340,2,1001,340,1,10,4400000,
499,8,9,346,2,1001,360,1,10,4600000,
500,8,10,352,2,1001,380,1,10,4800000,
501,8,11,358,2,1001,400,1,10,5000000,
502,8,12,364,2,1001,420,1,10,5200000,
503,8,13,370,2,1001,440,1,10,5400000,
504,8,14,376,2,1001,460,1,10,5600000,
505,8,15,382,2,1001,480,1,10,5800000,
506,8,16,388,2,1001,500,1,10,6000000,
507,8,17,394,2,1001,520,1,10,6200000,
508,8,18,400,2,1001,540,1,10,6400000,
509,8,19,406,2,1001,560,1,10,6600000,
510,8,20,412,2,1001,580,1,10,6800000,
511,8,21,418,2,1001,600,1,10,7000000,
512,8,22,424,2,1001,620,1,10,7200000,
513,8,23,430,2,1001,640,1,10,7400000,
514,8,24,436,2,1001,660,1,10,7600000,
515,8,25,442,2,1001,680,1,10,7800000,
516,8,26,448,2,1001,700,1,10,8000000,
517,8,27,454,2,1001,720,1,10,8200000,
518,8,28,460,2,1001,740,1,10,8400000,
519,8,29,466,2,1001,760,1,10,8600000,
520,8,30,472,2,1001,780,1,10,8800000,
521,8,31,478,2,1001,800,1,10,9000000,
522,8,32,484,2,1001,820,1,10,9200000,
523,8,33,490,2,1001,840,1,10,9400000,
524,8,34,496,2,1001,860,1,10,9600000,
525,8,35,502,2,1001,880,1,10,9800000,
526,8,36,508,2,1001,900,1,10,10000000,
527,8,37,514,2,1001,920,1,10,10200000,
528,8,38,520,2,1001,940,1,10,10400000,
529,8,39,526,2,1001,960,1,10,10600000,
530,8,40,532,2,1001,980,1,10,10800000,
531,8,41,538,2,1001,1000,1,10,11000000,
532,8,42,544,2,1001,1020,1,10,11200000,
533,8,43,550,2,1001,1040,1,10,11400000,
534,8,44,556,2,1001,1060,1,10,11600000,
535,8,45,562,2,1001,1080,1,10,11800000,
536,8,46,568,2,1001,1100,1,10,12000000,
537,8,47,574,2,1001,1120,1,10,12200000,
538,8,48,580,2,1001,1140,1,10,12400000,
539,8,49,586,2,1001,1160,1,10,12600000,
540,8,50,592,2,1001,1180,1,10,12800000,
541,8,51,598,2,1001,1200,1,10,13000000,
542,8,52,604,2,1001,1220,1,10,13200000,
543,8,53,610,2,1001,1240,1,10,13400000,
544,8,54,616,2,1001,1260,1,10,13600000,
545,8,55,627,2,1001,1280,1,10,13800000,
546,8,56,633,2,1001,1300,1,10,14000000,
547,8,57,639,2,1001,1320,1,10,14200000,
548,8,58,645,2,1001,1340,1,10,14400000,
549,8,59,651,2,1001,1360,1,10,14600000,
550,8,60,657,2,1001,1380,1,10,14800000,
551,8,61,663,2,1001,1400,1,10,15000000,
552,8,62,669,2,1001,1420,1,10,15200000,
553,8,63,675,2,1001,1440,1,10,15400000,
554,8,64,687,2,1001,1460,1,10,15600000,
555,8,65,699,2,1001,1480,1,10,15800000,
556,8,66,711,2,1001,1500,1,10,16000000,
557,8,67,723,2,1001,1520,1,10,16200000,
558,8,68,735,2,1001,1540,1,10,16400000,
559,8,69,747,2,1001,1560,1,10,16600000,
560,8,70,759,2,1001,1580,1,10,16800000,
561,9,1,322,2,1001,200,1,10,3000000,
562,9,2,322,2,1001,220,1,10,3200000,
563,9,3,322,2,1001,240,1,10,3400000,
564,9,4,322,2,1001,260,1,10,3600000,
565,9,5,322,2,1001,280,1,10,3800000,
566,9,6,328,2,1001,300,1,10,4000000,
567,9,7,334,2,1001,320,1,10,4200000,
568,9,8,340,2,1001,340,1,10,4400000,
569,9,9,346,2,1001,360,1,10,4600000,
570,9,10,352,2,1001,380,1,10,4800000,
571,9,11,358,2,1001,400,1,10,5000000,
572,9,12,364,2,1001,420,1,10,5200000,
573,9,13,370,2,1001,440,1,10,5400000,
574,9,14,376,2,1001,460,1,10,5600000,
575,9,15,382,2,1001,480,1,10,5800000,
576,9,16,388,2,1001,500,1,10,6000000,
577,9,17,394,2,1001,520,1,10,6200000,
578,9,18,400,2,1001,540,1,10,6400000,
579,9,19,406,2,1001,560,1,10,6600000,
580,9,20,412,2,1001,580,1,10,6800000,
581,9,21,418,2,1001,600,1,10,7000000,
582,9,22,424,2,1001,620,1,10,7200000,
583,9,23,430,2,1001,640,1,10,7400000,
584,9,24,436,2,1001,660,1,10,7600000,
585,9,25,442,2,1001,680,1,10,7800000,
586,9,26,448,2,1001,700,1,10,8000000,
587,9,27,454,2,1001,720,1,10,8200000,
588,9,28,460,2,1001,740,1,10,8400000,
589,9,29,466,2,1001,760,1,10,8600000,
590,9,30,472,2,1001,780,1,10,8800000,
591,9,31,478,2,1001,800,1,10,9000000,
592,9,32,484,2,1001,820,1,10,9200000,
593,9,33,490,2,1001,840,1,10,9400000,
594,9,34,496,2,1001,860,1,10,9600000,
595,9,35,502,2,1001,880,1,10,9800000,
596,9,36,508,2,1001,900,1,10,10000000,
597,9,37,514,2,1001,920,1,10,10200000,
598,9,38,520,2,1001,940,1,10,10400000,
599,9,39,526,2,1001,960,1,10,10600000,
600,9,40,532,2,1001,980,1,10,10800000,
601,9,41,538,2,1001,1000,1,10,11000000,
602,9,42,544,2,1001,1020,1,10,11200000,
603,9,43,550,2,1001,1040,1,10,11400000,
604,9,44,556,2,1001,1060,1,10,11600000,
605,9,45,562,2,1001,1080,1,10,11800000,
606,9,46,568,2,1001,1100,1,10,12000000,
607,9,47,574,2,1001,1120,1,10,12200000,
608,9,48,580,2,1001,1140,1,10,12400000,
609,9,49,586,2,1001,1160,1,10,12600000,
610,9,50,592,2,1001,1180,1,10,12800000,
611,9,51,598,2,1001,1200,1,10,13000000,
612,9,52,604,2,1001,1220,1,10,13200000,
613,9,53,610,2,1001,1240,1,10,13400000,
614,9,54,616,2,1001,1260,1,10,13600000,
615,9,55,627,2,1001,1280,1,10,13800000,
616,9,56,633,2,1001,1300,1,10,14000000,
617,9,57,639,2,1001,1320,1,10,14200000,
618,9,58,645,2,1001,1340,1,10,14400000,
619,9,59,651,2,1001,1360,1,10,14600000,
620,9,60,657,2,1001,1380,1,10,14800000,
621,9,61,663,2,1001,1400,1,10,15000000,
622,9,62,669,2,1001,1420,1,10,15200000,
623,9,63,675,2,1001,1440,1,10,15400000,
624,9,64,687,2,1001,1460,1,10,15600000,
625,9,65,699,2,1001,1480,1,10,15800000,
626,9,66,711,2,1001,1500,1,10,16000000,
627,9,67,723,2,1001,1520,1,10,16200000,
628,9,68,735,2,1001,1540,1,10,16400000,
629,9,69,747,2,1001,1560,1,10,16600000,
630,9,70,759,2,1001,1580,1,10,16800000,
