id,hint,
0,s==17|Thao tác thất bại,
1,s==19|Thao tác thành công,
2,s==31|Trong bao không có vật phẩm này,
3,s==36|Số lượng vật phẩm trong bao không đủ,
4,s==17|Số lượng sai lệch,
5,s==21|Không có vật phẩm này,
6,s==16|Yêu cầu phi pháp,
7,s==30|Vật phẩm này không thể sử dụng,
8,s==26|Vật phẩm này không thể bán,
9,s==35|Xin chủ công hãy tạo nhân vật trước,
10,s==45|Tài khoản này đã đăng nhập trên thiết bị khác,
11,s==37|Không thể gửi tin nhắn cho chính mình,
12,s==28|Không thể gửi tin nhắn trống,
13,s==36|Chủ công chưa mở kênh trò chuyện này,
14,s==31|Chủ công gửi tin nhắn quá nhanh,
15,s==40|Hệ thống trò chuyện của chủ công chưa mở,
16,s==42|Không thể gửi tin nhắn trong kênh hệ thống,
17,s==27|Tên tướng này không tồn tại,
18,s==21|KNB hiện tại không đủ,
19,s==25|Cấp VIP hiện tại không đủ,
20,s==41|Cấp bậc chưa đủ， xin chư vị cố gắng thêm.,
21,s==52|Hệ thống chưa khai mở， xin chủ công tiếp tục nỗ lực.,
22,s==43|Số lượng vật phẩm trong bao đã đạt giới hạn,
23,s==32|Chủ công chưa gia nhập quân đoàn,
24,s==27|Chủ công đã nhận thưởng rồi,
25,s==24|Đã đạt số lần mua tối đa,
26,s==23|Đã đạt cấp bậc cao nhất,
27,s==66|Mức độ hoạt động hiện tại chưa đủ， xin chủ công tiếp tục phấn đấu.,
28,s==56|Nguyên bảo hiện tại không đủ， xin đến giao diện nạp thẻ.,
29,s==63|Cấp thế giới hiện tại chưa đủ， chư vị chủ công còn cần cố gắng.,
30,s==35|Kinh nghiệm tướng hiện tại không đủ,
31,s==21|KNB hiện tại không đủ,
32,s==27|Đồng tiền hiện tại không đủ,
33,s==34|Chưa đạt số lần hoàn thành yêu cầu,
34,s==28|Vật phẩm đổi thưởng không đủ,
35,s==29|Mức nạp thẻ hiện tại không đủ,
36,s==31|Điểm tích lũy hiện tại không đủ,
37,s==17|Cấu hình sai lệch,
38,s==41|Tướng này đang trong trạng thái xuất trận,
39,s==20|Tướng này đã bị khóa,
40,s==15|Từ ngữ nhạy cảm,
41,s==33|Số lần thử thách còn lại không đủ,
42,s==39|Số lần thử thách hiện tại chưa dùng hết,
43,s==28|Các ải đã hoàn toàn vượt qua,
44,s==22|Trận chiến đã kết thúc,
45,s==24|Trận chiến chưa kết thúc,
46,s==24|Trận chiến không tồn tại,
47,s==17|Chưa mở đặc quyền,
48,s==19|Hiện tại bị cấm nói,
49,s==26|Bình luận anh hùng quá dài,
51,s==22|Số lần đã đạt giới hạn,
54,s==26|Số ngày mở máy chủ chưa đủ,
1000,s==30|Số lần làm mới đã đạt giới hạn,
2000,s==13|Không thể đổi,
3000,s==28|Trạng thái nhiệm vụ sai lệch,
4100,s==23|Tướng này không tồn tại,
4101,s==26|Sao tướng này dưới năm sao,
4102,s==34|Cấp độ vật liệu thăng sao sai lệch,
4103,s==35|Sao của vật liệu thăng sao sai lệch,
4104,s==40|Môn phái của vật liệu thăng sao sai lệch,
4105,s==34|Mẫu ID vật liệu thăng sao sai lệch,
4106,s==38|Số lượng Lệnh Tầm Bảo hiện có không đủ,
4107,s==42|Lỗi xuất hiện tướng ngẫu nhiên khi Tầm Bảo,
4108,s==38|Cấp VIP hiện tại của chủ công không đủ,
4109,s==49|Giá trị Tình Nghĩa hiện tại của chủ công không đủ,
4110,s==46|Điểm thăm viếng hiện tại của chủ công không đủ,
4111,s==41|KNB cần cho Tầm Bảo của chủ công không đủ,
4112,s==30|CODE bố trận hiện tại sai lệch,
4113,s==44|Số lượng tướng thường trong bố trận sai lệch,
4114,s==47|Số lượng tướng trợ chiến trong bố trận sai lệch,
4115,s==38|Số lượng Kỳ Mưu trong bố trận sai lệch,
4116,s==40|Số lượng Thần Khí trong bố trận sai lệch,
4117,s==35|Tướng không thể xuất trận trùng lặp,
4118,s==36|Kỳ Mưu không thể xuất trận trùng lặp,
4119,s==41|Sao cần thiết để thăng cấp tướng không đủ,
4120,s==39|Thông tin thư tịch xuất hiện bất thường,
4121,s==26|Chưa mở thư tịch tướng này,
4122,s==31|Chủ công đã nhận thưởng này rồi,
4123,s==28|Lỗi khi nhận thưởng thư tịch,
4124,s==35|Số ô trống trong bao tướng không đủ,
4125,s==36|Ít nhất phải có một võ tướng ra trận,
4126,s==31|KNB để quên chiến pháp không đủ,
4127,s==45|Anh hùng thiết lập lại cấp bậc không còn lượt,
4128,s==51|Chỉ có thể thiết lập lại anh hùng nâng cấp thủ công,
5000,s==36|Cấp bậc cần thiết để mở khóa chưa đủ,
5001,s==38|Lực chiến cần thiết để mở khóa chưa đủ,
5002,s==29|Phó bản này chưa được mở khóa,
5003,s==32|Lượt thử thách VIP thêm không đủ,
5004,s==32|Lượt thử thách hiện tại không đủ,
5005,s==34|Chưa sở hữu võ tướng trợ chiến này,
5006,s==37|Hôm nay đã phái đi võ tướng trợ chiến,
5007,s==39|Hữu hảo chưa phái đi võ tướng trợ chiến,
5008,s==26|Lựa chọn  lợi khởi đầu sai,
5009,s==48|Võ tướng trợ chiến của hữu hảo lực chiến quá cao,
5010,s==33|Máu chiến Trường Bản chưa vượt ải,
5011,s==40|Phần thưởng Máu chiến Trường Bản đã nhận,
5012,s==54|Hiện tại Máu chiến Trường Bản chưa có phần thưởng nhận,
5013,s==22|Lượt hồi sinh không đủ,
5014,s==27|Hôm nay đã thiết lập độ khó,
5015,s==31|Đội hình có võ tướng đã tử trận,
5016,s==48|Xếp hạng trường tập không đủ điều kiện thử thách,
5017,s==44|Lượt thử thách còn trong thời gian hồi chiêu,
5018,s==35|Tháp Thông Thiên tầng chưa vượt qua,
5019,s==29|Xin vượt qua ải tiền đề trước,
5020,s==34|Xin nhận phần thưởng tiền đề trước,
5021,s==31|Chủ công đã nhận thưởng này rồi,
5022,s==25|Lượt mua hiện có không đủ,
5023,s==21|KNB hiện tại không đủ,
5024,s==25|Lượt mua hiện có không đủ,
5025,s==38|Độ khó hiện tại vượt quá độ khó tối đa,
5026,s==32|Võ tướng hiện tại đều đã tử trận,
5027,s==25|Thần vị này đã chiếm lĩnh,
5028,s==29|Thần vị này đang bị thử thách,
5029,s==22|Chủ công xin bình tĩnh,
5030,s==28|Ngài đã là chủ tháp tầng này,
5031,s==46|Mở khóa khi vượt qua tầng 400 Tháp Thông Thiên,
5032,s==28|Chủ đài tầng này đã thay đổi,
5033,s==25|Chủ đài này không tồn tại,
5034,s==23|Số sao cần mua không đủ,
6000,s==41|Người chơi này đã nằm trong danh sách đen,
6001,s==41|Đã gửi đơn xin kết bạn với người chơi này,
6002,s==32|Không thể kết bạn với chính mình,
6003,s==33|Chưa được đối phương thêm làm bạn,
6004,s==54|Hệ thống hữu hảo vượt quá số thao tác đồng thời tối đa,
6005,s==39|Đã trở thành hữu hảo với người chơi này,
6006,s==36|Chưa phải hữu hảo với người chơi này,
6007,s==37|Xin chọn hữu hảo để tặng điểm hữu hảo,
6008,s==29|Lượt tặng hôm nay đã dùng hết,
6009,s==36|Đã tặng điểm hữu hảo cho hữu hảo này,
6010,s==24|Danh sách hữu hảo đã đầy,
6011,s==20|Danh sách đen đã đầy,
6012,s==30|Điểm hữu hảo hiện tại không đủ,
7000,s==44|Chủ công nói quá nhiều lời trong một hơi rồi,
8000,s==36|Chủ công chưa tham gia hoạt động này,
8001,s==43|Số ngày đăng nhập tích lũy hiện tại chưa đủ,
8002,s==37|Số ngày nạp tích lũy hiện tại chưa đủ,
8003,s==33|Gói phúc lợi cuối tuần đã hết hạn,
8004,s==46|Thời gian nhận gói phúc lợi cuối tuần chưa đến,
8005,s==22|Lượt ban phúc không đủ,
8006,s==25|Lượt ban phúc đã dùng hết,
8007,s==21|Hoạt động đã kết thúc,
8008,s==13|Quân cờ đã mở,
8009,s==30|Vật phẩm Đồng Tâm Kết không đủ,
8010,s==30|Số lần làm mới đã đạt giới hạn,
8011,s==31|Chưa hoàn thành tất cả nhiệm vụ,
8012,s==35|Hôm nay không còn lượt gieo xúc xắc,
8013,s==54|Lượt gieo xúc xắc của bàn xúc xắc đã chọn đạt giới hạn,
8014,s==20|Chủ công đã yến tiệc,
8015,s==38|Xin chọn toàn bộ danh sách nguyện vọng,
8016,s==31|Danh sách nguyện vọng chưa chọn,
8017,s==17|Kim chén không đủ,
9000,s==24|Tên quân đoàn đã tồn tại,
9001,s==40|Chủ công tạm thời chưa có quyền thao tác,
9002,s==62|Thời gian ngoại tuyến của quân đoàn trưởng chưa đủ để luận tội,
9003,s==41|Người chơi này đã gia nhập quân đoàn khác,
9004,s==47|Thời gian hồi chiêu đổi quân đoàn chưa kết thúc,
9005,s==37|Quân đoàn trưởng không thể bị loại bỏ,
9006,s==46|Người chơi này không phải phó quân đoàn trưởng,
9007,s==41|Người chơi này đã là phó quân đoàn trưởng,
9008,s==48|Chức phó quân đoàn trưởng đã đạt giới hạn tối đa,
9009,s==42|Chủ công tự thân chính là quân đoàn trưởng,
9010,s==33|Hiện tại quân đoàn nhân số đã đầy,
9011,s==37|Quân đoàn địch tướng dữ liệu sai lệch,
9012,s==64|Cấp bậc kỹ năng quân đoàn cao nhất vượt quá cấp thấp nhất 15 cấp,
9013,s==33|Chủ công hôm nay đã hiến tặng rồi,
9014,s==31|Ô kỹ năng này đã được khai sáng,
9015,s==34|Chủ công đã cướp qua bao lì xì này,
9016,s==26|Lượt thử thách đã dùng hết,
9017,s==23|Quân đoàn không tồn tại,
9018,s==31|Lượt phát bao lì xì đã dùng hết,
9019,s==25|Bao lì xì đã bị cướp sạch,
9020,s==36|Tiến độ hiến tặng quân đoàn không đủ,
9021,s==42|Chưa thử thách qua chương phụ bản hiện tại,
9022,s==29|Lượt bái phục đã đạt giới hạn,
9023,s==11|Đã bái phục,
9024,s==31|Quân đoàn tranh bá chưa khai mở,
9025,s==59|Trong thời gian quân đoàn tranh bá không được rời quân đoàn,
9026,s==46|Quân đoàn này chưa tham gia quân đoàn tranh bá,
9027,s==31|Thông tin đơn xin không tồn tại,
9028,s==32|Quân đoàn tranh bá chưa kết toán,
9029,s==56|Chỉ có binh sĩ hoạt động trong quân đoàn mới có thể nhận,
9030,s==41|Rương kết toán đã bị người chơi khác nhận,
9031,s==24|Không thỏa mãn điều kiện,
9032,s==25|Đã vượt quá số sao tối đa,
9033,s==29|Điểm chiến lược không tồn tại,
9034,s==37|Điểm chiến lược đã hết lượt thử thách,
9035,s==36|Người chơi này không thuộc quân đoàn,
9036,s==33|Điểm chiến lược đang bị thử thách,
9037,s==49|Phải còn lại quân đoàn trưởng mới có thể giải tán,
10001,s==15|Không có đạo cụ,
10002,s==23|Chưa đạt cấp độ mở khóa,
10003,s==19|Phần thưởng đã nhận,
10004,s==18|Đã từng điểm thích,
10005,s==27|Lượt điểm thích đã dùng hết,
10006,s==45|Xếp hạng trường tập chưa đạt thứ hạng sự kiện,
10007,s==59|Vấn đỉnh Trung Nguyên vòng này không phải giai đoạn dự đoán,
10008,s==45|Vấn đỉnh Trung Nguyên vòng này đã dự đoán rồi,
11000,s==22|Thần binh chưa khai mở,
11001,s==24|Thần binh chưa giải khóa,
11002,s==22|Thần binh đã giải khóa,
11003,s==34|Nhiệm vụ thần binh chưa hoàn thành,
12000,s==39|Nguyên liệu hợp thành trang bị không đủ,
12001,s==22|Trang bị không thể đổi,
12002,s==37|Ít nhất cần hai tướng ấn để hợp thành,
12003,s==32|Hợp thành tướng ấn cần cùng loại,
12004,s==27|Vận may cần để đổi không đủ,
12005,s==37|Nguyên liệu tái chế tướng ấn không đủ,
12006,s==48|Lần tinh luyện cần để nâng sao phụ kiện không đủ,
12007,s==40|Đạo cụ cần để nâng cấp phụ kiện không đủ,
12008,s==40|Đạo cụ cần để nâng sao phụ kiện không đủ,
12009,s==41|Đạo cụ cần để tẩy luyện phụ kiện không đủ,
12010,s==42|Đạo cụ cần để chuyển đổi phụ kiện không đủ,
12011,s==39|Chỉ có thể chuyển đổi phụ kiện cùng sao,
12012,s==36|Đạo cụ thám hiểm tinh thạch không đủ,
12013,s==38|Tinh thạch hiện tại không thể nâng cấp,
12014,s==35|Đạo cụ nâng cấp tinh thạch không đủ,
12015,s==47|Loại tinh thạch tiêu hao để nâng cấp không đúng,
12016,s==59|Tinh thạch truyền thừa bị truyền thừa thuộc tính không đúng,
12017,s==56|Thuộc tính mục tiêu truyền thừa tinh thạch không tồn tại,
12018,s==73|Tinh thạch mục tiêu truyền thừa có thuộc tính trùng không thể truyền thừa,
12019,s==38|Đạo cụ truyền thừa tinh thạch không đủ,
12020,s==90|Thuộc tính mục tiêu truyền thừa và thuộc tính bị truyền thừa giống nhau mà giá trị lớn hơn,
12021,s==36|Đạo cụ hợp thành tinh thạch không đủ,
12022,s==57|Trong trận pháp không thể khảm nhiều tinh thạch cùng loại,
12023,s==108|Túi sao thạch đã đầy， cần phải phân giải hoặc hợp thành một phần sao thạch rồi mới có thể tiếp tục thám hiểm,
12024,s==29|Không thể tiếp tục thần luyện,
12025,s==26|Đạo cụ thần luyện không đủ,
12026,s==40|Thám hiểm phù thạch đã đạt giới hạn lượt,
13000,s==30|Kinh nghiệm tướng cần không đủ,
13001,s==22|Đồng tiền cần không đủ,
13002,s==43|Chủ công chưa hoàn thành xác thực danh tính,
13003,s==28|Tên nhân vật nhập đã tồn tại,
13004,s==52|Tên nhân vật không được chứa ký tự、 hoặc từ nhạy cảm,
13005,s==48|Tên nhân vật ngắn nhất hai chữ、 dài nhất sáu chữ,
15000,s==25|Lượt chiến nhanh không đủ,
15001,s==16|ải chưa vượt qua,
15002,s==28|Chưa đạt tiến độ nhận thưởng,
15003,s==30|Phần thưởng trực tuyến đã nhận,
18000,s==38|Nhiệm vụ kỳ duyên nhận được trống rỗng,
18001,s==37|Trạng thái nhiệm vụ kỳ duyên sai lệch,
18002,s==41|Kỳ ngộ tiếp nhận sở cầu công tích bất túc,
18003,s==33|Kỳ ngộ võ tướng bất mãn điều kiện,
18004,s==33|Kỳ ngộ gia tốc sở cầu KNB bất túc,
18005,s==11|KNB bất túc,
19000,s==10|Dã mua quá,
19001,s==26|Mua lần số đã đạt giới hạn,
19002,s==39|Chủ công thượng vị mua đặc quyền lễ bao,
20000,s==44|Chủ công lũy tích điểm danh thiên số bất túc,
20001,s==35|Chủ công kim nhật dĩ kinh điểm danh,
20002,s==48|Chủ công điểm danh dĩ lũy tích đến tối đa lần số,
20003,s==39|Chủ công thượng vị kích hoạt nguyệt thẻ,
20004,s==33|Chỉ hữu mua quỹ kim hậu năng lĩnh,
20005,s==16|Kích hoạt mã lỗi,
20006,s==20|Kích hoạt mã vô hiệu,
20007,s==18|Tiến cử mã vô hiệu,
20008,s==34|Tiến cử thưởng lãi dĩ đạt giới hạn,
20009,s==58|Thái loại lễ bao ngã dĩ đổi hoặc thử lễ bao dĩ sử dụng quá,
20011,s==22|Lễ bao mã dĩ thất hiệu,
20012,s==13|Lễ bao mã lỗi,
20013,s==13|Lễ bao mã lỗi,
20014,s==19|Lễ bao mã dĩ quá kỳ,
20015,s==37|Nhận thất bại，phần thưởng đã nhận hết,
20016,s==41|Cấp bậc chưa đủ， xin chư vị cố gắng thêm.,
20017,s==38|Nhận thất bại，phần thưởng đã được nhận,
21000,s==26|Chủ công thượng vị bố trận,
21001,s==31|Địch phương cứ điểm dĩ công phá,
21002,s==35|Tiền chế cứ điểm thượng vị công phá,
21003,s==26|Võ tướng dĩ kinh trận vong,
21004,s==30|Thái vấn đề dĩ kinh đáp án quá,
21005,s==22|Đặc thù đạo cụ bất túc,
21006,s==22|Sử dụng lần số bất túc,
21007,s==18|Huyết lượng dĩ mãn,
21008,s==18|Thưởng lãi dĩ lĩnh,
21009,s==27|Cứ điểm công phá số bất túc,
21010,s==18|Tài nguyên bất túc,
21011,s==16|Bất thị võ tướng,
21012,s==31|Đương tiền dĩ thị cuối quan các,
21013,s==28|Hạnh vận xí tử dĩ hoàn thành,
21014,s==17|Tinh số bất túc ồ,
21015,s==45|Mua đẳng hành quân thương phẩm đạo cụ bất túc,
21016,s==37|Hành quân thương điếm vô thử vật phẩm,
21017,s==25|Thái vật phẩm dĩ thâu mại,
21018,s==34|Đương tiền chương hồi vị giải khóa,
21019,s==32|Đương tiền quan các vị giải khóa,
21020,s==40|Dĩ kinh thông quan tối đa tinh số liễu ồ,
21021,s==26|Bảo tương y chi dĩ bị lĩnh,
21022,s==22|Sử dụng lần số bất túc,
21023,s==25|Thương phẩm dĩ thâu không,
21024,s==16|Độc dược bất túc,
21025,s==22|Thỉnh tiên thượng trận,
21026,s==69|Ngã sử lịch sử tối cao chiến lực vị đạt nhất kiết khiêu chiến yêu cầu,
21027,s==63|Tiết báo! Bổn tầng quan các thủ tướng dĩ bị toàn diện kích bại!,
22000,s==24|Sai lầm lễ bao loại hình,
22001,s==16|Lễ bao dĩ quá kỳ,
22002,s==17|Vị mua thử lễ bao,
23000,s==16|Thư kiện tồn tại,
23001,s==37|Vô đủ túi cách lĩnh thư kiện vật phẩm,
23002,s==11|Thư dĩ lĩnh,
23003,s==20|Thư thưởng lãi không,
25000,s==48|Chiến công thạch tinh cấp thưởng lãi bất tồn tại,
25001,s==19|Vô phù hợp võ tướng,
26000,s==12|Tinh cấp lỗi,
26001,s==27|Nhu yếu tương đồng võ tướng,
26002,s==25|Võ tướng số lượng bất đối,
26003,s==27|Trí hoán trận doanh hạn chế,
26004,s==61|Tướng mục tiêu phải là sao năm khởi thủy，và sở hữu tứ kỹ năng,
27000,s==28|Cải hoán đầu tượng khung lỗi,
27001,s==25|Cải hoán xưng hiệu ID lỗi,
27002,s==26|Thái võ tướng vị giải khóa,
27010,s==29|Trí hoán võ tướng bất tồn tại,
27011,s==53|Trí hoán võ tướng trạng thái bất vị thường trạng thái,
27012,s==44|Tướng đã bị khóa，không thể tham gia đổi chác,
27013,s==28|Trí hoán mẫu bản bất tồn tại,
27014,s==25|Trí hoán vật phẩm bất túc,
27015,s==34|Tụ hiền thương thành mẫu bản không,
27016,s==49|Tụ hiền thương thành mua sở cầu tích phân bất túc,
28000,s==29|Đương tiền trận doanh bất đối,
28001,s==45|Ải hiện tại chưa vượt qua，không thể quét sạch,
28002,s==57|Đương tiền Kinh Châu chi chiến khiêu chiến lần số bất túc,
28003,s==24|Khiêu chiến quan các lỗi,
28004,s==35|Hôm nay mua lượt thử thách không đủ,
28005,s==31|KNB mua lượt thử thách không đủ,
28006,s==44|Một lần thử thách cần đã vượt qua toàn bộ ải,
28007,s==53|Lượt thử thách còn lại cho một lần thử thách không đủ,
28008,s==37|Lỗi binh đoàn trong một lần thử thách,
29000,s==33|Lỗi sao tướng mở khóa bảo vật này,
29001,s==32|Đạo cụ nâng cấp bảo vật không đủ,
29002,s==33|Đạo cụ thăng cấp bảo vật không đủ,
29003,s==29|Bảo vật này chưa được mở khóa,
29004,s==31|Bảo vật này đã đạt cấp cao nhất,
29005,s==39|Lỗi binh đoàn tướng mở khóa bảo vật này,
29006,s==31|Bảo vật này đã đạt bậc cao nhất,
29007,s==35|Bảo vật này không thể thiết lập lại,
29008,s==26|Tướng này đã có trong trận,
30000,s==21|Tướng đã có phó tướng,
30001,s==34|Phó tướng đã bị tướng khác sử dụng,
30002,s==25|Tướng chưa chọn phó tướng,
30003,s==27|Phó tướng này không tồn tại,
30004,s==29|Phó tướng đã đạt cấp cao nhất,
30005,s==39|Nguyên liệu nâng cấp phó tướng không đủ,
32000,s==23|Mãn Di xâm nhập chưa mở,
32001,s==51|Ít nhất phải thử thách một lần mới có thể quét sạch,
33000,s==24|Hữu hảo không trực tuyến,
33001,s==33|Hữu hảo đã đạt số lần chọn tối đa,
33002,s==34|Thời gian hồi chọn hữu hảo chưa đủ,
33003,s==27|Hữu hảo chưa chọn trận hình,
33004,s==33|Lượt vận tải hiện tại đã dùng hết,
33005,s==28|Đang hải hành xin chờ trở về,
33006,s==26|Chất lượng đã đạt giới hạn,
33007,s==27|Thương thuyền không tồn tại,
33008,s==18|Lượt chặn không đủ,
33009,s==42|Đối phương đang được bảo hộ không thể chặn,
33010,s==43|Không thể chặn thương thuyền của chính mình,
33011,s==48|Không thể chặn thương thuyền do chính mình hộ vệ,
33012,s==58|Không thể chặn thương thuyền của thành viên quân đoàn mình,
33013,s==56|Thương thuyền vận tải này đang chiến đấu xin thử lại sau,
33014,s==66|Phần thưởng hộ vệ thương thuyền này đã là thấp nhất không thể chặn,
33015,s==26|Lượt tế lễ đã đạt giới hạn,
33016,s==11|Đã trục vớt,
33017,s==39|Trục vớt thất bại xác tàu không tồn tại,
33018,s==22|Đã chọn hỗ trợ hữu hảo,
33019,s==58|Thương thuyền chất lượng này không thể được chọn làm hộ vệ,
33020,s==60|Quân chủ hiện không có thương thuyền vận tải đang được hộ vệ,
33021,s==79|Chặn đường vẫn đang trong thời gian hồi chiêu， xin chủ công chờ lát nữa thử lại,
33022,s==62|Thuyền bảo Hoàng Cân đã rời đi， không thể tiến hành chặn đường,
33023,s==86|Chủ công ngài thật tài tình trong việc thu lợi， trước về dỡ hàng， ngày mai tiếp tục đi,
35001,s==17|Tinh lực không đủ,
36001,s==28|Xếp hạng trường tập không đủ,
36002,s==31|KNB mua lượt thử thách không đủ,
36003,s==18|Lượt khen không đủ,
36004,s==22|Đã khen người chơi này,
36005,s==23|Không có lượt thử thách,
36006,s==17|Hoạt động chưa mở,
36007,s==54|Xếp hạng của bằng hữu đã thay đổi， xin làm mới đối thủ,
36008,s==20|Xin bố trí trận hình,
37001,s==32|Ít nhất cần có một tướng ra trận,
37002,s==33|Mỗi lần tối đa có thể hạ 10 tướng,
37003,s==45|Tướng 4 sao trở lên không thể một lần hạ trận,
37004,s==18|Chưa đặt phù tướng,
37005,s==14|Chưa đặt tướng,
37006,s==15|Chưa chọn tướng,
38001,s==23|Cần một tướng nước Ngụy,
38002,s==23|Cần một tướng nước Thục,
38003,s==22|Cần một tướng nước Ngô,
38004,s==18|Cần một tướng Thần,
38005,s==16|Cần một tướng Ma,
38006,s==21|Cần một tướng {0} sao,
38007,s==44|Không có tướng nào thỏa mãn tất cả điều kiện,
38008,s==21|Tướng đã đạt giới hạn,
38009,s==20|Phái xuất thành công,
38010,s==26|Tình báo hiện tại không đủ,
39000,s==76|Nâng cấp thần binh cấp bậc， có thể nâng giới hạn sử dụng bảo thạch thần binh,
39001,s==33|Đúc hồn thần binh đã đạt giới hạn,
39002,s==31|Xin chọn số lượng sử dụng trước,
39003,s==27|Linh lực thần binh không đủ,
40001,s==36|Chiến hồn đã đạt cấp tối đa hiện tại,
40002,s==22|Cấp chiến hồn không đủ,
40003,s==37|Thăng cấp chiến hồn đã đạt cấp tối đa,
40004,s==32|Chiến hồn đã được tướng khác đeo,
40005,s==28|Trạng thái đeo chiến hồn lỗi,
40006,s==39|Xin hãy nâng cấp cấp độ Chiến Hồn trước,
40007,s==26|Chiến Hồn đã được trang bị,
40008,s==21|Sao Võ Tướng không đủ,
43001,s==35|Chương Viễn Chinh chưa được mở khóa,
43002,s==24|Chưa tấn công chương này,
43003,s==12|Vị trí ô sai,
43004,s==19|Không thể di chuyển,
43005,s==23|Sự kiện ô đã hoàn thành,
43006,s==18|Loại sự kiện ô sai,
43007,s==16|Ô không hiển thị,
43008,s==32|Quân doanh không có Võ Tướng này,
43009,s==22|Lộ trình kích hoạt sai,
43010,s==24|Đã chiêu mộ Võ Tướng này,
43011,s==21|Dữ liệu quân địch sai,
43012,s==25|Không có võ tướng tử trận,
43013,s==32|Không có Võ Tướng cần trị thương,
43014,s==27|Võ Tướng đã toàn bộ tử trận,
44001,s==20|Vị trí trống chờ đợi,
45001,s==27|Không có Võ Tướng tương ứng,
45002,s==21|Trang phục đã tồn tại,
45003,s==21|Trang phục đã hết hạn,
45004,s==47|Chỉ có trang phục vĩnh viễn mới có thể nâng cấp,
45005,s==20|Đã đạt cấp độ tối đa,
46001,s==38|Hiện tại không phải giai đoạn chuẩn bị,
46002,s==12|Chưa đăng ký,
46003,s==39|Hiện tại không phải giai đoạn chiến đấu,
46004,s==39|Hiện tại không phải giai đoạn hành quân,
46005,s==18|Chưa chọn phe phái,
46006,s==10|Thiếu chip,
46007,s==12|Chưa bố trận,
46008,s==37|Hiện tại không phải giai đoạn đăng ký,
46009,s==39|Hiện tại không có đội dự đoán chiến đấu,
47000,s==30|Đang trong quá trình giám định,
47001,s==44|Hiện tại không có mảnh chương đang giám định,
47002,s==37|Thiếu Tướng Phù để nâng cấp giám định,
47003,s==36|Tiêu hao để nâng cấp Kỳ Thư không đủ,
47004,s==37|Tiêu hao để thăng cấp Kỳ Thư không đủ,
47005,s==32|Tiêu hao để  sao Kỳ Mưu không đủ,
47006,s==29|Ô kỹ năng Kỳ Thư chưa mở khóa,
47007,s==37|Kỳ Mưu này không tồn tại trong Kỳ Thư,
47008,s==33|Tiêu hao mua mảnh Kỳ Mưu không đủ,
47009,s==28|Thời gian giám định chưa đến,
47010,s==23|Đã có kỹ năng cùng loại,
48001,s==40|Nguyên Bảo bất túc， bất khả mua chặn lần,
48002,s==43|Chặn lần đã đạt mua thượng hạn， bất khả mua,
48003,s==38|Chất lượng thuyền hàng đã được làm mới,
48004,s==51|Mua tế phẩm sở nhu đồng tiền bất túc， bất khả tế tự,
48005,s==52|Mua tế phẩm sở nhu nguyên bảo bất túc， bất khả tế tự,
48006,s==27|Ô đã có Võ Tướng tham chiến,
48007,s==24|Sai Võ Tướng hạ trận ở ô,
48008,s==39|Võ Tướng này đã gia nhập ô Hội Tụ Nghĩa,
48009,s==41|Võ Tướng này chưa gia nhập ô Hội Tụ Nghĩa,
48010,s==70|Tụ Nghĩa Đình đẳng cấp bất phù hợp yêu cầu， bất khả thủ động thăng cấp,
48011,s==55|Đã đạt giới hạn cấp độ tối đa của Hội Tụ Nghĩa hiện tại,
48012,s==49|Vượt quá giới hạn cấp độ tối đa giữa các phe phái,
48013,s==36|Vượt quá giới hạn cấp độ Lực Địa Sát,
48014,s==32|Xin hãy lần lượt thắp sáng các ô,
48015,s==15|Thắp sáng ô sai,
48016,s==38|Lực Thiên Cương đã đạt cấp độ cao nhất,
48017,s==26|Lỗi kết nghĩa Hội Tụ Nghĩa,
48018,s==36|Cần giải trừ quan hệ kết nghĩa trước,
48019,s==44|Võ Tướng cùng ID chỉ được trang bị một người,
48020,s==23|Không cần thiết lập lại,
48021,s==31|Số ngày mở Hội Tụ Nghĩa chưa đủ,
48022,s==34|Võ Tướng Hội Tụ không thể nâng cấp,
48023,s==42|Võ Tướng kết nghĩa không thể tháo trang bị,
48024,s==60|Võ Tướng kết nghĩa không thể trang bị hoặc thay thế trang bị,
48025,s==39|Võ Tướng Hội Tụ không thể thiết lập lại,
49001,s==57|Thần Binh nâng cấp đến cấp 4 sẽ mở khóa chức năng Đúc Hồn,
49002,s==23|Đạo cụ Đúc Hồn không đủ,
50001,s==57|Nguyên Bảo bất túc， bất khả tiến hành khóa định tẩy luyện,
50002,s==29|Xin chọn trang sức chuyển hóa,
50003,s==32|Đá tinh luyện trang sức không đủ,
51000,s==16|Xin điền tên đội,
51001,s==23|Tên đội đã được sử dụng,
51002,s==20|Ngươi đã ở trong đội,
51003,s==17|Chưa gia nhập đội,
51004,s==74|Khi đội trưởng trực tuyến chỉ đội trưởng mới có thể chọn thứ tự xuất chiến,
51005,s==15|Đội đã đủ người,
51006,s==31|Hệ thống mời người chơi chưa mở,
51007,s==21|Đội ngũ không tồn tại,
51008,s==37|Không đạt yêu cầu chiến lực tối thiểu,
51009,s==35|Không đạt yêu cầu cấp bậc tối thiểu,
51010,s==31|Người chơi đã gia nhập đội khác,
51011,s==41|Thời gian hiện tại không phải kỳ kết liên,
51012,s==79|Hiện tại đã đăng ký， không được phép rút khỏi đội cũng không thể bị đá khỏi đội,
51013,s==36|Số người đăng ký đội chưa đủ 3 người,
51014,s==40|Thời gian hiện tại không phải kỳ thi đấu,
51015,s==19|Đã đăng ký trước đó,
51016,s==26|Số lượng đội hình sai lệch,
51017,s==30|Đội ngũ của ngươi chưa đăng ký,
51018,s==23|Không có lượt thử thách,
51019,s==51|Túi tướng đã đầy， tướng mới gia nhập sẽ gửi qua thư,
51020,s==28|Số chữ trong tên đội quá dài,
51021,s==30|Người chơi không thuộc đội ngũ,
51022,s==37|Quần hùng tranh bá đã được điểm thích,
51023,s==60|Chú ý! Ngươi đã bị mời ra khỏi đội trong Hợp Tòng Liên Hoành,
51024,s==59|Chú ý! Thành viên đội trong Hợp Tòng Liên Hoành đã thay đổi,
53001,s==53|Tướng sở hữu bảo vật chuyên dụng không thuộc phe đúng,
53002,s==47|Sao tướng sở hữu bảo vật chuyên dụng không đúng,
53003,s==47|Vật phẩm thăng cấp bảo vật chuyên dụng không đủ,
53004,s==46|Cấp bậc thăng cấp bảo vật chuyên dụng không đủ,
53005,s==46|Lỗ đục đá quý bảo vật chuyên dụng chưa mở khóa,
53006,s==59|Tiêu hao mở khóa bảo vật chuyên dụng khi tướng đang ra trận,
53007,s==49|Nâng cấp bảo vật chuyên dụng phải thăng cấp trước,
53008,s==46|Vật phẩm nâng cấp bảo vật chuyên dụng không đủ,
53009,s==25|Vật phẩm rèn lại không đủ,
53010,s==38|Nguyên liệu hợp thành rèn lại không đủ,
53011,s==45|Không thể đeo hai viên đá quý cùng thuộc tính,
53012,s==46|Bảo vật chuyên dụng đã đạt cấp tối đa hiện tại,
53014,s==43|Vật phẩm cần thiết để luyện đá quý không đủ,
54001,s==48|Cấp VIP không đủ để mua lượt thử thách thường kỳ,
54002,s==46|Vật phẩm mua lượt thử thách thường kỳ không đủ,
54003,s==53|Mua lượt thử thách thường kỳ vượt quá giới hạn tối đa,
54004,s==39|Nhận thưởng hạng chưa đạt hạng hiện tại,
54005,s==33|Lượt thử thách thường kỳ không đủ,
54006,s==35|Kỳ nghỉ thi đấu không thể thử thách,
54007,s==34|Lượt thử thách đỉnh phong không đủ,
54008,s==35|Kỳ nghỉ thi đấu không thể thử thách,
54009,s==55|Xếp hạng đối thủ đã thay đổi vui lòng làm mới danh sách,
54010,s==25|Đối thủ đang bị thử thách,
54011,s==33|Vui lòng hoàn thành bố trận trước,
54012,s==61|Thử thách từ hạng Kim Cương Vĩnh Hằng trở lên trong thường kỳ,
54017,s==37|Tiền cược đỉnh phong đối quyết quá ít,
55001,s==27|Hôm nay đã đạt giới hạn mua,
55002,s==14|Thể lực đã đầy,
55003,s==16|Thể lực không đủ,
55004,s==24|Chưa chiếm lĩnh mỏ quặng,
55005,s==28|Không có phần thưởng để nhận,
55006,s==40|Người chơi khác chưa chiếm lĩnh mỏ quặng,
55007,s==51|Đang trong thời gian hồi chiêu chiến đấu tranh đoạt,
55008,s==62|Thời gian từ 0 đến 6 giờ là kỳ nghỉ chiến， không thể cướp đoạt,
55009,s==27|Lịch sử chiến đấu đã bị xóa,
55010,s==53|Thành phố cửa hàng ngẫu nhiên không thuộc máy chủ này,
55011,s==56|Người chơi chưa đạt cấp mở tính năng công thành đoạt địa,
55012,s==17|Hoạt động chưa mở,
55013,s==24|Thời gian báo thù đã qua,
55014,s==29|Đã chọn tướng hỗ trợ bằng hữu,
56000,s==21|Loạn Thất Man chưa mở,
56001,s==37|Lượt thử thách Loạn Thất Man không đủ,
56002,s==31|Lượt mua Loạn Thất Man không đủ,
56003,s==43|Tất cả mỏ quặng đã bị người chơi chiếm lĩnh,
56004,s==45|Mục tiêu báo thù hiện không sở hữu mạch quặng,
56005,s==26|Hoạt động mỏ quặng chưa mở,
57001,s==40|Mục này của Mộ Kim Hiệu Úy không có buff,
57002,s==43|KNB không đủ để làm mới buff Mộ Kim Hiệu Úy,
57003,s==48|Số lượng buff chọn cho Mộ Kim Hiệu Úy không đúng,
57004,s==32|Mục thử thách Mộ Kim Hiệu Úy sai,
57005,s==50|Số lần vượt ải nhận thưởng Mộ Kim Hiệu Úy không đủ,
57006,s==42|Mục này của Mộ Kim Hiệu Úy không có thưởng,
57007,s==46|Phần thưởng mục này của Mộ Kim Hiệu Úy đã nhận,
57008,s==35|Chưa vượt ải tiền đề Mộ Kim Hiệu Úy,
57009,s==48|Chưa mở khóa Hộ Phù Thủy Kính của Mộ Kim Hiệu Úy,
57010,s==68|Số tầng vượt ải nhận thưởng Hộ Phù Thủy Kính Mộ Kim Hiệu Úy không đủ,
57011,s==73|Phần thưởng Hộ Phù Thủy Kính Mộ Kim Hiệu Úy không có thưởng tầng hiện tại,
57012,s==60|Đã nhận thưởng Hộ Phù Thủy Kính tầng hiện tại Mộ Kim Hiệu Úy,
57013,s==45|Mục thử thách hiện tại Mộ Kim Hiệu Úy đã vượt,
57014,s==19|Không còn lượt quét,
57015,s==37|Không thể quét mục thử thách hiện tại,
58001,s==24|Số lượng chọn không đúng,
58002,s==45|Mỏ quặng này đã bị người chơi khác chiếm lĩnh,
58003,s==63|Xin hãy thu nhận lợi tức tích lũy của mạch quặng hiện tại trước,
58004,s==23|Số tầng vượt ải chưa đủ,
58005,s==36|Chưa vượt ải thử luyện tầng hiện tại,
58006,s==42|Tướng trong đội hình không đáp ứng yêu cầu,
58100,s==60|Anh hùng hữu trạng thái đặc thù， xin đến mục tương ứng xử lý,
58101,s==20|Công kích thành công,
58102,s==17|Hoạt động chưa mở,
58103,s==26|Lỗi khi hợp thành vật phẩm,
58104,s==36|Danh sách bằng hữu đối phương đã đầy,
58105,s==32|Số lần tố cáo chưa được phục hồi,
58106,s==28|Đã tố cáo người chơi này rồi,
58107,s==25|Người chơi đã bị cấm ngôn,
58108,s==43|Tạm thời không hỗ trợ tố cáo xuyên quốc gia,
58109,s==36|Trong đội hình đã có tướng trùng lặp,
58110,s==59|Chủ công phát ngôn cấp bậc bất túc， còn xin tiếp tục nỗ lực,
58111,s==53|Chủ công VIP cấp bậc bất túc， còn xin tiếp tục nỗ lực,
58112,s==64|Chủ công phát ngôn hồi chiêu chưa đến， còn xin nghỉ ngơi một lúc,
58113,s==37|Kênh này tạm thời không thể phát ngôn,
58120,s==48|Bình luận tối thiểu 5 chữ Hán， tối đa 40 chữ Hán,
58121,s==43|Bình luận tướng không được chứa từ nhạy cảm,
58122,s==35|Chủ công đã từng đăng bình luận rồi,
58123,s==53|Chủ công đã từng bày tỏ thái độ với bình luận này rồi,
59001,s==23|Số lần ghép đội chưa đủ,
59002,s==31|Tạm thời chưa tìm được đồng đội,
59003,s==25|Hoạt động này đã kết thúc,
61007,s==43|Thành trì nhân số đã đầy， bất khả điều động,
61012,s==31|Thần binh trang phục đã mở khóa,
61001,s==37|Vé thám hiểm Đào Viên Du Mục không đủ,
61002,s==38|Mục tiêu thử thách Đào Viên Du Mục sai,
61003,s==40|Số ải nhận thưởng chưa đủ để lĩnh thưởng,
61004,s==35|Đã nhận thưởng tầng Đào Viên Du Mục,
61005,s==45|Chưa mở khóa Hộ Phù Thủy Cảnh Đào Viên Du Mục,
62005,s==45|Số ải nhận thưởng thêm chưa đủ để lĩnh thưởng,
61006,s==40|Đã nhận thưởng thêm tầng Đào Viên Du Mục,
61008,s==45|Hoạt động Thần Binh đã chọn phần thưởng ưng ý,
61009,s==58|Hoạt động Thần Binh đã đạt giới hạn chọn phần thưởng ưng ý,
61010,s==46|Hoạt động Thần Binh xin chọn phần thưởng ưng ý,
61011,s==25|Xin vượt ải tiền đề trước,
61013,s==38|Chiêu thức trùng lặp không thể học lại,
61014,s==34|Số lượng vật phẩm tích lũy chưa đủ,
61015,s==38|Thuộc tính Thiên Mệnh này đã kích hoạt,
61016,s==39|Xin đến thử thách Thiên Mệnh để đột phá,
61017,s==36|Cường hóa Thiên Mệnh đã đạt giới hạn,
61018,s==41|Chưa đạt cấp mở khóa trang phục Thần Binh,
61019,s==40|Đội danh tối thiểu nhị tự、 tối đa lục tự,
61020,s==29|Người chơi này đã ở trong đội,
61021,s==64|Cần Tam Quốc Chí đạt giai đoạn Thiên Mệnh 1 mới có thể thử thách,
61022,s==51|Người chơi này không thuộc đội thử thách Thiên Mệnh,
61023,s==24|Ngươi không có quyền hạn,
61024,s==40|Đội thử thách Thiên Mệnh này đã đủ người,
61025,s==42|Đội thử thách Thiên Mệnh này không tồn tại,
61026,s==42|Ngươi đã gia nhập đội thử thách Thiên Mệnh,
61027,s==55|Người chơi này không còn trong đội thử thách Thiên Mệnh,
61028,s==42|Vị tướng đã xuất trận， xin chọn tướng khác,
61029,s==25|Không thể chọn vị trí này,
61030,s==45|Phi vị tướng bản thân sở hữu， bất khả hạ trận,
61031,s==37|Vị trí này vô tướng， bất khả thao tác,
61032,s==42|Phải ra trận hai tướng mới có thể chuẩn bị,
61033,s==28|Người chơi này không thể mời,
61034,s==53|Bất mãn thiên mệnh giai cấp yêu cầu， bất khả nhập đội,
61035,s==34|Lực chiến không đủ yêu cầu vào đội,
61036,s==39|Xin hủy chuẩn bị trước rồi mới hạ tướng,
61037,s==66|Vẫn còn thành viên chưa chuẩn bị xong， bất khả tiến hành thử thách,
61038,s==28|Người chơi này không thể mời,
61039,s==59|Người chơi này không thể thử thách giai đoạn Thiên Mệnh này,
61040,s==55|Chú ý! Ngươi đã bị mời ra khỏi đội thử thách Thiên Mệnh,
61041,s==53|Chú ý! Đội thử thách Thiên Mệnh của ngươi đã giải tán,
61042,s==25|Xin kích hoạt theo thứ tự,
61043,s==65|Hoạt động Thần Binh - số lượng giải thưởng ít hơn số lần đoạt bảo,
61044,s==41|Hoạt động Thần Binh - số lần đoạt bảo sai,
61045,s==51|Thanh Mai Chử Tửu - phần thưởng kỳ duyên trống rỗng,
61046,s==48|Thanh Mai Chử Tửu - chưa nhận được rương báu này,
61047,s==43|Gửi nội dung trùng lặp trong thời gian ngắn,
61048,s==43|Trong đội có thành viên không thể thử thách,
61049,s==47|Hôm nay đã đạt giới hạn tối đa số lần quét sạch,
61050,s==49|Không thể quét sạch thử thách Thiên Mệnh hiện tại,
61051,s==45|Hôm nay đã đạt giới hạn tối đa số lần vượt ải,
61053,s==29|Đội này đang trong trận chiến,
61054,s==50|Đội thử thách Thiên Mệnh của ngươi đã giải tán rồi,
61055,s==74|Thành công vượt ải， đội Thiên Mệnh thử thách của ngươi đã tự động giải tán,
61056,s==20|Đã thuê vị tướng này,
61057,s==27|Hữu hảo này chưa phái tướng,
61058,s==31|Mỗi ải chỉ được thuê 3 vị tướng,
61059,s==37|Hữu hảo này đã thay đổi tướng phái đi,
61060,s==20|Đã phái vị tướng này,
61061,s==11|KNB bất túc,
61062,s==28|Xin chọn ngọc cùng phẩm chất,
61063,s==36|Chỉ có thể chuyển đổi ngọc khác loại,
61064,s==35|Không có tướng tương ứng để sử dụng,
61065,s==17|Chưa có trận hình,
61066,s==84|Đã tham gia vòng tranh bá Trung Nguyên， giai đoạn dự đoán không thể thay đổi bố trận,
61067,s==60|Hoạt động Thần Quỷ Giáng Lâm tạm thời chưa tìm được đồng đội,
61068,s==32|Nhiệm vụ thư tín chưa hoàn thành,
61069,s==56|Hoạt động Phong Ma mua đạo cụ thử thách phụ bản không đủ,
61070,s==31|Hoạt động Phong Ma chưa khai mở,
61071,s==40|ID phụ bản thử thách Phong Ma không đúng,
61072,s==42|Số lần thử thách phụ bản Phong Ma không đủ,
61073,s==40|Đạo cụ làm mới phụ bản Phong Ma không đủ,
61074,s==54|Đã nhận rương kho báu cấp này trong hoạt động Phong Ma,
61075,s==45|Cấp bạo boss trong hoạt động Phong Ma chưa đủ,
61076,s==76|Thời đoạn hiện tại trong hoạt động Phong Ma không thể đặt tướng vào bể tướng,
61077,s==57|Hiện không trong thời gian mở boss của hoạt động Phong Ma,
61078,s==77|Thời đoạn hiện tại trong hoạt động Phong Ma không thể rút tướng khỏi bể tướng,
61079,s==86|Thời đoạn hiện tại trong hoạt động Phong Ma không thể lấy tướng ngẫu nhiên từ bể tướng,
61080,s==45|Thử thách boss Phong Ma xin hãy bố trận trước,
61081,s==39|Số lần thử thách boss Phong Ma không đủ,
61082,s==59|Điểm phong ma thử thách boss không đủ để chọn buff hiện tại,
61083,s==71|Số lần làm mới giải thưởng hôm nay trong hoạt động Phong Ma đã dùng hết,
61084,s==48|Đã nhận phần thưởng này trong hoạt động Phong Ma,
61085,s==45|Hoạt động Phong Ma tích lũy hoạt động chưa đủ,
61086,s==43|Giải thưởng trong hoạt động Phong Ma đã cạn,
61087,s==45|Hoạt động Phong Ma không còn lượt quay thưởng,
61088,s==71|Vòng này trong hoạt động Phong Ma không thể nhận Mật Tàng Thiên Tự Lệnh,
61089,s==75|Số lần tích lũy quay thưởng sự kiện Phong Ma chưa đủ， không thể nhận thưởng,
61090,s==45|Hoạt động Phong Ma xin chọn phần thưởng ưng ý,
61091,s==25|Trang bị phù chú thất bại,
61092,s==31|Trang bị chưa kích hoạt phù chú,
61093,s==36|Trang bị phù chú đã đạt cấp cao nhất,
61094,s==74|Trang bị này đã được phù chú， chỉ khi thiết lập lại mới có thể phù chú lại,
61095,s==40|Trang bị này không thể kích hoạt phù chú,
61096,s==39|Trang bị này không thể phù chú loại này,
61097,s==59|Đã nhận phần thưởng giai đoạn buff trong hoạt động Phong Ma,
61098,s==67|Chưa đủ giai đoạn buff để nhận phần thưởng trong hoạt động Phong Ma,
61099,s==13|Đã cầu nguyện,
61100,s==53|Phụ bản này trong hoạt động Phong Ma đã thử thách qua,
61101,s==46|Số mỹ nhân trên kế đồng tâm mỹ nhân không đúng,
61102,s==67|Có mỹ nhân trên kế đồng tâm mỹ nhân đang ở kế đồng tâm mỹ nhân khác,
61103,s==54|Có mỹ nhân trên kế đồng tâm mỹ nhân chưa đủ cấp hẹn hò,
61104,s==55|Có mỹ nhân trên kế đồng tâm mỹ nhân chưa đủ cấp kỹ năng,
61105,s==28|Chiến mã đã đạt cấp cao nhất,
61106,s==37|Không thể di chuyển đến thành trì này,
61107,s==32|Tướng quân không ở đại bản doanh,
61108,s==18|Điều động thất bại,
61109,s==40|Số lần điều động hôm nay đã đạt giới hạn,
61110,s==43|Số lượng trấn thủ thành trì đã đạt giới hạn,
61111,s==45|Không thể công kích thành trì đang giao chiến,
61112,s==31|Thời gian hồi điều động chưa đủ,
61113,s==18|Công kích thất bại,
61114,s==29|Thiên Ma Lai Xâm chưa khai mở,
61115,s==17|NPC không tồn tại,
61116,s==20|Thành trì bị bao vây,
61117,s==40|Đã nhận toàn bộ phần thưởng dự báo tướng,
61118,s==41|Dự báo tướng còn nhiệm vụ chưa hoàn thành,
61119,s==95|Phần thưởng xếp hạng hỗn nhập đang trong quá trình phân định， không thể chọn tướng để thám hiểm,
61120,s==28|Xin mở khóa kỹ năng chiến mã,
61121,s==48|Cùng loại cùng phẩm chất kỹ năng chỉ được có một,
61123,s==45|Số lần phát hành thưởng riêng đã đạt giới hạn,
61124,s==28|Số lần phát hành đã dùng hết,
61125,s==21|Thưởng này đã quá hạn,
61126,s==28|Số lần chiến đấu đã dùng hết,
61127,s==32|Chiến đấu thưởng không nhất quán,
61128,s==46|Chưa chiếm thành ngẫu nhiên trong thương thành,
61129,s==23|Lệnh vào thành không đủ,
61130,s==23|Lệnh di chuyển không đủ,
61131,s==102|Thành trì này cách xa thành trì chủ công quá xa， xin hãy phái binh đến vùng lân cận thành trì trước đã,
61132,s==60|Thời gian quay thưởng hoạt động Chân Long Chuyển Bánh đã qua,
61133,s==56|KNB quay thưởng hoạt động Chân Long Chuyển Bánh không đủ,
61134,s==59|Đạo cụ quay thưởng hoạt động Chân Long Chuyển Bánh không đủ,
61135,s==63|Số lần quay thưởng KNB hoạt động Chân Long Chuyển Bánh không đủ,
61136,s==50|Xin hãy chiếm lĩnh các mỏ khoáng có cấp thấp trước,
61137,s==31|Vòng rút thăm này chưa hoàn tất,
61138,s==37|Mỗi ngày chỉ có thể tạo một quân đoàn,
61139,s==15|Xin chờ một lát,
61140,s==50|Trong Long Hổ Doanh đã có tướng cùng loại trú đóng,
61141,s==42|Quân Hậu Đỡ không thể tiến hành thăng tinh,
61142,s==43|Xin hãy rút quân khỏi Trung Kiên Quân trước,
61143,s==39|Xin hãy rút quân khỏi Hậu Đỡ Quân trước,
61144,s==31|Chủ Lực Quân không thể rút quân,
61145,s==41|Xin hãy rút quân khỏi Long Hổ Doanh trước,
61146,s==49|Tướng Chủ Lực Quân không thể dùng làm nguyên liệu,
61147,s==38|Cấp tướng hiện tại cao hơn cấp chia sẻ,
61148,s==38|Sao tướng hiện tại cao hơn sao chia sẻ,
61149,s==17|Rút quân thất bại,
61150,s==50|Trung Kiên Quân và Hậu Đỡ Quân không thể thăng cấp,
61151,s==58|Tướng trú đóng trong Long Hổ Doanh không thể thiết lập lại,
61152,s==41|Long Hổ Doanh - Không đủ tốn phí rút quân,
61153,s==56|Tướng Trung Kiên Quân và Hậu Đỡ Quân không thể thăng bậc,
61154,s==35|Không đủ KNB để chuyển đổi Phụ Kiện,
61155,s==36|Không đủ Mảnh Phụ Kiện để chuyển đổi,
9038,s==62|Số lần phát động chiêu mộ quân đoàn trong ngày đã đạt giới hạn,
7001,s==35|Hiện chưa sở hữu bong bóng chat này,
7002,s==30|Bong bóng chat đã hết hiệu lực,
52,s==27|Số lần miễn phí đã dùng hết,
61156,s==83|Cần người chơi đạt cấp 30 và đứng trong top 50 lực chiến mới có thể bình luận tướng,
61157,s==21|Cấp cửa hàng không đủ,
61158,s==25|Thưởng treo không tồn tại,
61159,s==25|Số lần thử thách không đủ,
61160,s==26|Thưởng treo đã bị truy bắt,
61161,s==65|Chỉ có Đoàn Trưởng và Phó Đoàn Trưởng mới có thể phát thưởng treo,
61162,s==67|Thành viên quân đoàn không đủ số lần thử thách tướng địch quân đoàn,
61163,s==37|Thời gian hồi thử thách chưa kết thúc,
61164,s==39|Số lần mua thêm hôm nay đã đạt giới hạn,
61165,s==56|Thời hạn truy nã đã qua， phần thưởng này đã mất hiệu lực,
61166,s==73|Thành trì này không thuộc thế lực (đồng minh) của ta， không thể di chuyển,
61167,s==51|Không thể di chuyển đến doanh trại của thế lực khác,
61168,s==50|Thành trì này đang bị bao vây， không thể điều động,
61169,s==85|Thành trì này không có đường liên thông đến đại bản doanh của ta， không thể di chuyển,
61170,s==52|Không thể công kích thành trì của chính thế lực mình,
61171,s==30|Không thể công kích doanh trại,
61172,s==39|Không thể công kích thành trì đồng minh,
61173,s==56|Cần đến thành trì lân cận mới có thể tiến hành công kích,
61174,s==60|Sau cấp 100 mới có thể xem thông tin người chơi khác khu vực,
61175,s==29|Túi Thần Thú không đủ ô trống,
61176,s==49|Cấp độ nuôi dưỡng chiến mã hiện tại đã đạt tối đa,
61177,s==28|Không đủ vật phẩm nuôi dưỡng,
61178,s==35|Vật phẩm nuôi dưỡng đã đạt giới hạn,
61179,s==54|Không thể cướp mỏ khoáng của thành viên quân đoàn mình,
61180,s==40|Số lượng kết bạn hôm nay đã đạt giới hạn,
9039,s==57|Số lần sửa thông báo quân đoàn trong ngày đã đạt giới hạn,
61181,s==83|Đối phương hôm nay đã đạt giới hạn thêm bạn bè， một số bạn bè thêm không thành công,
61182,s==48|Không đủ đóng góp quân đoàn để mở khóa phát ngôn,
61183,s==28|Tiên Môn Ảo Cảnh đã kết thúc,
61184,s==31|Không đủ Khóa Tử Ngọc cần thiết,
61185,s==22|Không đủ KNB cần thiết,
61189,s==53|Hiện tại không còn lượt điểm kim， xin chờ đợi làm mới,
61190,s==42|Không đủ KNB cho một lần điểm vàng tự động,
61191,s==66|Đã tham gia bố trận， xin chủ công trước rút vị tướng này khỏi trận,
61192,s==45|Thần Tướng Lục - Đã đạt giới hạn cấp hiện tại,
61193,s==33|Không đủ Châu Tầm Phong cần thiết,
61194,s==84|Quân đoàn mỗi ngày đang cập nhật Ảo Cảnh Tiên Môn， chủ công xin chờ chút nữa rồi đến,
61195,s==22|Cấp quân đoàn không đủ,
61196,s==70|Quân đoàn Ảo Cảnh Tiên Môn chưa khai mở， chủ công xin ngày mai lại đến,
61197,s==12|Vị trí ô sai,
61198,s==16|Ô không hiển thị,
61199,s==18|Loại sự kiện ô sai,
61200,s==23|Sự kiện ô đã hoàn thành,
61201,s==104|Thân ái chủ công， hôm nay Ảo Cảnh Tiên Môn của quân đoàn đã kết thúc rồi， xin ngày mai lại đến thử thách,
61202,s==55|Khởi tạo Ảo Cảnh Tiên Môn quân đoàn hàng ngày gặp sự cố,
61203,s==31|Không tìm thấy chương tương ứng,
61204,s==23|Mục này chưa thể bỏ qua,
61205,s==22|Lộ trình kích hoạt sai,
61206,s==18|Thưởng lãi dĩ lĩnh,
61207,s==29|Phần thưởng chưa được mở khóa,
61208,s==41|Chưa vượt ải Thám Bảo hàng ngày quân đoàn,
61209,s==48|Thám Bảo hàng ngày quân đoàn hôm nay đã kết thúc,
61210,s==17|Tướng đều tử trận,
61211,s==18|Thưởng lãi dĩ lĩnh,
61212,s==29|Phần thưởng chưa được mở khóa,
61213,s==30|Xin thêm vật phẩm vào Túi Phúc,
61214,s==42|Mời tái lựa vật phẩm rồi thêm vào Phúc Đạo,
61215,s==24|Lần mua còn lại không đủ,
61216,s==25|Công tích đã tiêu hao hết,
61217,s==27|Võ tướng cần thiết không đủ,
61218,s==21|Dữ liệu quân địch sai,
61219,s==49|Anh hùng thức tỉnh trang phục không thể phân giải,
61220,s==37|Trang phục thường không thể thức tỉnh,
61221,s==32|Tự động nhận nhiệm vụ thành công,
61223,s==31|Xẻng tìm bảo cần thiết không đủ,
61224,s==57|Phần thưởng này không phải phần thưởng giai đoạn hiện tại,
61225,s==22|Hàng hóa không tồn tại,
61227,s==46|Mỏ khai thác đang thanh toán， xin chờ một chút,
76000,s==28|ID dự đoán đại hội bỉ võ sai,
76001,s==44|Thời gian thích đã qua， không thể thích được,
76002,s==30|KNB cần để điểm thích không đủ,
76003,s==36|Đồng tiền cần để điểm thích không đủ,
76004,s==56|Bao lì xì này đã bị lấy rồi， chúa công đừng tham lam quá,
76005,s==57|Từ 18 giờ đến 20 giờ 20 phút không thể thay đổi trận hình,
76006,s==24|Nhận hồng bao thành công,
76007,s==63|Bao lì xì này đã hết hạn rồi， chúa công lần sau đến sớm hơn nha,
76008,s==75|Bao lì xì này đã hết hạn， thật buồn cười， chúa công lần sau đến sớm hơn nha,
76009,s==56|Hôm nay đã điểm danh rồi， chúa công xin ngày mai lại đến,
76010,s==23|Đã hoàn thành điểm danh,
76011,s==35|Kỹ năng chiến mã không thể khóa hết,
9040,s==37|Ảnh đại đội này tạm thời chưa mở khóa,
9041,s==31|Ảnh đại đội này đã hết hiệu lực,
76013,s==20|Thách đấu chính mình,
76014,s==41|Xin hãy thiết lập phần thưởng ưng ý trước,
76015,s==35|Lần chia sẻ hôm nay đã đạt giới hạn,
9042,s==50|Thời gian chuyển đổi ảnh đại đội chưa đủ hồi chiêu,
76012,s==52|Lời mời bỉ võ do đế vương phát ra lần này đã quá hạn,
76016,s==66|Tướng bạn thuê hằng ngày， chỉ có thể tham chiến PVP 2 lần thôi nha,
76017,s==50|Càn Khôn Thám Bảo - Hoạt động thám bảo đã kết thúc,
76018,s==40|Càn Khôn Thám Bảo - Vé thám bảo không đủ,
76019,s==41|Càn Khôn Thám Bảo - KNB thám bảo không đủ,
76020,s==61|Chúa công， hôm nay đã đổi quân đoàn rồi， xin ngày mai lại đến,
76021,s==20|Lần đốt lửa không đủ,
76022,s==58|Hoạt động liên server sắp khai mở， xin chờ một lát rồi đến,
76023,s==34|Đã vượt ải không thể thách đấu lại,
76024,s==26|Xin vượt ải trước ải trước,
76025,s==41|Cấp độ cần thiết để thách đấu ải không đủ,
76026,s==31|Không đáp ứng yêu cầu thách đấu,
76027,s==31|Lần tặng hoa hoạt động không đủ,
76028,s==19|Vị trí võ tướng sai,
76029,s==12|Lần không đủ,
76030,s==18|Thưởng lãi dĩ lĩnh,
76031,s==29|Phần thưởng chưa được mở khóa,
76032,s==36|Không thể chia sẻ báo chiến liên tục,
76033,s==40|Đã sở hữu linh hồn chiến binh giống nhau,
76034,s==35|Đạo cụ tinh luyện trang bị không đủ,
76035,s==40|KNB đặt lại tinh luyện trang bị không đủ,
76036,s==47|Vật phẩm đổi không nằm trong thời gian quy định,
76037,s==21|Đổi võ tướng thất bại,
76038,s==27|Không thể giao đấu liên tục,
76039,s==26|Không thể làm mới liên tục,
76040,s==38|Võ tướng chưa mở tính năng đột phá cấp,
76041,s==37|Đã đạt giới hạn cấp cao nhất hiện tại,
76042,s==57|Võ tướng Huyền Viên Cung không thể thực hiện thao tác này,
76043,s==12|Sửa tỉnh sai,
76044,s==21|Tỉnh và thành phố sai,
76045,s==29|Không trong phạm vi thời gian,
76046,s==16|Mũi tên không đủ,
76047,s==69|Võ tướng truyền thừa Huyền Viên Cung không thể thực hiện thao tác này,
76049,s==19|Cấp bửu ấn không đủ,
76050,s==16|Hệ thống chưa mở,
76051,s==38|Giai đoạn hiện tại không thể chiến đấu,
76053,s==21|Máu công trình đã đầy,
76054,s==29|Công trình không thể sửa chữa,
76055,s==45|Công trình sửa chữa không liền kề ô mình đứng,
76056,s==23|Đang hồi chiêu sửa chữa,
76057,s==24|Công trình đã bị phá hủy,
76058,s==39|Chỉ có thể công kích công trình liền kề,
76059,s==24|Đang hồi chiêu công kích,
76060,s==38|Chỉ có thể công kích người chơi cùng ô,
76061,s==41|Người chơi này và mình cùng phe lực lượng,
76062,s==43|Trạng thái được bảo vệ， không thể công kích,
76063,s==37|Nhiệm vụ của ngươi là bảo vệ Long Trụ,
76064,s==21|Xin hãy bố trận trước,
76065,s==55|Chỉ có trưởng đại đội mới có thể thiết lập điểm tập kết,
76066,s==49|Số lượng điểm tập kết thiết lập vượt quá giới hạn,
76067,s==109|Rút lui khỏi quân đoàn thất bại trong thời gian sự kiện Song Thành Chi Chiến không thể rút lui khỏi quân đoàn,
76068,s==26|Lượt thử thách đã dùng hết,
76069,s==15|Bố trận sai lầm,
76070,s==23|Lượt mua đã sử dụng hết,
76071,s==52|Quân đoàn của người chơi không tham gia lối chơi này,
76072,s==24|Công trình không tồn tại,
54018,s==16|Cấp VIP không đủ,
54019,s==22|Không đủ KNB cần thiết,
54020,s==30|Lượt thử thách đã đạt giới hạn,
76076,s==25|Không đủ Tùng Hoành Khoán,
76077,s==23|Trò chơi đang tiến hành,
76078,s==17|Hoạt động chưa mở,
76079,s==23|Xin chờ sự kiện bắt đầu,
76080,s==19|Sự kiện đã kết thúc,
76081,s==34|Lối chơi Long Môn Đấu Trận chưa mở,
76082,s==36|Kỳ Long Môn Đấu Trận này đã kết thúc,
76083,s==64|Tầng này đã qua， sau khi thiết lập lại tầng có thể thử thách lại,
76084,s==40|Vượt ải tầng này sẽ mở khóa tầng kế tiếp,
76085,s==32|Ít nhất cần có một tướng ra trận,
76086,s==25|Chưa chọn tướng trợ chiến,
76087,s==73|Điểm tăng cường không đủ， tiêu diệt quân địch có thể nhận điểm tăng cường,
76088,s==50|Phù văn này không thể trang bị vào vị trí hiện tại,
76089,s==25|Phù văn đã đạt cấp tối đa,
76090,s==48|Phù văn này không thể dùng để tiêu hao cường hóa,
76091,s==27|Vị trí này không có phù văn,
76092,s==30|Tài nguyên thăng tinh không đủ,
76093,s==32|Phù văn này không thể thăng tinh,
76094,s==40|Số lượng phù văn tiêu hao thăng tinh sai,
76095,s==42|Chất lượng phù văn tiêu hao thăng tinh sai,
76096,s==32|Phù văn này không thể thăng phẩm,
76097,s==30|Tài nguyên thăng phẩm không đủ,
76098,s==35|Phù văn này không cho phép đổi chác,
76099,s==33|Định nghĩa phù văn không tìm thấy,
76100,s==34|Tiêu hao đổi chác phù văn không đủ,
76101,s==40|Phù văn này không cho phép thiết lập lại,
76102,s==32|Vị trí này chưa trang bị phù văn,
76103,s==38|Rèn luyện không thể khóa tất cả vị trí,
76104,s==35|Vị trí này chưa tiến hành rèn luyện,
76105,s==27|Chất lượng phù văn không đủ,
76106,s==26|Lượt đột phá đã đạt tối đa,
76107,s==48|Số lượng phẩm chất thuộc tính rèn luyện không đủ,
76108,s==30|Vật phẩm phù văn không tồn tại,
76109,s==19|Tướng không tồn tại,
76110,s==64|Số lượng loại vật phẩm đặc biệt chọn rèn luyện vượt quá giới hạn,
76111,s==27|Vật phẩm rèn luyện không đủ,
76112,s==43|Vật phẩm kế thừa đá rèn luyện không tồn tại,
76113,s==22|Không cho phép kế thừa,
76114,s==36|Phù văn này không cho phép phân giải,
76115,s==60|Chiến tranh song thành khai mở， không thể giải tán quân đoàn,
8024,s==32|Xin chọn phần thưởng ưng ý trước,
76116,s==21|Trang phục đã mở khóa,
76117,s==24|Quân trận này đã mở khóa,
76118,s==21|Đã chọn quân trận này,
76119,s==34|Số lượng quân trận đã đạt giới hạn,
76120,s==22|Quân trận chưa mở khóa,
76121,s==31|Tướng này đã ở vị trí trận nhãn,
76122,s==24|Xin chọn quân trận trước,
76123,s==25|Trang phục chưa kích hoạt,
76124,s==31|Không phải trang phục thức tỉnh,
76125,s==13|Mệnh lệnh sai,
76126,s==51|Phương pháp trận pháp chứa vật phẩm hộ vệ trùng lặp,
76127,s==47|Không đủ không gian hành trang， không thể tế lễ,
73128,s==39|Thời gian hồi chiêu đổi thưởng chưa đến,
76129,s==54|Người chơi quốc chiến thiết lập không cho phép phái đi,
20018,s==25|Đã nhận gói quà cùng loại,
76134,s==41|Sự kiện hồi quy không có lượt quay thưởng,
76135,s==27|Tiêu hao cần thiết không đủ,
76136,s==50|Chủ công không có quyền mở rộng số lượng quân đoàn,
33024,s==50|Thuyền phẩm chất này không thể mời bạn bè chi viện,
33025,s==30|Lượt mời hộ vệ đã đạt giới hạn,
33026,s==43|Chiến lực bạn bè không đạt yêu cầu chi viện,
76137,s==36|Lượt thuê trong tuần đã đạt giới hạn,
76140,s==37|Chiến lực gia nhập quân đoàn không đủ,
76141,s==74|Người chơi quốc chiến thiết lập chỉ cho phép phái đi người trong quân đoàn,
76142,s==43|KNB mua lệnh công thành quốc chiến không đủ,
76143,s==44|Lượt mua lệnh công thành quốc chiến không đủ,
76144,s==101|Loại bỏ khỏi quân đoàn thất bại trong thời gian sự kiện Song Thành Chiến không thể loại bỏ thành viên,
76138,s==20|Xin phái tướng trước,
76139,s==19|Loại trang phục sai,
61228,s==33|Xin chọn phạm vi chiến lực đầy đủ,
61229,s==71|Quân đoàn hiện tại cấm sửa đổi thông báo， xin liên hệ nhân viên hỗ trợ!,
76145,s==30|Không tìm thấy đạo cụ Linh Thú,
76146,s==39|Cấp bậc Linh Thú đã đạt giới hạn tối đa,
76147,s==33|Linh Thú này không thể chuyển hóa,
76148,s==31|Võ tướng chưa trang bị Linh Thú,
76149,s==25|Xin chọn đạo cụ thăng sao,
76150,s==32|Linh Thú không thể thiết lập lại,
76151,s==22|Điểm tích lũy không đủ,
76152,s==43|Số lượng tiêu hao thăng sao không chính xác,
76153,s==41|Đạo cụ tiêu hao thăng sao không chính xác,
76154,s==49|Tinh châu dự báo Linh Thú đã được mở khóa toàn bộ,
76155,s==44|Vị trí kỹ năng bị động của Linh Thú không đủ,
76156,s==33|Linh Thú này chưa học kỹ năng này,
76157,s==50|Không đủ không gian hành trang， không thể ấp trứng,
76158,s==52|Vị trí kỹ năng thuộc tính Linh Thú chưa được mở khóa,
76159,s==46|Xin chọn kỹ năng thuộc tính Linh Thú chính xác,
9043,s==42|Tên quân đoàn không hợp lệ về số lượng chữ,
9044,s==49|Tuyên ngôn quân đoàn không hợp lệ về số lượng chữ,
76171,s==21|Chủ công không đủ KNB,
76172,s==34|Hôm nay đã đạt giới hạn số lần mua,
76173,s==18|Thưởng lãi dĩ lĩnh,
76174,s==25|Số lần thử thách không đủ,
76175,s==33|Hiện tại không có dữ liệu đối thủ,
76176,s==49|Thời gian hiện tại không phải giai đoạn thách đấu,
76177,s==73|Hiện tại bậc hạng chưa có đối thủ， chủ công hãy chờ lát nữa thử thách lại,
76181,s==80|Đội hình xuất chiến tướng sĩ chưa đủ， chủ công hãy bố trí xong rồi thử thách lại,
76183,s==34|Bộ sưu tập cá nhân đã đạt giới hạn,
76184,s==24|Hệ thống Vô Song chưa mở,
76185,s==44|Loại điểm sao thuộc loại thuộc tính chỉ định,
76186,s==39|Nhóm thuộc tính điểm sao này đã tồn tại,
76197,s==32|Điểm sao này đã đạt cấp cao nhất,
76198,s==28|Tổng cấp bản đồ sao không đủ,
76301,s==36|Không trong khoảng thời gian dự đoán,
76302,s==29|Trận dự đoán không có đội này,
76303,s==10|Đã dự đoán,
76304,s==30|Số lần đổi quà đã đạt giới hạn,
76305,s==41|Trận đấu đã có kết quả， không thể dự đoán,
4129,s==66|Võ tướng trong Quân Chủ Phủ không có truyền thừa không thể ra trận,
54013,s==18|Thưởng lãi dĩ lĩnh,
76161,s==32|Xin chọn Linh Thú cùng phẩm chất,
76162,s==23|Linh Thú này đã bị khóa,
76163,s==34|Xin hoàn thành dự báo Linh Thú Đài,
76401,s==30|Vị trí bày bán đã đạt giới hạn,
76402,s==53|Linh Thú này đang trong thời gian làm mát khi bày bán,
76403,s==56|Mỗi lần  giá phải đạt ngưỡng tối thiểu của phẩm chất này,
76404,s==30|Thần Thú này không thể bày bán,
76405,s==42|Giá đấu giá trùng với giá một lần mua ngay,
76406,s==18|Thưởng lãi dĩ lĩnh,
76407,s==31|Điểm tích lũy hiện tại không đủ,
76408,s==25|Sảnh đấu giá đang bảo trì,
76409,s==26|Hành trang Linh Thú đã đầy,
9045,s==67|Sau khi hợp nhất máy chủ có thể mở rộng giới hạn số lượng quân đoàn,
76210,s==37|Ấn tướng này là Ấn tướng chuyên thuộc,
76211,s==33|Ấn tướng này không thể thăng phẩm,
76212,s==31|Ấn tướng này không thể hồi truy,
761220,s==27|Võ tướng này không thể chọn,
761221,s==16|Đã chọn võ tướng,
76411,s==58|Tình trạng linh thú hiện thay đổi， xin chờ lát nữa thử lại,
76413,s==21|Sao Võ Tướng không đủ,
76415,s==63|Trong thời gian đấu giá bảo vật vật phẩm này không thể gỡ xuống,
76416,s==39|Hoạt động đang trong giai đoạn kết toán,
76500,s==20|Nguyên liệu không đủ,
76501,s==30|Nguyên liệu thăng cấp không đủ,
76235,s==30|Huyễn Vũ chuyên thuộc không đủ,
76236,s==58|Đạo cụ Huyễn Vũ chuyên thuộc đã cường hóa đến cấp cao nhất,
76237,s==58|Đạo cụ Huyễn Vũ chuyên thuộc đã thăng sao đến cấp cao nhất,
76238,s==41|Chưa trang bị Huyễn Vũ chuyên thuộc chính,
76239,s==24|Vị trí chưa được mở khóa,
76240,s==39|Tháo bỏ Huyễn Vũ chuyên thuộc gặp sự cố,
76241,s==28|Kỹ năng Huyễn Linh gặp sự cố,
76242,s==43|Vị trí kỹ năng Huyễn Linh chưa được mở khóa,
76243,s==38|Huyễn Vũ chuyên thuộc này đang bị khóa,
76244,s==63|Phẩm chất Huyễn Vũ chuyên thuộc này quá cao không thể phân giải,
76245,s==72|Phẩm chất Huyễn Vũ chuyên thuộc trước và sau truyền thừa không nhất quán,
76246,s==39|Cấp độ khởi đầu không thể thiết lập lại,
76247,s==36|Sao khởi đầu không thể thiết lập lại,
76248,s==22|Dự báo đã được mở khóa,
76249,s==39|Kỹ năng Huyễn Linh này đã được trang bị,
76502,s==35|Vật phẩm này tạm thời không thể đổi,
76250,s==27|Huyễn Vũ này chưa kích hoạt,
76251,s==56|Hộ Vũ chỉ có thể trang bị Huyễn Vũ phẩm chất Cam trở lên,
76260,s==52|Phần thưởng Thẻ Trọn Đời hôm nay đã được gửi qua thư,
76504,s==21|Võ tướng phi Hư Không,
76505,s==50|Hư Không Võ tướng không thể thực hiện thao tác này,
76506,s==71|Võ tướng bị Hư Không Võ tướng liên kết không thể thực hiện thao tác này,
76507,s==55|Võ tướng liên kết đã bị Hư Không Võ tướng khác liên kết,
76508,s==48|Võ tướng liên kết không đáp ứng yêu cầu liên kết,
76509,s==40|Hư Không Võ tướng chưa liên kết võ tướng,
76510,s==70|Hư Không Võ tướng không thể cùng lúc xuất chiến với đối tượng liên kết,
76511,s==22|Đã sở hữu võ tướng này,
76512,s==38|Võ tướng trải nghiệm không thể phái đi,
76513,s==49|Võ tướng trải nghiệm không thể đơn độc xuất chiến,
76530,s==26|Lịch sử thử thách không đủ,
55,s==31|Không trong thời gian thử thách,
76520,s==33|Không tìm thấy Liệt Hầu tương ứng,
76521,s==37|Nâng cấp Phong Hầu vẫn đang đếm ngược,
76522,s==47|Phong Hầu hiện tại không thể rút ngắn thời gian,
76531,s==45|Phong hầu tiến hành trung， thỉnh chờ một chút,
76532,s==30|Không tìm thấy dữ liệu Nội Đan,
76533,s==27|Xin hãy tháo Nội Đan phụ ra,
76534,s==23|Phẩm chất không phù hợp,
76535,s==25|Đã đạt phẩm chất cao nhất,
76546,s==26|Hợp thành Nội Đan thất bại,
76547,s==15|Loại đạo cụ sai,
76548,s==24|Vị trí này đã có Nội Đan,
76549,s==18|Nội Đan đã bị khóa,
76550,s==23|Xin hãy tháo Nội Đan ra,
76523,s==44|Số lần rèn luyện không đủ điều kiện nâng cấp,
76551,s==43|Không tìm thấy Linh Mạch Tinh Hồn tương ứng,