id,name,sectionId,star,boxRewards-type-1,boxRewards-id-1,boxRewards-value-1,boxRewards-type-2,boxRewards-id-2,boxRewards-value-2,boxRewards-type-3,boxRewards-id-3,boxRewards-value-3,
101,s==32|Chương này đạt mười sao mục tiêu,1,10,2,521102,1,2,1008,5,,,,
102,s==36|Chương này đạt hai mươi sao mục tiêu,1,20,2,521202,1,2,1058,1,,,,
103,s==35|Chương này đạt ba mươi sao mục tiêu,1,30,2,521302,1,2,521402,1,2,1009,1,
201,s==32|Chương này đạt mười sao mục tiêu,2,10,2,521104,1,2,1008,5,,,,
202,s==36|Chương này đạt hai mươi sao mục tiêu,2,20,2,521204,1,2,1058,1,,,,
203,s==35|Chương này đạt ba mươi sao mục tiêu,2,30,2,521304,1,2,521404,1,2,1009,1,
301,s==32|Chương này đạt mười sao mục tiêu,3,10,2,521101,1,2,1008,5,,,,
302,s==36|Chương này đạt hai mươi sao mục tiêu,3,20,2,521201,1,2,1058,1,,,,
303,s==35|Chương này đạt ba mươi sao mục tiêu,3,30,2,521301,1,2,521401,1,2,1009,1,
401,s==32|Chương này đạt mười sao mục tiêu,4,10,2,521103,1,2,1008,5,,,,
402,s==36|Chương này đạt hai mươi sao mục tiêu,4,20,2,521203,1,2,1058,1,,,,
403,s==35|Chương này đạt ba mươi sao mục tiêu,4,30,2,521303,1,2,521403,1,2,1009,1,
501,s==32|Chương này đạt mười sao mục tiêu,5,10,2,521108,1,2,1008,5,,,,
502,s==36|Chương này đạt hai mươi sao mục tiêu,5,20,2,521208,1,2,1058,1,,,,
503,s==35|Chương này đạt ba mươi sao mục tiêu,5,30,2,521308,1,2,521408,1,2,1009,1,
601,s==32|Chương này đạt mười sao mục tiêu,6,10,2,521107,1,2,1008,5,,,,
602,s==36|Chương này đạt hai mươi sao mục tiêu,6,20,2,521207,1,2,1058,1,,,,
603,s==35|Chương này đạt ba mươi sao mục tiêu,6,30,2,521307,1,2,521407,1,2,1009,1,
701,s==32|Chương này đạt mười sao mục tiêu,7,10,2,521106,1,2,1008,5,,,,
702,s==36|Chương này đạt hai mươi sao mục tiêu,7,20,2,521206,1,2,1058,1,,,,
703,s==35|Chương này đạt ba mươi sao mục tiêu,7,30,2,521306,1,2,521406,1,2,1009,1,
801,s==32|Chương này đạt mười sao mục tiêu,8,10,2,521105,1,2,1008,5,,,,
802,s==36|Chương này đạt hai mươi sao mục tiêu,8,20,2,521205,1,2,1058,1,,,,
803,s==35|Chương này đạt ba mươi sao mục tiêu,8,30,2,521305,1,2,521405,1,2,1009,1,
901,s==32|Chương này đạt mười sao mục tiêu,9,10,2,521110,1,2,1008,5,,,,
902,s==36|Chương này đạt hai mươi sao mục tiêu,9,20,2,521210,1,2,1058,1,,,,
903,s==35|Chương này đạt ba mươi sao mục tiêu,9,30,2,521310,1,2,521410,1,2,1009,1,
1001,s==32|Chương này đạt mười sao mục tiêu,10,10,2,521111,1,2,1008,5,,,,
1002,s==36|Chương này đạt hai mươi sao mục tiêu,10,20,2,521211,1,2,1058,1,,,,
1003,s==35|Chương này đạt ba mươi sao mục tiêu,10,30,2,521311,1,2,521411,1,2,1009,1,
1101,s==32|Chương này đạt mười sao mục tiêu,11,10,2,521112,1,2,1008,5,,,,
1102,s==36|Chương này đạt hai mươi sao mục tiêu,11,20,2,521212,1,2,1058,1,,,,
1103,s==35|Chương này đạt ba mươi sao mục tiêu,11,30,2,521312,1,2,521412,1,2,1009,1,
1201,s==32|Chương này đạt mười sao mục tiêu,12,10,2,521109,1,2,1008,5,,,,
1202,s==36|Chương này đạt hai mươi sao mục tiêu,12,20,2,521209,1,2,1058,1,,,,
1203,s==35|Chương này đạt ba mươi sao mục tiêu,12,30,2,521309,1,2,521409,1,2,1009,1,
1301,s==32|Chương này đạt mười sao mục tiêu,13,10,2,521102,1,2,1008,5,,,,
1302,s==36|Chương này đạt hai mươi sao mục tiêu,13,20,2,521202,1,2,1058,1,,,,
1303,s==35|Chương này đạt ba mươi sao mục tiêu,13,30,2,521302,1,2,521402,1,2,1009,1,
1401,s==32|Chương này đạt mười sao mục tiêu,14,10,2,521104,1,2,1008,5,,,,
1402,s==36|Chương này đạt hai mươi sao mục tiêu,14,20,2,521204,1,2,1058,1,,,,
1403,s==35|Chương này đạt ba mươi sao mục tiêu,14,30,2,521304,1,2,521404,1,2,1009,1,
1501,s==32|Chương này đạt mười sao mục tiêu,15,10,2,521101,1,2,1008,5,,,,
1502,s==36|Chương này đạt hai mươi sao mục tiêu,15,20,2,521201,1,2,1058,1,,,,
1503,s==35|Chương này đạt ba mươi sao mục tiêu,15,30,2,521301,1,2,521401,1,2,1009,1,
1601,s==32|Chương này đạt mười sao mục tiêu,16,10,2,521103,1,2,1008,5,,,,
1602,s==36|Chương này đạt hai mươi sao mục tiêu,16,20,2,521203,1,2,1058,1,,,,
1603,s==35|Chương này đạt ba mươi sao mục tiêu,16,30,2,521303,1,2,521403,1,2,1009,1,
1701,s==32|Chương này đạt mười sao mục tiêu,17,10,2,521108,1,2,1008,5,,,,
1702,s==36|Chương này đạt hai mươi sao mục tiêu,17,20,2,521208,1,2,1058,1,,,,
1703,s==35|Chương này đạt ba mươi sao mục tiêu,17,30,2,521308,1,2,521408,1,2,1009,1,
1801,s==32|Chương này đạt mười sao mục tiêu,18,10,2,521107,1,2,1008,5,,,,
1802,s==36|Chương này đạt hai mươi sao mục tiêu,18,20,2,521207,1,2,1058,1,,,,
1803,s==35|Chương này đạt ba mươi sao mục tiêu,18,30,2,521307,1,2,521407,1,2,1009,1,
1901,s==32|Chương này đạt mười sao mục tiêu,19,10,2,521106,1,2,1008,5,,,,
1902,s==36|Chương này đạt hai mươi sao mục tiêu,19,20,2,521206,1,2,1058,1,,,,
1903,s==35|Chương này đạt ba mươi sao mục tiêu,19,30,2,521306,1,2,521406,1,2,1009,1,
2001,s==32|Chương này đạt mười sao mục tiêu,20,10,2,521105,1,2,1008,5,,,,
2002,s==36|Chương này đạt hai mươi sao mục tiêu,20,20,2,521205,1,2,1058,1,,,,
2003,s==35|Chương này đạt ba mươi sao mục tiêu,20,30,2,521305,1,2,521405,1,2,1009,1,
2101,s==32|Chương này đạt mười sao mục tiêu,21,10,2,521110,1,2,1008,5,,,,
2102,s==36|Chương này đạt hai mươi sao mục tiêu,21,20,2,521210,1,2,1058,1,,,,
2103,s==35|Chương này đạt ba mươi sao mục tiêu,21,30,2,521310,1,2,521410,1,2,1009,1,
2201,s==32|Chương này đạt mười sao mục tiêu,22,10,2,521111,1,2,1008,5,,,,
2202,s==36|Chương này đạt hai mươi sao mục tiêu,22,20,2,521211,1,2,1058,1,,,,
2203,s==35|Chương này đạt ba mươi sao mục tiêu,22,30,2,521311,1,2,521411,1,2,1009,1,
2301,s==32|Chương này đạt mười sao mục tiêu,23,10,2,521112,1,2,1008,5,,,,
2302,s==36|Chương này đạt hai mươi sao mục tiêu,23,20,2,521212,1,2,1058,1,,,,
2303,s==35|Chương này đạt ba mươi sao mục tiêu,23,30,2,521312,1,2,521412,1,2,1009,1,
2401,s==32|Chương này đạt mười sao mục tiêu,24,10,2,521109,1,2,1008,5,,,,
2402,s==36|Chương này đạt hai mươi sao mục tiêu,24,20,2,521209,1,2,1058,1,,,,
2403,s==35|Chương này đạt ba mươi sao mục tiêu,24,30,2,521309,1,2,521409,1,2,1009,1,
2501,s==32|Chương này đạt mười sao mục tiêu,25,10,2,521102,1,2,1008,5,,,,
2502,s==36|Chương này đạt hai mươi sao mục tiêu,25,20,2,521202,1,2,1058,1,,,,
2503,s==35|Chương này đạt ba mươi sao mục tiêu,25,30,2,521302,1,2,521402,1,2,1009,1,
2601,s==32|Chương này đạt mười sao mục tiêu,26,10,2,521104,1,2,1008,5,,,,
2602,s==36|Chương này đạt hai mươi sao mục tiêu,26,20,2,521204,1,2,1058,1,,,,
2603,s==35|Chương này đạt ba mươi sao mục tiêu,26,30,2,521304,1,2,521404,1,2,1009,1,
2701,s==32|Chương này đạt mười sao mục tiêu,27,10,2,521101,1,2,1008,5,,,,
2702,s==36|Chương này đạt hai mươi sao mục tiêu,27,20,2,521201,1,2,1058,1,,,,
2703,s==35|Chương này đạt ba mươi sao mục tiêu,27,30,2,521301,1,2,521401,1,2,1009,1,
2801,s==32|Chương này đạt mười sao mục tiêu,28,10,2,521103,1,2,1008,5,,,,
2802,s==36|Chương này đạt hai mươi sao mục tiêu,28,20,2,521203,1,2,1058,1,,,,
2803,s==35|Chương này đạt ba mươi sao mục tiêu,28,30,2,521303,1,2,521403,1,2,1009,1,
2901,s==32|Chương này đạt mười sao mục tiêu,29,10,2,521108,1,2,1008,5,,,,
2902,s==36|Chương này đạt hai mươi sao mục tiêu,29,20,2,521208,1,2,1058,1,,,,
2903,s==35|Chương này đạt ba mươi sao mục tiêu,29,30,2,521308,1,2,521408,1,2,1009,1,
3001,s==32|Chương này đạt mười sao mục tiêu,30,10,2,521107,1,2,1008,5,,,,
3002,s==36|Chương này đạt hai mươi sao mục tiêu,30,20,2,521207,1,2,1058,1,,,,
3003,s==35|Chương này đạt ba mươi sao mục tiêu,30,30,2,521307,1,2,521407,1,2,1009,1,
3101,s==32|Chương này đạt mười sao mục tiêu,31,10,2,521106,1,2,1008,5,,,,
3102,s==36|Chương này đạt hai mươi sao mục tiêu,31,20,2,521206,1,2,1058,1,,,,
3103,s==35|Chương này đạt ba mươi sao mục tiêu,31,30,2,521306,1,2,521406,1,2,1009,1,
3201,s==32|Chương này đạt mười sao mục tiêu,32,10,2,521105,1,2,1008,5,,,,
3202,s==36|Chương này đạt hai mươi sao mục tiêu,32,20,2,521205,1,2,1058,1,,,,
3203,s==35|Chương này đạt ba mươi sao mục tiêu,32,30,2,521305,1,2,521405,1,2,1009,1,
3301,s==32|Chương này đạt mười sao mục tiêu,33,10,2,521110,1,2,1008,5,,,,
3302,s==36|Chương này đạt hai mươi sao mục tiêu,33,20,2,521210,1,2,1058,1,,,,
3303,s==35|Chương này đạt ba mươi sao mục tiêu,33,30,2,521310,1,2,521410,1,2,1009,1,
3401,s==32|Chương này đạt mười sao mục tiêu,34,10,2,521111,1,2,1008,5,,,,
3402,s==36|Chương này đạt hai mươi sao mục tiêu,34,20,2,521211,1,2,1058,1,,,,
3403,s==35|Chương này đạt ba mươi sao mục tiêu,34,30,2,521311,1,2,521411,1,2,1009,1,
3501,s==32|Chương này đạt mười sao mục tiêu,35,10,2,521112,1,2,1008,5,,,,
3502,s==36|Chương này đạt hai mươi sao mục tiêu,35,20,2,521212,1,2,1058,1,,,,
3503,s==35|Chương này đạt ba mươi sao mục tiêu,35,30,2,521312,1,2,521412,1,2,1009,1,
3601,s==32|Chương này đạt mười sao mục tiêu,36,10,2,521109,1,2,1008,5,,,,
3602,s==36|Chương này đạt hai mươi sao mục tiêu,36,20,2,521209,1,2,1058,1,,,,
3603,s==35|Chương này đạt ba mươi sao mục tiêu,36,30,2,521309,1,2,521409,1,2,1009,1,