id,name,quality,type,levelMax,atkGrowUpMix,atkGrowUpMax,hpGrowUpMix,hpGrowUpMax,atkGrowUpAdd,hpGrowUpAdd,baseAtk,baseHp,exclusiveSkillId,descExclusiveSkillId,activeSkillId,petUpStarId,petFlyid,resolveItem-type-1,resolveItem-id-1,resolveItem-value-1,resolveItem-type-2,resolveItem-id-2,resolveItem-value-2,resolveItem-type-3,resolveItem-id-3,resolveItem-value-3,
91001,s==9|Đào Thiết,5,1,30,60000,100000,36000,60000,31,301,2323,1394,2150831,,9100121,10002,10001,2,90501,3,2,10001,1,1,65,600,
91002,s==8|Ứng Long,5,2,30,36000,60000,60000,100000,31,301,1394,2323,2150831,,9100121,20002,20001,2,90502,3,2,10002,1,1,65,600,
91003,s==10|Thanh Long,5,4,30,46000,76000,52000,86000,31,301,1685,1907,2150831,,9100121,30002,30001,2,90503,3,2,10004,1,1,65,500,
91004,s==7|Bạch Hổ,5,1,30,57000,95000,34000,57000,31,301,2107,1264,2150831,,9100121,40002,40001,2,90504,3,2,10001,1,1,65,500,
91005,s==8|Chu Tước,5,3,30,52000,86000,46000,76000,31,301,1907,1685,2150831,,9100121,50002,50001,2,90505,3,2,10003,1,1,65,500,
91006,s==8|Huyền Vũ,5,2,30,34000,57000,57000,95000,31,301,1264,2107,2150831,,9100121,60002,60001,2,90506,3,2,10002,1,1,65,500,
91007,s==7|Hỗn Độn,5,1,30,54000,90000,32000,54000,31,301,1901,1140,2150831,,9100121,70002,70001,2,90507,3,2,10001,1,1,65,400,
91008,s==6|Cửu Vĩ,5,3,30,49000,81000,43000,72000,31,301,1711,1521,2150831,,9100121,80002,80001,2,90508,3,2,10003,1,1,65,400,
91009,s==7|Toan Nê,5,2,30,32000,54000,54000,90000,31,301,1140,1901,2150831,,9100121,90002,90001,2,90509,3,2,10002,1,1,65,400,
91010,s==9|Anh Chiêu,5,4,30,43000,72000,49000,81000,31,301,1521,1711,2150831,,9100121,100002,100001,2,90510,3,2,10004,1,1,65,400,
91011,s==10|Tất Phương,5,4,30,43000,72000,49000,81000,31,301,1521,1711,2150831,,9100121,110002,110001,2,90511,3,2,10004,1,1,65,400,
91012,s==7|Cùng Kỳ,5,3,30,32000,54000,54000,90000,31,301,1140,1901,2150831,,9100121,120002,120001,2,90512,3,2,10003,1,1,65,400,
91013,s==5|Trinh,5,1,30,54000,90000,32000,54000,31,301,1901,1140,2150831,,9100121,130002,130001,2,90513,3,2,10001,1,1,65,400,
91014,s==9|Loàn Điểu,5,3,30,49000,81000,43000,72000,31,301,1711,1521,2150831,,9100121,140002,140001,2,90514,3,2,10003,1,1,65,400,
91015,s==9|Thiên Cẩu,5,1,30,54000,90000,32000,54000,31,301,1901,1140,2150831,,9100121,150002,150001,2,90515,3,2,10001,1,1,65,400,
91016,s==7|Lục Ngô,5,2,30,32000,54000,54000,90000,31,301,1140,1901,2150831,,9100121,160002,160001,2,90516,3,2,10002,1,1,65,400,
91017,s==5|Bá Hạ,5,2,30,49000,81000,43000,72000,31,301,1711,1521,2150831,,9100121,170002,170001,2,90517,3,2,10002,1,1,65,400,
91018,s==12|Tứ Bất Tương,5,4,30,43000,72000,49000,81000,31,301,1521,1711,2150831,,9100121,180002,180001,2,90518,3,2,10004,1,1,65,400,
92001,s==9|Đào Thiết,4,1,30,48000,80000,28800,48000,31,301,1858,1115,,2150831,9100121,10002,,2,90501,2,2,10005,1,1,65,50,
92002,s==8|Ứng Long,4,2,30,28800,48000,48000,80000,31,301,1115,1858,,2150831,9100121,20002,,2,90502,2,2,10006,1,1,65,50,
92003,s==10|Thanh Long,4,4,30,36800,60800,41600,68800,31,301,1348,1526,,2150831,9100121,30002,,2,90503,2,2,10008,1,1,65,50,
92004,s==7|Bạch Hổ,4,1,30,45600,76000,27200,45600,31,301,1686,1011,,2150831,9100121,40002,,2,90504,2,2,10005,1,1,65,50,
92005,s==8|Chu Tước,4,3,30,41600,68800,36800,60800,31,301,1526,1348,,2150831,9100121,50002,,2,90505,2,2,10007,1,1,65,50,
92006,s==8|Huyền Vũ,4,2,30,27200,45600,45600,76000,31,301,1011,1686,,2150831,9100121,60002,,2,90506,2,2,10006,1,1,65,50,
92007,s==7|Hỗn Độn,4,1,30,43200,72000,25600,43200,31,301,1521,912,,2150831,9100121,70002,,2,90507,2,2,10005,1,1,65,50,
92008,s==6|Cửu Vĩ,4,3,30,39200,64800,34400,57600,31,301,1369,1217,,2150831,9100121,80002,,2,90508,2,2,10007,1,1,65,50,
92009,s==7|Toan Nê,4,2,30,25600,43200,43200,72000,31,301,912,1521,,2150831,9100121,90002,,2,90509,2,2,10006,1,1,65,50,
92010,s==9|Anh Chiêu,4,4,30,34400,57600,39200,64800,31,301,1217,1369,,2150831,9100121,100002,,2,90510,2,2,10008,1,1,65,50,
92011,s==10|Tất Phương,4,4,30,34400,57600,39200,64800,31,301,1217,1369,,2150831,9100121,110002,,2,90511,2,2,10008,1,1,65,50,
92012,s==7|Cùng Kỳ,4,3,30,25600,43200,43200,72000,31,301,912,1521,,2150831,9100121,120002,,2,90512,2,2,10007,1,1,65,50,
92013,s==5|Trinh,4,1,30,43200,72000,25600,43200,31,301,1521,912,,2150831,9100121,130002,,2,90513,2,2,10005,1,1,65,50,
92014,s==9|Loàn Điểu,4,3,30,39200,64800,34400,57600,31,301,1369,1217,,2150831,9100121,140002,,2,90514,2,2,10007,1,1,65,50,
92015,s==9|Thiên Cẩu,4,1,30,43200,72000,25600,43200,31,301,1521,912,,2150831,9100121,150002,,2,90515,2,2,10005,1,1,65,50,
92016,s==7|Lục Ngô,4,2,30,25600,43200,43200,72000,31,301,912,1521,,2150831,9100121,160002,,2,90516,2,2,10006,1,1,65,50,
92017,s==5|Bá Hạ,4,2,30,39200,64800,34400,57600,31,301,1369,1217,,2150831,9100121,170002,,2,90517,2,2,10006,1,1,65,50,
92018,s==12|Tứ Bất Tương,4,4,30,34400,57600,39200,64800,31,301,1217,1369,,2150831,9100121,180002,,2,90518,2,2,10008,1,1,65,50,
93001,s==9|Đào Thiết,3,1,30,36000,60000,21600,36000,31,301,1394,836,,2150831,9100121,10002,,2,90501,1,1,65,30,,,,
93002,s==8|Ứng Long,3,2,30,21600,36000,36000,60000,31,301,836,1394,,2150831,9100121,20002,,2,90502,1,1,65,30,,,,
93003,s==10|Thanh Long,3,4,30,27600,45600,31200,51600,31,301,1011,1144,,2150831,9100121,30002,,2,90503,1,1,65,30,,,,
93004,s==7|Bạch Hổ,3,1,30,34200,57000,20400,34200,31,301,1264,758,,2150831,9100121,40002,,2,90504,1,1,65,30,,,,
93005,s==8|Chu Tước,3,3,30,31200,51600,27600,45600,31,301,1144,1011,,2150831,9100121,50002,,2,90505,1,1,65,30,,,,
93006,s==8|Huyền Vũ,3,2,30,20400,34200,34200,57000,31,301,758,1264,,2150831,9100121,60002,,2,90506,1,1,65,30,,,,
93007,s==7|Hỗn Độn,3,1,30,32400,54000,19200,32400,31,301,1141,684,,2150831,9100121,70002,,2,90507,1,1,65,30,,,,
93008,s==6|Cửu Vĩ,3,3,30,29400,48600,25800,43200,31,301,1027,913,,2150831,9100121,80002,,2,90508,1,1,65,30,,,,
93009,s==7|Toan Nê,3,2,30,19200,32400,32400,54000,31,301,684,1141,,2150831,9100121,90002,,2,90509,1,1,65,30,,,,
93010,s==9|Anh Chiêu,3,4,30,25800,43200,29400,48600,31,301,913,1027,,2150831,9100121,100002,,2,90510,1,1,65,30,,,,
93011,s==10|Tất Phương,3,4,30,25800,43200,29400,48600,31,301,913,1027,,2150831,9100121,110002,,2,90511,1,1,65,30,,,,
93012,s==7|Cùng Kỳ,3,3,30,19200,32400,32400,54000,31,301,684,1141,,2150831,9100121,120002,,2,90512,1,1,65,30,,,,
93013,s==5|Trinh,3,1,30,32400,54000,19200,32400,31,301,1141,684,,2150831,9100121,130002,,2,90513,1,1,65,30,,,,
93014,s==9|Loàn Điểu,3,3,30,29400,48600,25800,43200,31,301,1027,913,,2150831,9100121,140002,,2,90514,1,1,65,30,,,,
93015,s==9|Thiên Cẩu,3,1,30,32400,54000,19200,32400,31,301,1141,684,,2150831,9100121,150002,,2,90515,1,1,65,30,,,,
93016,s==7|Lục Ngô,3,2,30,19200,32400,32400,54000,31,301,684,1141,,2150831,9100121,160002,,2,90516,1,1,65,30,,,,
93017,s==5|Bá Hạ,3,2,30,29400,48600,25800,43200,31,301,1027,913,,2150831,9100121,170002,,2,90517,1,1,65,30,,,,
93018,s==12|Tứ Bất Tương,3,4,30,25800,43200,29400,48600,31,301,913,1027,,2150831,9100121,180002,,2,90518,1,1,65,30,,,,