id,itemType,itemId,combineNum,resourceType,resourceId,disPrice,buyLimit,autoReset,worldlvLimit,lvLimit,lvLimitEx,vipLimit,desc,oriPrice,discount,sort,autoBuy,
1001,2,1301,1,2,1006,2940,1,4,,,,0,s==4|迅捷兵书,2940,,999,1,
1002,2,1302,1,2,1006,2940,1,4,,,,0,s==4|物追兵书,2940,,998,1,
1003,2,1303,1,2,1006,2940,1,4,,,,0,s==4|法追兵书,2940,,997,1,
1004,2,1304,1,2,1006,2940,1,4,,,,0,s==4|法攻兵书,2940,,996,1,
1005,2,1305,1,2,1006,2940,1,4,,,,0,s==4|物攻兵书,2940,,995,1,
1006,2,1306,1,2,1006,2940,1,4,,,,0,s==4|连斩兵书,2940,,994,1,
1007,2,1307,1,2,1006,2695,1,4,,,,0,s==4|暴追兵书,2695,,993,1,
1008,2,1308,1,2,1006,2695,1,4,,,,0,s==4|致命兵书,2695,,992,1,
1009,2,1309,1,2,1006,2695,1,4,,,,0,s==4|必杀兵书,2695,,991,1,
1010,2,1310,1,2,1006,2695,1,4,,,,0,s==4|底力兵书,2695,,990,1,
1011,2,1311,1,2,1006,2695,1,4,,,,0,s==4|遁走兵书,2695,,989,1,
1012,2,1312,1,2,1006,2695,1,4,,,,0,s==4|雪恨兵书,2695,,988,1,
1013,2,1313,1,2,1006,2450,1,4,,,,0,s==4|降疗兵书,2450,,987,1,
1014,2,1314,1,2,1006,2450,1,4,,,,0,s==4|完杀兵书,2450,,986,1,
1015,2,1315,1,2,1006,2450,1,4,,,,0,s==4|驱散兵书,2450,,985,1,
1016,2,1316,1,2,1006,2450,1,4,,,,0,s==4|溃诛兵书,2450,,984,1,
1017,2,1317,1,2,1006,2450,1,4,,,,0,s==4|嘲讽兵书,2450,,983,1,
1018,2,1318,1,2,1006,2450,1,4,,,,0,s==4|缓速兵书,2450,,982,1,
1019,2,1319,1,2,1006,2695,1,4,,,,0,s==4|魂佑兵书,2695,,981,1,
1020,2,1320,1,2,1006,2695,1,4,,,,0,s==4|闪避兵书,2695,,980,1,
1021,2,1321,1,2,1006,2695,1,4,,,,0,s==4|压制兵书,2695,,979,1,
1022,2,1322,1,2,1006,2695,1,4,,,,0,s==4|必中兵书,2695,,978,1,
1023,2,1323,1,2,1006,2695,1,4,,,,0,s==4|去疾兵书,2695,,977,1,
1024,2,1324,1,2,1006,2695,1,4,,,,0,s==4|坚韧兵书,2695,,976,1,
1025,2,1325,1,2,1006,2450,1,4,,,,0,s==4|自愈兵书,2450,,975,1,
1026,2,1326,1,2,1006,2450,1,4,,,,0,s==4|复苏兵书,2450,,974,1,
1027,2,1327,1,2,1006,2450,1,4,,,,0,s==4|天命兵书,2450,,973,1,
1028,2,1328,1,2,1006,2450,1,4,,,,0,s==4|机巧兵书,2450,,972,1,
1029,2,1329,1,2,1006,2450,1,4,,,,0,s==4|识破兵书,2450,,971,1,
1030,2,1330,1,2,1006,2450,1,4,,,,0,s==4|御敌兵书,2450,,970,1,
1031,2,1331,1,2,1006,2695,1,4,,,,0,s==4|医术兵书,2695,,969,1,
1032,2,1332,1,2,1006,2695,1,4,,,,0,s==4|自守兵书,2695,,968,1,
1033,2,1333,1,2,1006,2695,1,4,,,,0,s==4|破甲兵书,2695,,967,1,
1034,2,1334,1,2,1006,2695,1,4,,,,0,s==4|掌控兵书,2695,,966,1,
1035,2,1335,1,2,1006,2695,1,4,,,,0,s==4|霸体兵书,2695,,965,1,
1036,2,1336,1,2,1006,2695,1,4,,,,0,s==4|嗜血兵书,2695,,964,1,
1037,2,1337,1,2,1006,2450,1,4,,,,0,s==4|坚毅兵书,2450,,963,1,
1038,2,1338,1,2,1006,2450,1,4,,,,0,s==4|守护兵书,2450,,962,1,
1039,2,1339,1,2,1006,2450,1,4,,,,0,s==4|净化兵书,2450,,961,1,
1040,2,1340,1,2,1006,2450,1,4,,,,0,s==4|震击兵书,2450,,960,1,
1041,2,1341,1,2,1006,2450,1,4,,,,0,s==4|突袭兵书,2450,,959,1,
1042,2,1342,1,2,1006,2450,1,4,,,,0,s==4|奇袭兵书,2450,,958,1,
1043,2,1343,1,2,1006,2940,1,4,,,,0,s==4|汲取兵书,2940,,957,1,
1045,2,1345,1,2,1006,2940,1,4,,,,0,s==4|续疗兵书,2940,,956,1,
2001,2,1301,1,2,1006,2352,1,4,,,,0,s==4|迅捷兵书,2940,8,955,1,
2002,2,1302,1,2,1006,2352,1,4,,,,0,s==4|物追兵书,2940,8,954,1,
2003,2,1303,1,2,1006,2352,1,4,,,,0,s==4|法追兵书,2940,8,953,1,
2004,2,1304,1,2,1006,2352,1,4,,,,0,s==4|法攻兵书,2940,8,952,1,
2005,2,1305,1,2,1006,2352,1,4,,,,0,s==4|物攻兵书,2940,8,951,1,
2006,2,1306,1,2,1006,2352,1,4,,,,0,s==4|连斩兵书,2940,8,950,1,
2007,2,1307,1,2,1006,2156,1,4,,,,0,s==4|暴追兵书,2695,8,949,1,
2008,2,1308,1,2,1006,2156,1,4,,,,0,s==4|致命兵书,2695,8,948,1,
2009,2,1309,1,2,1006,2156,1,4,,,,0,s==4|必杀兵书,2695,8,947,1,
2010,2,1310,1,2,1006,2156,1,4,,,,0,s==4|底力兵书,2695,8,946,1,
2011,2,1311,1,2,1006,2156,1,4,,,,0,s==4|遁走兵书,2695,8,945,1,
2012,2,1312,1,2,1006,2156,1,4,,,,0,s==4|雪恨兵书,2695,8,944,1,
2013,2,1313,1,2,1006,1960,1,4,,,,0,s==4|降疗兵书,2450,8,943,1,
2014,2,1314,1,2,1006,1960,1,4,,,,0,s==4|完杀兵书,2450,8,942,1,
2015,2,1315,1,2,1006,1960,1,4,,,,0,s==4|驱散兵书,2450,8,941,1,
2016,2,1316,1,2,1006,1960,1,4,,,,0,s==4|溃诛兵书,2450,8,940,1,
2017,2,1317,1,2,1006,1960,1,4,,,,0,s==4|嘲讽兵书,2450,8,939,1,
2018,2,1318,1,2,1006,1960,1,4,,,,0,s==4|缓速兵书,2450,8,938,1,
2019,2,1319,1,2,1006,2156,1,4,,,,0,s==4|魂佑兵书,2695,8,937,1,
2020,2,1320,1,2,1006,2156,1,4,,,,0,s==4|闪避兵书,2695,8,936,1,
2021,2,1321,1,2,1006,2156,1,4,,,,0,s==4|压制兵书,2695,8,935,1,
2022,2,1322,1,2,1006,2156,1,4,,,,0,s==4|必中兵书,2695,8,934,1,
2023,2,1323,1,2,1006,2156,1,4,,,,0,s==4|去疾兵书,2695,8,933,1,
2024,2,1324,1,2,1006,2156,1,4,,,,0,s==4|坚韧兵书,2695,8,932,1,
2025,2,1325,1,2,1006,1960,1,4,,,,0,s==4|自愈兵书,2450,8,931,1,
2026,2,1326,1,2,1006,1960,1,4,,,,0,s==4|复苏兵书,2450,8,930,1,
2027,2,1327,1,2,1006,1960,1,4,,,,0,s==4|天命兵书,2450,8,929,1,
2028,2,1328,1,2,1006,1960,1,4,,,,0,s==4|机巧兵书,2450,8,928,1,
2029,2,1329,1,2,1006,1960,1,4,,,,0,s==4|识破兵书,2450,8,927,1,
2030,2,1330,1,2,1006,1960,1,4,,,,0,s==4|御敌兵书,2450,8,926,1,
2031,2,1331,1,2,1006,2156,1,4,,,,0,s==4|医术兵书,2695,8,925,1,
2032,2,1332,1,2,1006,2156,1,4,,,,0,s==4|自守兵书,2695,8,924,1,
2033,2,1333,1,2,1006,2156,1,4,,,,0,s==4|破甲兵书,2695,8,923,1,
2034,2,1334,1,2,1006,2156,1,4,,,,0,s==4|掌控兵书,2695,8,922,1,
2035,2,1335,1,2,1006,2156,1,4,,,,0,s==4|霸体兵书,2695,8,921,1,
2036,2,1336,1,2,1006,2156,1,4,,,,0,s==4|嗜血兵书,2695,8,920,1,
2037,2,1337,1,2,1006,1960,1,4,,,,0,s==4|坚毅兵书,2450,8,919,1,
2038,2,1338,1,2,1006,1960,1,4,,,,0,s==4|守护兵书,2450,8,918,1,
2039,2,1339,1,2,1006,1960,1,4,,,,0,s==4|净化兵书,2450,8,917,1,
2040,2,1340,1,2,1006,1960,1,4,,,,0,s==4|震击兵书,2450,8,916,1,
2041,2,1341,1,2,1006,1960,1,4,,,,0,s==4|突袭兵书,2450,8,915,1,
2042,2,1342,1,2,1006,1960,1,4,,,,0,s==4|奇袭兵书,2450,8,914,1,
2043,2,1343,1,2,1006,2352,1,4,,,,0,s==4|汲取兵书,2940,8,913,1,
2045,2,1345,1,2,1006,2940,1,4,,,,0,s==4|续疗兵书,2940,,912,1,
3001,2,1301,1,1,9,2940,1,4,,,,0,s==4|迅捷兵书,2940,,911,,
3002,2,1302,1,1,9,2940,1,4,,,,0,s==4|物追兵书,2940,,910,,
3003,2,1303,1,1,9,2940,1,4,,,,0,s==4|法追兵书,2940,,909,,
3004,2,1304,1,1,9,2940,1,4,,,,0,s==4|法攻兵书,2940,,908,,
3005,2,1305,1,1,9,2940,1,4,,,,0,s==4|物攻兵书,2940,,907,,
3006,2,1306,1,1,9,2940,1,4,,,,0,s==4|连斩兵书,2940,,906,,
3007,2,1307,1,1,9,2695,1,4,,,,0,s==4|暴追兵书,2695,,905,,
3008,2,1308,1,1,9,2695,1,4,,,,0,s==4|致命兵书,2695,,904,,
3009,2,1309,1,1,9,2695,1,4,,,,0,s==4|必杀兵书,2695,,903,,
3010,2,1310,1,1,9,2695,1,4,,,,0,s==4|底力兵书,2695,,902,,
3011,2,1311,1,1,9,2695,1,4,,,,0,s==4|遁走兵书,2695,,901,,
3012,2,1312,1,1,9,2695,1,4,,,,0,s==4|雪恨兵书,2695,,900,,
3013,2,1313,1,1,9,2450,1,4,,,,0,s==4|降疗兵书,2450,,899,,
3014,2,1314,1,1,9,2450,1,4,,,,0,s==4|完杀兵书,2450,,898,,
3015,2,1315,1,1,9,2450,1,4,,,,0,s==4|驱散兵书,2450,,897,,
3016,2,1316,1,1,9,2450,1,4,,,,0,s==4|溃诛兵书,2450,,896,,
3017,2,1317,1,1,9,2450,1,4,,,,0,s==4|嘲讽兵书,2450,,895,,
3018,2,1318,1,1,9,2450,1,4,,,,0,s==4|缓速兵书,2450,,894,,
3019,2,1319,1,1,9,2695,1,4,,,,0,s==4|魂佑兵书,2695,,893,,
3020,2,1320,1,1,9,2695,1,4,,,,0,s==4|闪避兵书,2695,,892,,
3021,2,1321,1,1,9,2695,1,4,,,,0,s==4|压制兵书,2695,,891,,
3022,2,1322,1,1,9,2695,1,4,,,,0,s==4|必中兵书,2695,,890,,
3023,2,1323,1,1,9,2695,1,4,,,,0,s==4|去疾兵书,2695,,889,,
3024,2,1324,1,1,9,2695,1,4,,,,0,s==4|坚韧兵书,2695,,888,,
3025,2,1325,1,1,9,2450,1,4,,,,0,s==4|自愈兵书,2450,,887,,
3026,2,1326,1,1,9,2450,1,4,,,,0,s==4|复苏兵书,2450,,886,,
3027,2,1327,1,1,9,2450,1,4,,,,0,s==4|天命兵书,2450,,885,,
3028,2,1328,1,1,9,2450,1,4,,,,0,s==4|机巧兵书,2450,,884,,
3029,2,1329,1,1,9,2450,1,4,,,,0,s==4|识破兵书,2450,,883,,
3030,2,1330,1,1,9,2450,1,4,,,,0,s==4|御敌兵书,2450,,882,,
3031,2,1331,1,1,9,2695,1,4,,,,0,s==4|医术兵书,2695,,881,,
3032,2,1332,1,1,9,2695,1,4,,,,0,s==4|自守兵书,2695,,880,,
3033,2,1333,1,1,9,2695,1,4,,,,0,s==4|破甲兵书,2695,,879,,
3034,2,1334,1,1,9,2695,1,4,,,,0,s==4|掌控兵书,2695,,878,,
3035,2,1335,1,1,9,2695,1,4,,,,0,s==4|霸体兵书,2695,,877,,
3036,2,1336,1,1,9,2695,1,4,,,,0,s==4|嗜血兵书,2695,,876,,
3037,2,1337,1,1,9,2450,1,4,,,,0,s==4|坚毅兵书,2450,,875,,
3038,2,1338,1,1,9,2450,1,4,,,,0,s==4|守护兵书,2450,,874,,
3039,2,1339,1,1,9,2450,1,4,,,,0,s==4|净化兵书,2450,,873,,
3040,2,1340,1,1,9,2450,1,4,,,,0,s==4|震击兵书,2450,,872,,
3041,2,1341,1,1,9,2450,1,4,,,,0,s==4|突袭兵书,2450,,871,,
3042,2,1342,1,1,9,2450,1,4,,,,0,s==4|奇袭兵书,2450,,870,,
3043,2,1343,1,1,9,2940,1,4,,,,0,s==4|汲取兵书,2940,,869,,
3045,2,1345,1,1,9,2940,1,4,,,,0,s==4|续疗兵书,2940,,868,,
4001,2,1301,1,1,9,2352,1,4,,,,0,s==4|迅捷兵书,2940,8,867,,
4002,2,1302,1,1,9,2352,1,4,,,,0,s==4|物追兵书,2940,8,866,,
4003,2,1303,1,1,9,2352,1,4,,,,0,s==4|法追兵书,2940,8,865,,
4004,2,1304,1,1,9,2352,1,4,,,,0,s==4|法攻兵书,2940,8,864,,
4005,2,1305,1,1,9,2352,1,4,,,,0,s==4|物攻兵书,2940,8,863,,
4006,2,1306,1,1,9,2352,1,4,,,,0,s==4|连斩兵书,2940,8,862,,
4007,2,1307,1,1,9,2156,1,4,,,,0,s==4|暴追兵书,2695,8,861,,
4008,2,1308,1,1,9,2156,1,4,,,,0,s==4|致命兵书,2695,8,860,,
4009,2,1309,1,1,9,2156,1,4,,,,0,s==4|必杀兵书,2695,8,859,,
4010,2,1310,1,1,9,2156,1,4,,,,0,s==4|底力兵书,2695,8,858,,
4011,2,1311,1,1,9,2156,1,4,,,,0,s==4|遁走兵书,2695,8,857,,
4012,2,1312,1,1,9,2156,1,4,,,,0,s==4|雪恨兵书,2695,8,856,,
4013,2,1313,1,1,9,1960,1,4,,,,0,s==4|降疗兵书,2450,8,855,,
4014,2,1314,1,1,9,1960,1,4,,,,0,s==4|完杀兵书,2450,8,854,,
4015,2,1315,1,1,9,1960,1,4,,,,0,s==4|驱散兵书,2450,8,853,,
4016,2,1316,1,1,9,1960,1,4,,,,0,s==4|溃诛兵书,2450,8,852,,
4017,2,1317,1,1,9,1960,1,4,,,,0,s==4|嘲讽兵书,2450,8,851,,
4018,2,1318,1,1,9,1960,1,4,,,,0,s==4|缓速兵书,2450,8,850,,
4019,2,1319,1,1,9,2156,1,4,,,,0,s==4|魂佑兵书,2695,8,849,,
4020,2,1320,1,1,9,2156,1,4,,,,0,s==4|闪避兵书,2695,8,848,,
4021,2,1321,1,1,9,2156,1,4,,,,0,s==4|压制兵书,2695,8,847,,
4022,2,1322,1,1,9,2156,1,4,,,,0,s==4|必中兵书,2695,8,846,,
4023,2,1323,1,1,9,2156,1,4,,,,0,s==4|去疾兵书,2695,8,845,,
4024,2,1324,1,1,9,2156,1,4,,,,0,s==4|坚韧兵书,2695,8,844,,
4025,2,1325,1,1,9,1960,1,4,,,,0,s==4|自愈兵书,2450,8,843,,
4026,2,1326,1,1,9,1960,1,4,,,,0,s==4|复苏兵书,2450,8,842,,
4027,2,1327,1,1,9,1960,1,4,,,,0,s==4|天命兵书,2450,8,841,,
4028,2,1328,1,1,9,1960,1,4,,,,0,s==4|机巧兵书,2450,8,840,,
4029,2,1329,1,1,9,1960,1,4,,,,0,s==4|识破兵书,2450,8,839,,
4030,2,1330,1,1,9,1960,1,4,,,,0,s==4|御敌兵书,2450,8,838,,
4031,2,1331,1,1,9,2156,1,4,,,,0,s==4|医术兵书,2695,8,837,,
4032,2,1332,1,1,9,2156,1,4,,,,0,s==4|自守兵书,2695,8,836,,
4033,2,1333,1,1,9,2156,1,4,,,,0,s==4|破甲兵书,2695,8,835,,
4034,2,1334,1,1,9,2156,1,4,,,,0,s==4|掌控兵书,2695,8,834,,
4035,2,1335,1,1,9,2156,1,4,,,,0,s==4|霸体兵书,2695,8,833,,
4036,2,1336,1,1,9,2156,1,4,,,,0,s==4|嗜血兵书,2695,8,832,,
4037,2,1337,1,1,9,1960,1,4,,,,0,s==4|坚毅兵书,2450,8,831,,
4038,2,1338,1,1,9,1960,1,4,,,,0,s==4|守护兵书,2450,8,830,,
4039,2,1339,1,1,9,1960,1,4,,,,0,s==4|净化兵书,2450,8,829,,
4040,2,1340,1,1,9,1960,1,4,,,,0,s==4|震击兵书,2450,8,828,,
4041,2,1341,1,1,9,1960,1,4,,,,0,s==4|突袭兵书,2450,8,827,,
4042,2,1342,1,1,9,1960,1,4,,,,0,s==4|奇袭兵书,2450,8,826,,
4043,2,1343,1,1,9,2352,1,4,,,,0,s==4|汲取兵书,2940,8,825,,
4045,2,1345,1,1,9,2940,1,4,,,,0,s==4|续疗兵书,2940,,824,,
5001,2,1301,1,2,1006,2940,1,4,,,,3,s==4|迅捷兵书,2940,,823,1,
5002,2,1302,1,2,1006,2940,1,4,,,,3,s==4|物追兵书,2940,,822,1,
5003,2,1303,1,2,1006,2940,1,4,,,,3,s==4|法追兵书,2940,,821,1,
5004,2,1304,1,2,1006,2940,1,4,,,,3,s==4|法攻兵书,2940,,820,1,
5005,2,1305,1,2,1006,2940,1,4,,,,3,s==4|物攻兵书,2940,,819,1,
5006,2,1306,1,2,1006,2940,1,4,,,,3,s==4|连斩兵书,2940,,818,1,
5007,2,1307,1,2,1006,2695,1,4,,,,3,s==4|暴追兵书,2695,,817,1,
5008,2,1308,1,2,1006,2695,1,4,,,,3,s==4|致命兵书,2695,,816,1,
5009,2,1309,1,2,1006,2695,1,4,,,,3,s==4|必杀兵书,2695,,815,1,
5010,2,1310,1,2,1006,2695,1,4,,,,3,s==4|底力兵书,2695,,814,1,
5011,2,1311,1,2,1006,2695,1,4,,,,3,s==4|遁走兵书,2695,,813,1,
5012,2,1312,1,2,1006,2695,1,4,,,,3,s==4|雪恨兵书,2695,,812,1,
5013,2,1313,1,2,1006,2450,1,4,,,,3,s==4|降疗兵书,2450,,811,1,
5014,2,1314,1,2,1006,2450,1,4,,,,3,s==4|完杀兵书,2450,,810,1,
5015,2,1315,1,2,1006,2450,1,4,,,,3,s==4|驱散兵书,2450,,809,1,
5016,2,1316,1,2,1006,2450,1,4,,,,3,s==4|溃诛兵书,2450,,808,1,
5017,2,1317,1,2,1006,2450,1,4,,,,3,s==4|嘲讽兵书,2450,,807,1,
5018,2,1318,1,2,1006,2450,1,4,,,,3,s==4|缓速兵书,2450,,806,1,
5019,2,1319,1,2,1006,2695,1,4,,,,3,s==4|魂佑兵书,2695,,805,1,
5020,2,1320,1,2,1006,2695,1,4,,,,3,s==4|闪避兵书,2695,,804,1,
5021,2,1321,1,2,1006,2695,1,4,,,,3,s==4|压制兵书,2695,,803,1,
5022,2,1322,1,2,1006,2695,1,4,,,,3,s==4|必中兵书,2695,,802,1,
5023,2,1323,1,2,1006,2695,1,4,,,,3,s==4|去疾兵书,2695,,801,1,
5024,2,1324,1,2,1006,2695,1,4,,,,3,s==4|坚韧兵书,2695,,800,1,
5025,2,1325,1,2,1006,2450,1,4,,,,3,s==4|自愈兵书,2450,,799,1,
5026,2,1326,1,2,1006,2450,1,4,,,,3,s==4|复苏兵书,2450,,798,1,
5027,2,1327,1,2,1006,2450,1,4,,,,3,s==4|天命兵书,2450,,797,1,
5028,2,1328,1,2,1006,2450,1,4,,,,3,s==4|机巧兵书,2450,,796,1,
5029,2,1329,1,2,1006,2450,1,4,,,,3,s==4|识破兵书,2450,,795,1,
5030,2,1330,1,2,1006,2450,1,4,,,,3,s==4|御敌兵书,2450,,794,1,
5031,2,1331,1,2,1006,2695,1,4,,,,3,s==4|医术兵书,2695,,793,1,
5032,2,1332,1,2,1006,2695,1,4,,,,3,s==4|自守兵书,2695,,792,1,
5033,2,1333,1,2,1006,2695,1,4,,,,3,s==4|破甲兵书,2695,,791,1,
5034,2,1334,1,2,1006,2695,1,4,,,,3,s==4|掌控兵书,2695,,790,1,
5035,2,1335,1,2,1006,2695,1,4,,,,3,s==4|霸体兵书,2695,,789,1,
5036,2,1336,1,2,1006,2695,1,4,,,,3,s==4|嗜血兵书,2695,,788,1,
5037,2,1337,1,2,1006,2450,1,4,,,,3,s==4|坚毅兵书,2450,,787,1,
5038,2,1338,1,2,1006,2450,1,4,,,,3,s==4|守护兵书,2450,,786,1,
5039,2,1339,1,2,1006,2450,1,4,,,,3,s==4|净化兵书,2450,,785,1,
5040,2,1340,1,2,1006,2450,1,4,,,,3,s==4|震击兵书,2450,,784,1,
5041,2,1341,1,2,1006,2450,1,4,,,,3,s==4|突袭兵书,2450,,783,1,
5042,2,1342,1,2,1006,2450,1,4,,,,3,s==4|奇袭兵书,2450,,782,1,
5043,2,1343,1,2,1006,2940,1,4,,,,3,s==4|汲取兵书,2940,,781,1,
5045,2,1345,1,2,1006,2940,1,4,,,,3,s==4|续疗兵书,2940,,780,1,
6001,2,1301,1,2,1006,2940,1,4,,,,6,s==4|迅捷兵书,2940,,779,1,
6002,2,1302,1,2,1006,2940,1,4,,,,6,s==4|物追兵书,2940,,778,1,
6003,2,1303,1,2,1006,2940,1,4,,,,6,s==4|法追兵书,2940,,777,1,
6004,2,1304,1,2,1006,2940,1,4,,,,6,s==4|法攻兵书,2940,,776,1,
6005,2,1305,1,2,1006,2940,1,4,,,,6,s==4|物攻兵书,2940,,775,1,
6006,2,1306,1,2,1006,2940,1,4,,,,6,s==4|连斩兵书,2940,,774,1,
6007,2,1307,1,2,1006,2695,1,4,,,,6,s==4|暴追兵书,2695,,773,1,
6008,2,1308,1,2,1006,2695,1,4,,,,6,s==4|致命兵书,2695,,772,1,
6009,2,1309,1,2,1006,2695,1,4,,,,6,s==4|必杀兵书,2695,,771,1,
6010,2,1310,1,2,1006,2695,1,4,,,,6,s==4|底力兵书,2695,,770,1,
6011,2,1311,1,2,1006,2695,1,4,,,,6,s==4|遁走兵书,2695,,769,1,
6012,2,1312,1,2,1006,2695,1,4,,,,6,s==4|雪恨兵书,2695,,768,1,
6013,2,1313,1,2,1006,2450,1,4,,,,6,s==4|降疗兵书,2450,,767,1,
6014,2,1314,1,2,1006,2450,1,4,,,,6,s==4|完杀兵书,2450,,766,1,
6015,2,1315,1,2,1006,2450,1,4,,,,6,s==4|驱散兵书,2450,,765,1,
6016,2,1316,1,2,1006,2450,1,4,,,,6,s==4|溃诛兵书,2450,,764,1,
6017,2,1317,1,2,1006,2450,1,4,,,,6,s==4|嘲讽兵书,2450,,763,1,
6018,2,1318,1,2,1006,2450,1,4,,,,6,s==4|缓速兵书,2450,,762,1,
6019,2,1319,1,2,1006,2695,1,4,,,,6,s==4|魂佑兵书,2695,,761,1,
6020,2,1320,1,2,1006,2695,1,4,,,,6,s==4|闪避兵书,2695,,760,1,
6021,2,1321,1,2,1006,2695,1,4,,,,6,s==4|压制兵书,2695,,759,1,
6022,2,1322,1,2,1006,2695,1,4,,,,6,s==4|必中兵书,2695,,758,1,
6023,2,1323,1,2,1006,2695,1,4,,,,6,s==4|去疾兵书,2695,,757,1,
6024,2,1324,1,2,1006,2695,1,4,,,,6,s==4|坚韧兵书,2695,,756,1,
6025,2,1325,1,2,1006,2450,1,4,,,,6,s==4|自愈兵书,2450,,755,1,
6026,2,1326,1,2,1006,2450,1,4,,,,6,s==4|复苏兵书,2450,,754,1,
6027,2,1327,1,2,1006,2450,1,4,,,,6,s==4|天命兵书,2450,,753,1,
6028,2,1328,1,2,1006,2450,1,4,,,,6,s==4|机巧兵书,2450,,752,1,
6029,2,1329,1,2,1006,2450,1,4,,,,6,s==4|识破兵书,2450,,751,1,
6030,2,1330,1,2,1006,2450,1,4,,,,6,s==4|御敌兵书,2450,,750,1,
6031,2,1331,1,2,1006,2695,1,4,,,,6,s==4|医术兵书,2695,,749,1,
6032,2,1332,1,2,1006,2695,1,4,,,,6,s==4|自守兵书,2695,,748,1,
6033,2,1333,1,2,1006,2695,1,4,,,,6,s==4|破甲兵书,2695,,747,1,
6034,2,1334,1,2,1006,2695,1,4,,,,6,s==4|掌控兵书,2695,,746,1,
6035,2,1335,1,2,1006,2695,1,4,,,,6,s==4|霸体兵书,2695,,745,1,
6036,2,1336,1,2,1006,2695,1,4,,,,6,s==4|嗜血兵书,2695,,744,1,
6037,2,1337,1,2,1006,2450,1,4,,,,6,s==4|坚毅兵书,2450,,743,1,
6038,2,1338,1,2,1006,2450,1,4,,,,6,s==4|守护兵书,2450,,742,1,
6039,2,1339,1,2,1006,2450,1,4,,,,6,s==4|净化兵书,2450,,741,1,
6040,2,1340,1,2,1006,2450,1,4,,,,6,s==4|震击兵书,2450,,740,1,
6041,2,1341,1,2,1006,2450,1,4,,,,6,s==4|突袭兵书,2450,,739,1,
6042,2,1342,1,2,1006,2450,1,4,,,,6,s==4|奇袭兵书,2450,,738,1,
6043,2,1343,1,2,1006,2940,1,4,,,,6,s==4|汲取兵书,2940,,737,1,
6045,2,1345,1,2,1006,2940,1,4,,,,6,s==4|续疗兵书,2940,,736,1,
7001,2,1301,1,2,1006,2940,1,4,,,,9,s==4|迅捷兵书,2940,,735,1,
7002,2,1302,1,2,1006,2940,1,4,,,,9,s==4|物追兵书,2940,,734,1,
7003,2,1303,1,2,1006,2940,1,4,,,,9,s==4|法追兵书,2940,,733,1,
7004,2,1304,1,2,1006,2940,1,4,,,,9,s==4|法攻兵书,2940,,732,1,
7005,2,1305,1,2,1006,2940,1,4,,,,9,s==4|物攻兵书,2940,,731,1,
7006,2,1306,1,2,1006,2940,1,4,,,,9,s==4|连斩兵书,2940,,730,1,
7007,2,1307,1,2,1006,2695,1,4,,,,9,s==4|暴追兵书,2695,,729,1,
7008,2,1308,1,2,1006,2695,1,4,,,,9,s==4|致命兵书,2695,,728,1,
7009,2,1309,1,2,1006,2695,1,4,,,,9,s==4|必杀兵书,2695,,727,1,
7010,2,1310,1,2,1006,2695,1,4,,,,9,s==4|底力兵书,2695,,726,1,
7011,2,1311,1,2,1006,2695,1,4,,,,9,s==4|遁走兵书,2695,,725,1,
7012,2,1312,1,2,1006,2695,1,4,,,,9,s==4|雪恨兵书,2695,,724,1,
7013,2,1313,1,2,1006,2450,1,4,,,,9,s==4|降疗兵书,2450,,723,1,
7014,2,1314,1,2,1006,2450,1,4,,,,9,s==4|完杀兵书,2450,,722,1,
7015,2,1315,1,2,1006,2450,1,4,,,,9,s==4|驱散兵书,2450,,721,1,
7016,2,1316,1,2,1006,2450,1,4,,,,9,s==4|溃诛兵书,2450,,720,1,
7017,2,1317,1,2,1006,2450,1,4,,,,9,s==4|嘲讽兵书,2450,,719,1,
7018,2,1318,1,2,1006,2450,1,4,,,,9,s==4|缓速兵书,2450,,718,1,
7019,2,1319,1,2,1006,2695,1,4,,,,9,s==4|魂佑兵书,2695,,717,1,
7020,2,1320,1,2,1006,2695,1,4,,,,9,s==4|闪避兵书,2695,,716,1,
7021,2,1321,1,2,1006,2695,1,4,,,,9,s==4|压制兵书,2695,,715,1,
7022,2,1322,1,2,1006,2695,1,4,,,,9,s==4|必中兵书,2695,,714,1,
7023,2,1323,1,2,1006,2695,1,4,,,,9,s==4|去疾兵书,2695,,713,1,
7024,2,1324,1,2,1006,2695,1,4,,,,9,s==4|坚韧兵书,2695,,712,1,
7025,2,1325,1,2,1006,2450,1,4,,,,9,s==4|自愈兵书,2450,,711,1,
7026,2,1326,1,2,1006,2450,1,4,,,,9,s==4|复苏兵书,2450,,710,1,
7027,2,1327,1,2,1006,2450,1,4,,,,9,s==4|天命兵书,2450,,709,1,
7028,2,1328,1,2,1006,2450,1,4,,,,9,s==4|机巧兵书,2450,,708,1,
7029,2,1329,1,2,1006,2450,1,4,,,,9,s==4|识破兵书,2450,,707,1,
7030,2,1330,1,2,1006,2450,1,4,,,,9,s==4|御敌兵书,2450,,706,1,
7031,2,1331,1,2,1006,2695,1,4,,,,9,s==4|医术兵书,2695,,705,1,
7032,2,1332,1,2,1006,2695,1,4,,,,9,s==4|自守兵书,2695,,704,1,
7033,2,1333,1,2,1006,2695,1,4,,,,9,s==4|破甲兵书,2695,,703,1,
7034,2,1334,1,2,1006,2695,1,4,,,,9,s==4|掌控兵书,2695,,702,1,
7035,2,1335,1,2,1006,2695,1,4,,,,9,s==4|霸体兵书,2695,,701,1,
7036,2,1336,1,2,1006,2695,1,4,,,,9,s==4|嗜血兵书,2695,,700,1,
7037,2,1337,1,2,1006,2450,1,4,,,,9,s==4|坚毅兵书,2450,,699,1,
7038,2,1338,1,2,1006,2450,1,4,,,,9,s==4|守护兵书,2450,,698,1,
7039,2,1339,1,2,1006,2450,1,4,,,,9,s==4|净化兵书,2450,,697,1,
7040,2,1340,1,2,1006,2450,1,4,,,,9,s==4|震击兵书,2450,,696,1,
7041,2,1341,1,2,1006,2450,1,4,,,,9,s==4|突袭兵书,2450,,695,1,
7042,2,1342,1,2,1006,2450,1,4,,,,9,s==4|奇袭兵书,2450,,694,1,
7043,2,1343,1,2,1006,2940,1,4,,,,9,s==4|汲取兵书,2940,,693,1,
7045,2,1345,1,2,1006,2940,1,4,,,,9,s==4|续疗兵书,2940,,692,1,
8001,2,1301,1,2,1006,2940,1,4,,,,10,s==4|迅捷兵书,2940,,691,1,
8002,2,1302,1,2,1006,2940,1,4,,,,10,s==4|物追兵书,2940,,690,1,
8003,2,1303,1,2,1006,2940,1,4,,,,10,s==4|法追兵书,2940,,689,1,
8004,2,1304,1,2,1006,2940,1,4,,,,10,s==4|法攻兵书,2940,,688,1,
8005,2,1305,1,2,1006,2940,1,4,,,,10,s==4|物攻兵书,2940,,687,1,
8006,2,1306,1,2,1006,2940,1,4,,,,10,s==4|连斩兵书,2940,,686,1,
8007,2,1307,1,2,1006,2695,1,4,,,,10,s==4|暴追兵书,2695,,685,1,
8008,2,1308,1,2,1006,2695,1,4,,,,10,s==4|致命兵书,2695,,684,1,
8009,2,1309,1,2,1006,2695,1,4,,,,10,s==4|必杀兵书,2695,,683,1,
8010,2,1310,1,2,1006,2695,1,4,,,,10,s==4|底力兵书,2695,,682,1,
8011,2,1311,1,2,1006,2695,1,4,,,,10,s==4|遁走兵书,2695,,681,1,
8012,2,1312,1,2,1006,2695,1,4,,,,10,s==4|雪恨兵书,2695,,680,1,
8013,2,1313,1,2,1006,2450,1,4,,,,10,s==4|降疗兵书,2450,,679,1,
8014,2,1314,1,2,1006,2450,1,4,,,,10,s==4|完杀兵书,2450,,678,1,
8015,2,1315,1,2,1006,2450,1,4,,,,10,s==4|驱散兵书,2450,,677,1,
8016,2,1316,1,2,1006,2450,1,4,,,,10,s==4|溃诛兵书,2450,,676,1,
8017,2,1317,1,2,1006,2450,1,4,,,,10,s==4|嘲讽兵书,2450,,675,1,
8018,2,1318,1,2,1006,2450,1,4,,,,10,s==4|缓速兵书,2450,,674,1,
8019,2,1319,1,2,1006,2695,1,4,,,,10,s==4|魂佑兵书,2695,,673,1,
8020,2,1320,1,2,1006,2695,1,4,,,,10,s==4|闪避兵书,2695,,672,1,
8021,2,1321,1,2,1006,2695,1,4,,,,10,s==4|压制兵书,2695,,671,1,
8022,2,1322,1,2,1006,2695,1,4,,,,10,s==4|必中兵书,2695,,670,1,
8023,2,1323,1,2,1006,2695,1,4,,,,10,s==4|去疾兵书,2695,,669,1,
8024,2,1324,1,2,1006,2695,1,4,,,,10,s==4|坚韧兵书,2695,,668,1,
8025,2,1325,1,2,1006,2450,1,4,,,,10,s==4|自愈兵书,2450,,667,1,
8026,2,1326,1,2,1006,2450,1,4,,,,10,s==4|复苏兵书,2450,,666,1,
8027,2,1327,1,2,1006,2450,1,4,,,,10,s==4|天命兵书,2450,,665,1,
8028,2,1328,1,2,1006,2450,1,4,,,,10,s==4|机巧兵书,2450,,664,1,
8029,2,1329,1,2,1006,2450,1,4,,,,10,s==4|识破兵书,2450,,663,1,
8030,2,1330,1,2,1006,2450,1,4,,,,10,s==4|御敌兵书,2450,,662,1,
8031,2,1331,1,2,1006,2695,1,4,,,,10,s==4|医术兵书,2695,,661,1,
8032,2,1332,1,2,1006,2695,1,4,,,,10,s==4|自守兵书,2695,,660,1,
8033,2,1333,1,2,1006,2695,1,4,,,,10,s==4|破甲兵书,2695,,659,1,
8034,2,1334,1,2,1006,2695,1,4,,,,10,s==4|掌控兵书,2695,,658,1,
8035,2,1335,1,2,1006,2695,1,4,,,,10,s==4|霸体兵书,2695,,657,1,
8036,2,1336,1,2,1006,2695,1,4,,,,10,s==4|嗜血兵书,2695,,656,1,
8037,2,1337,1,2,1006,2450,1,4,,,,10,s==4|坚毅兵书,2450,,655,1,
8038,2,1338,1,2,1006,2450,1,4,,,,10,s==4|守护兵书,2450,,654,1,
8039,2,1339,1,2,1006,2450,1,4,,,,10,s==4|净化兵书,2450,,653,1,
8040,2,1340,1,2,1006,2450,1,4,,,,10,s==4|震击兵书,2450,,652,1,
8041,2,1341,1,2,1006,2450,1,4,,,,10,s==4|突袭兵书,2450,,651,1,
8042,2,1342,1,2,1006,2450,1,4,,,,10,s==4|奇袭兵书,2450,,650,1,
8043,2,1343,1,2,1006,2940,1,4,,,,10,s==4|汲取兵书,2940,,649,1,
8045,2,1345,1,2,1006,2940,1,4,,,,10,s==4|续疗兵书,2940,,648,1,
