id,icon,path,Uisound,tips,name,isShow,desc,appearLevel,openLevel,worldLevel,lvLimitEx,heroStarLevel,heroLvRequest,chapterId,needVipLv,openUI,subSheetUIId,areanShow,isShield,afterMergeVersionsOpen,openDay,activityId,
1010,3300002,,,,s==9|Thành Chủ,,s==19|Mở khóa thành chính,1,1,,,,,,,s==9|MainScene,,,,,,,
1001,3300002,,,s==18|Cấp bậc người chơi,s==16|Cấp bậc Quân Chủ,,s==36|Quy định cấp bậc tối đa của nhân vật,1,1,,,,,,,,,,,,,,
1012,501,,,s==23|Thu nhận đồng tiền đồng,s==8|Điểm Kim,,,3,3,,,,,,,s==14|GoldWindowView,,,,,,,
1013,3300002,,,s==23|Vị trí thêm vào bố trận,s==9|Viện Quân,,s==194|Mở khóa ô binh bố trận viện quân， tăng thêm lực chiến dồi dào。\nKhi đặt tướng vào ô viện quân， tùy theo sao và binh chủng khác nhau， khai trận sẽ ban cho toàn quân ta các buff chiến đấu mạnh mẽ!,65,65,,,,,,,s==15|HeroArraryLayer,,,,,,,
1014,3300002,,,s==28|Bắt buộc hướng dẫn chiến đấu,s==19|Kịch Tình Chiến Đấu,,,0,0,,,,,,,,,,,,,,
1020,501,,,s==13|Mô-đun cơ bản,s==7|Hữu hảo,,s==180|Mở khóa hệ thống bằng hữu， kết giao hào kiệt， đồng hành tương trợ。\nBằng hữu có thể tặng điểm tình nghĩa， thuê mượn tướng trợ chiến， bổ trợ lực chiến lẫn nhau， vượt ải dễ dàng hơn。,5,5,,,,,,,s==11|FriendLayer,,,,,,,
1021,,,,s==18|Thông tin Quân Chủ,s==18|Thông tin Quân Chủ,,,0,0,,,,,,,s==18|PlayerTitlePopView,0,,,,,,
1022,,,,s==12|Ảnh Đại Diện,s==12|Ảnh Đại Diện,,,0,0,,,,,,,s==18|PlayerTitlePopView,1,,,,,,
1023,,,,s==18|Khung Ảnh Đại Diện,s==18|Khung Ảnh Đại Diện,,,0,0,,,,,,,s==18|PlayerTitlePopView,2,,,,,,
1024,,,,s==19|Hình tượng quân chủ,s==19|Hình tượng quân chủ,,,0,0,,,,,,,s==18|PlayerTitlePopView,3,,,,,,
1025,,,,s==9|Xưng Hiệu,s==9|Xưng Hiệu,,,0,0,,,,,,,s==18|PlayerTitlePopView,4,,,,,,
1026,,,,s==20|Bong Bóng Trò Chuyện,s==20|Bong Bóng Trò Chuyện,,s==37|Thay đổi cửa vào bong bóng trò chuyện,0,0,,,,,,,s==18|PlayerTitlePopView,5,,,,,,
1030,502,,,s==13|Mô-đun cơ bản,s==7|Thư tín,,s==24|Mở khóa hệ thống thư tín,5,5,,,,,,,s==9|MailLayer,,,,,,,
1040,503,,,s==27|Mô-đun trò chuyện - cửa vào,s==7|Lạc Đàm,,s==27|Mở khóa hệ thống trò chuyện,5,5,,,,,,,s==9|ChatLayer,,,,,,,
1041,503,,,s==17|Mô-đun trò chuyện,s==21|Trò chuyện - riêng tư,,,1,30,,,,,,,s==9|ChatLayer,1,,,,,,
1042,503,,,s==17|Mô-đun trò chuyện,s==21|Trò chuyện - hệ thống,,,1,1,,,,,,,s==9|ChatLayer,4,,,,,,
1043,503,,,s==17|Mô-đun trò chuyện,s==21|Trò chuyện - thế giới,,,5,18,,,,,,,s==9|ChatLayer,2,,,,,,
1044,503,,,s==17|Mô-đun trò chuyện,s==22|Trò chuyện - quân đoàn,,,18,18,,,,,,,s==9|ChatLayer,3,,,,,,
1045,503,,,s==17|Mô-đun trò chuyện,s==31|Trò chuyện - phát ngôn thế giới,,s==52|Mở khóa phát ngôn thế giới trong hệ thống trò chuyện,5,30,,,,,,,s==9|ChatLayer,3,,,,,,
1046,503,,,s==17|Mô-đun trò chuyện,s==22|Trò chuyện - cùng tỉnh,,s==48|Mở khóa kênh cùng tỉnh trong hệ thống trò chuyện,5,40,,,,,,,s==9|ChatLayer,4,,,,,,
1047,503,,,s==17|Mô-đun trò chuyện,s==23|Trò chuyện - xuyên quốc,,s==49|Mở khóa kênh xuyên quốc trong hệ thống trò chuyện,5,40,,,,,,,s==9|ChatLayer,5,,,,,,
1048,503,,,s==17|Mô-đun trò chuyện,s==23|Trò chuyện - quốc chiến,,s==28|Mở khóa thời gian quốc chiến,82,82,,,,,,,s==9|ChatLayer,,,,,,,
1050,504,,,s==25|Mô-đun nhiệm vụ - cửa vào,s==8|Nhiệm vụ,,s==175|Mở khóa hệ thống nhiệm vụ， Nam chinh Bắc chiến， mã đáo thành công。\nHoàn thành nhiệm vụ hằng ngày nhận vô số nguyên bảo thưởng， hoàn thành thành tựu tỏ rõ phong thái quân chủ。,6,6,,,,,,,s==9|TaskLayer,,,,,,,
1051,504,,,s==15|Mô-đun nhiệm vụ,s==20|Nhiệm vụ thường nhật,,,6,6,,,,,,,s==9|TaskLayer,1,,,,,,
1052,504,,,s==15|Mô-đun nhiệm vụ,s==18|Nhiệm vụ thành tựu,,,6,6,,,,,,,s==9|TaskLayer,2,,,,,,
1060,504,,,s==15|Mô-đun nhiệm vụ,s==19|Luyện tập thăng cấp,,s==27|Mở khóa luyện tập thăng cấp,55,55,,,,,,,s==9|TaskLayer,3,,,,,,
1070,505,,,s==13|Mô-đun cơ bản,s==13|Bảng xếp hạng,,s==30|Mở khóa hệ thống bảng xếp hạng,1,1,,,,,,,s==9|RankLayer,,,,,,,
1080,506,,,s==13|Mô-đun cơ bản,s==15|Báo cáo vượt ải,,s==23|Mở khóa báo cáo vượt ải,20,20,,,,,,,s==14|WarReportLayer,,,,,,,
1090,507,,,s==25|Mô-đun đoạt bảo - cửa vào,s==8|Đoạt Bảo,,s==193|Mở khóa hệ thống đoạt bảo， vòng quay may mắn， thưởng vô tận。\nTrong hệ thống đoạt bảo có thể tiêu hao lệnh đoạt bảo để quay thưởng may mắn， tích lũy điểm may mắn và điểm đoạt bảo để đổi thưởng。,20,20,,,,,,,s==17|PrayActivityLayer,,,,,,,
1091,508,,,s==19|Giao diện chiến đấu,s==14| tốc chiến đấu,,s==158|Mở khóa tăng tốc chiến đấu， chiếm lĩnh thời cơ， nhanh một bước。\nGiao diện chiến đấu có thể bật tốc độ chiến đấu， nhanh chóng phân thắng bại， dẫn đầu một mũi!,20,20,,,,,,1,,,,,,,,
1100,509,,,s==21|Chức năng thành chính,s==18|Bàn rèn - trang bị,,s==172|Mở khóa bàn rèn， thần binh xuất thế， trăm lần rèn giũa。\nTại bàn rèn có thể hợp thành trang bị cấp thấp、 thành ấn cao cấp， tăng mạnh thuộc tính phụ， còn có kỹ năng bổ sung。,13,13,,,,,,,s==19|StrengthenMainLayer,1,,,,,,
1102,3300002,,,s==12|Đoán tạo đài,s==18|Bàn rèn - phụ kiện,,s==226|Mở khóa trang sức trang bị， kỹ năng gia tăng， xoay chuyển cục diện。\nQua tế đàn thánh điện có thể nhận trang sức， tập hợp đủ bộ trang bị đeo lên sẽ thêm hồi phục và khiên、 chí mạng thêm sát thương、 phản sát thương v.v kỹ năng。,,,99,104,,,,,s==19|StrengthenMainLayer,4,,,,,,
1103,3300002,,,s==12|Đoán tạo đài,s==20|Bàn rèn - tinh thạch,,,125,125,,,,,,,s==19|StrengthenMainLayer,5,,,,,,
1104,509,,,s==12|Đoán tạo đài,s==18|Bàn Rèn - Tướng Ấn,,,13,13,,,,,,,s==19|StrengthenMainLayer,2,,,,,,
1105,,,,s==12|Đoán tạo đài,s==20|Bàn rèn - tinh luyện,,,13,13,,,,,,,s==16|wstjinglianLayer,,,,,,,
1106,,,,s==12|Đoán tạo đài,s==19|Bàn rèn - bảo thạch,,,82,82,,,,,,,s==19|StrengthenMainLayer,6,,,,,,
1110,510,,,s==21|Chức năng thành chính,s==10|Trường tập,,s==162|Mở khóa trường võ đấu， bốn bể năm châu， cô độc cầu bại。\nTrường võ đấu thắng người chơi khác sẽ nhận điểm tích lũy， theo hạng điểm mỗi ngày nhận vô số nguyên bảo。,8,8,,,,,,,s==13|tinkerPopView,1,,,,,,
1111,,,,,s==23|Trường tập - tán thưởng,,s==56|Có thể tán thưởng mười danh tướng， nhận thưởng đồng tiền,8,8,,,,,,,,,,,,,,
1120,511,,,s==21|Chức năng thành chính,s==5|Hạ dã,,s==188|Mở khóa hệ thống hạ dã， giải tán tướng sĩ， thu hồi tài nguyên。\nTướng dư thừa có thể dùng hệ thống hạ dã để giải tán， hoàn trả chiến công thạch có thể đổi tướng tâm đắc trong thương thành。,12,12,,,,,,,s==19|courierStationLayer,,,,,,,
1130,512,,,s==21|Chức năng thành chính,s==16|Thông Thiên Tháp,,s==202|Mở khóa thông thiên tháp， thần tháp chạm mây， thử luyện chồng chất。\nTrong thông thiên tháp lần đầu vượt tầng sẽ nhận trang bị quý hiếm、 mảnh tướng thưởng， quét ải nhận nhiều đồng tiền và đột phá thạch。,16,16,,,,,,,s==9|TowerView,1,,,,,,
1140,513,,,s==21|Chức năng thành chính,s==11|Tụ Hiền Các,,s==158|Mở khóa tụ hiền các， tuyển hiền chọn năng， bá chủ thiên hạ。\nTụ hiền các có thể chiêu mộ tướng thuộc phe chỉ định， tích điểm đổi trực tiếp thần tướng tâm đắc。,20,20,,,,,,,s==19|HeroSummonMainLayer,1,,,,,,
1141,513,,,s==21|Chức năng thành chính,s==30|Tụ Hiền Các - chuyển đổi tướng,,,20,20,,,,,,,s==19|HeroSummonMainLayer,2,,,,,,
1150,514,,,s==21|Chức năng thành chính,s==20|Chuyển Sinh Thần Đàn,,s==205|Mở khóa chuyển sinh thần đàn， thời gian hồi chuyển， tướng chuyển sinh。\nTại chuyển sinh thần đàn có thể hoàn trả tướng cao sao， hoàn lại tài nguyên nuôi dưỡng， đổi tướng một lần， nuôi dưỡng không tổn thất。,45,45,,,,,,,s==20|HeroRebirthMainLayer,,,,,,,
1160,515,,,s==21|Chức năng thành chính,s==39|Chiến Trường Tam Quốc - giao diện chính,,,55,55,,,,,,,s==12|SGBMainLayer,,,,,,,
1170,516,,,s==21|Chức năng thành chính,s==34|Chư Hầu Tranh Bá - giao diện chính,,,40,40,,,,,,,s==18|GovernorsMainLayer,,,,,,,
1180,507,,,s==15|Mô-đun đoạt bảo,s==16|May Mắn Đoạt Bảo,,,20,20,,,,,,,s==17|PrayActivityLayer,,,,,,,
1190,507,,,s==15|Mô-đun đoạt bảo,s==16|Cao Cấp Đoạt Bảo,,,30,30,,,,,,,s==17|PrayActivityLayer,,,,,,,
1191,571,,,s==21|Chức năng thành chính,s==11|Kỳ Trân Các,,s==124|Mở khóa trang sức、 tinh thạch、 chiến mã sau khi mở có thể từ đây đi thám hiểm， có thể một lần nhận thưởng miễn phí hằng ngày,104,104,,,,,,,,,,,,,,
1200,3300002,,,s==15|Mô-đun tướng sĩ,s==16|Võ tướng bối bao,,,1,1,,,,,,,s==12|BagHeroLayer,,,,,,,
1201,3300002,,,s==25|Mô-đun tướng sĩ - cửa vào,s==8|Võ Tướng,,,1,1,,,,,,,s==12|BagHeroLayer,,,,,,,
1210,3300002,,,s==15|Mô-đun tướng sĩ,s==13|Lược sử tướng,,,1,1,,,,,,,s==12|BagHeroLayer,,,,,,,
1211,3300002,,,s==16|Mô-đun thần binh,s==9|Huyễn hóa,,,20,20,,,,,,,s==12|DressPopView,,,,,,,
1220,3300002,,,s==15|Mô-đun tướng sĩ,s==7|Bố trận,,,1,1,,,,,,,s==15|HeroArraryLayer,,,,,,,
1230,517,,,s==27|Mô-đun chiến dịch - cửa vào,s==10|Chiến dịch,,s==190|Mở khóa hệ thống chiến dịch， cỡi ngựa phất roi， một mình chém ngàn quân。\nHoàn thành các chiến dịch đa dạng， nhận nhiều tài nguyên nuôi dưỡng tướng， thăng cấp nhanh， lực chiến tăng bội phần。,15,15,,,,,,,s==16|DailyBattleLayer,,,,,,,
1240,517,,,s==17|Mô-đun chiến dịch,s==19|Phó bản thường nhật,,,15,15,,,,,,,s==16|dayBattelPopView,1,,,,,,
1241,517,,,s==17|Mô-đun chiến dịch,s==22|Phó bản đồng tiền đồng,,,15,15,,,,,,,s==16|dayBattelPopView,1,,,,,,
1242,517,,,s==17|Mô-đun chiến dịch,s==19|Phó bản kinh nghiệm,,,17,17,,,,,,,s==16|dayBattelPopView,2,,,,,,
1243,517,,,s==17|Mô-đun chiến dịch,s==16|Phó bản tướng sĩ,,,18,18,,,,,,,s==16|dayBattelPopView,3,,,,,,
1244,517,,,s==17|Mô-đun chiến dịch,s==17|Phó bản thần binh,,,20,20,,,,,,,s==16|dayBattelPopView,4,,,,,,
1245,517,,,s==17|Mô-đun chiến dịch,s==18|Phó bản khắc tướng,,,70,70,,,,,,,s==16|dayBattelPopView,5,,,,,,
1246,3300002,,,s==17|Mô-đun chiến dịch,s==17|Phó bản phó tướng,,,126,126,,,,,,,s==16|dayBattelPopView,6,,,,,,
1247,517,,,s==17|Mô-đun chiến dịch,s==18|Phó bản tinh luyện,,,160,160,,,,,,,s==16|dayBattelPopView,7,,,,120,,
1250,518,,,s==17|Mô-đun chiến dịch,s==22|Huyết chiến Trường Bản,,s==205|Mở khóa huyết chiến Trường Bản， bạch mã ngân thương， thất tiến thất xuất。\nĐối đầu từng đợt đội hình tướng địch khác nhau， càng bền bỉ càng nhận thưởng hậu hĩnh， lần đầu vượt ải còn nhận vật phẩm quý hiếm。,25,25,,,,,,,s==18|heroTraningPopView,,,,,,,
1260,519,,,s==17|Mô-đun chiến dịch,s==15|Thiên Lý Đơn Kỵ,,s==162|Mở khóa thiên lý đơn kỵ， qua ải chém tướng， nghĩa chữ dẫn đầu。\nĐánh bại tướng thủ ải， nhận nhiều đồng tiền và điểm tích lũy， điểm có thể đổi tài nguyên quý hiếm。,30,30,,,,,,,s==23|DifSelectHeroCutPopView,,,,,,,
1270,520,,,s==17|Mô-đun chiến dịch,s==12|Vũ Thần Điện,,s==159|Mở khóa võ thần điện， thần võ giáng thế， một trận kinh thiên。\nThách đấu thần vị， nhận danh hiệu， danh hiệu gia tăng thuộc tính phần trăm， lực chiến thăng hoa。,35,35,,,,,,,s==11|templeLayer,,,,,,,
1280,521,,,s==25|Mô-đun phúc lợi - cửa vào,s==8|Phúc lợi,,s==164|Mở khóa phúc lợi， tung hoành trợ lực， ngang dọc tứ hải。\nNhiều lễ vật tốt đẹp， thu thập tại đây。 mau nhận phúc lợi riêng của ngươi， chuẩn bị binh mã， mở lối bá chủ!,7,7,,,,,,,s==13|BenefitsLayer,,,,,,,
1285,4000013,,,s==15|Mô-đun phúc lợi,s==32|Truyện tranh phòng tránh lừa đảo,,,7,7,,,,,,,s==13|BenefitsLayer,1285,,,,,,
1290,4000007,,,s==15|Mô-đun phúc lợi,s==12|Mã kích hoạt,,,7,7,,,,,,,s==13|BenefitsLayer,1290,,,,,,
1295,4000006,,,s==15|Mô-đun phúc lợi,s==13|Mã giới thiệu,,,7,7,,,,,,,s==13|BenefitsLayer,1295,,,,,,
1301,4000005,,,s==15|Mô-đun phúc lợi,s==16|Quỹ trưởng thành,,,7,7,,,,,,,s==14|actCenterLayer,1301,,,,,,
1302,4000123,,,s==20|Hoạt động luân phiên,s==15|Gói quà cấp bậc,,,,,,,,,,,s==14|actCenterLayer,1302,,,,,,
1305,4000004,,,s==15|Mô-đun phúc lợi,s==17|Ưu đãi hàng tháng,,s==1| ,7,7,,,,,,,s==14|actCenterLayer,1305,,,,,,
1310,4000003,,,s==15|Mô-đun phúc lợi,s==16|Ưu Đãi Hàng Tuần,,,7,7,,,,,,,s==14|actCenterLayer,1310,,,,,,
1315,4000002,,,s==15|Mô-đun phúc lợi,s==20|Vương Giả Nguyệt Thẻ,,,7,7,,,,,,,s==13|BenefitsLayer,1315,,,,,,
1320,4000001,,,s==15|Mô-đun phúc lợi,s==18|Quý Tộc Nguyệt Thẻ,,,7,7,,,,,,,s==13|BenefitsLayer,1320,,,,,,
1325,4000000,,,s==15|Mô-đun phúc lợi,s==19|Đăng nhập hằng ngày,,,7,7,,,,,,,s==13|BenefitsLayer,1325,,,,,,
1370,522,,,s==29|Trung tâm hoạt động - cửa vào,s==19|Trung tâm hoạt động,,s==1| ,6,6,,,,,,,s==14|actCenterLayer,0,,,,,,
1377,3300001,,,s==20|Hoạt động luân phiên,s==15|Gói quà cá nhân,,,6,6,,,,,,,s==14|actCenterLayer,1377,,,,,,
1380,3300005,,,s==20|Hoạt động luân phiên,s==19|Sa Trường Điểm Binh,,,0,,,,,,,,s==13|BenefitsLayer,1380,,,,,,
1381,3300008,,,s==20|Hoạt động luân phiên,s==17|Đàm Tiếu Hồng Nho,,,0,,,,,,,,s==13|BenefitsLayer,1381,,,,,,
1382,3300009,,,s==20|Hoạt động luân phiên,s==16|Hạn Thời Đổi Trả,,,0,,,,,,,,s==13|BenefitsLayer,1382,,,,,,
1383,3300011,,,s==20|Hoạt động luân phiên,s==19|Vận Chương Bùi Ngạc,,,0,,,,,,,,s==13|BenefitsLayer,1383,,,,,,
1390,3300003,,,s==20|Hoạt động luân phiên,s==15|Thiên Lý Đơn Kỵ,,,0,,,,,,,,s==13|BenefitsLayer,1390,,,,,,
1391,3300017,,,s==20|Hoạt động luân phiên,s==15|Kỳ Ngộ Đoạt Bảo,,,0,,,,,,,,s==13|BenefitsLayer,1391,,,,,,
1392,3300007,,,s==20|Hoạt động luân phiên,s==18|Tốc chiến tinh anh,,,0,,,,,,,,s==13|BenefitsLayer,1392,,,,,,
1393,3300012,,,s==20|Hoạt động luân phiên,s==18|Chiêu Tài Tiến Bảo,,,0,,,,,,,,s==13|BenefitsLayer,1393,,,,,,
1394,3300002,,,s==20|Hoạt động luân phiên,s==16|Hổ Lao Chi Chiến,,,0,,,,,,,,s==13|BenefitsLayer,1394,,,,,,
1400,3300019,,,s==19|Trung tâm hoạt động,s==22|Nạp tích lũy hằng ngày,,,6,6,,,,,,,s==14|actCenterLayer,1400,,,,,,
1401,3300020,,,s==19|Trung tâm hoạt động,s==15|Hạn Thời Tẩu Mã,,,6,6,,,,,,,s==14|actCenterLayer,1401,,,,,,
1402,3300021,,,s==19|Trung tâm hoạt động,s==14|Lũy nạp hảo lễ,,,6,6,,,,,,,s==14|actCenterLayer,1402,,,,,,
1410,523,,,s==26|Mô-đun Quân đoàn - Lối vào,s==9|Quân Đoàn,,s==60|Mở khóa Quân Đoàn， Hợp Tòng Liên Hoành， Cùng Nâng Đại Nghĩa。,18,18,,,,,,,s==15|LegionMainLayer,,,,,,,
1420,3300002,,,s==16|Mô-đun Quân đoàn,s==20|Thành viên Quân đoàn,,,18,18,,,,,,,s==19|LegionMemberPopView,,,,,,,
1430,3300002,,,s==16|Mô-đun Quân đoàn,s==19|Hoạt động Quân đoàn,,,18,18,,,,,,,s==19|LegionActivePopView,,,,,,,
1440,3300002,,,s==16|Mô-đun Quân đoàn,s==19|Bao Lì Xì Quân Đoàn,,,18,18, ,,,,,,s==17|LegionGiftPopView,,,,,,,
1450,534,,,s==16|Mô-đun Quân đoàn,s==18|Quân Đoàn Tranh Bá,,,18,18,,,,,,,s==18|LegionWarMainLayer,,,,,,,
1460,3300002,,,s==16|Mô-đun Quân đoàn,s==18|Đóng góp Quân đoàn,,,18,18,,,,,,,s==19|LegionDonatePopView,,,,,,,
1470,3300002,,,s==16|Mô-đun Quân đoàn,s==20|Tướng địch quân đoàn,,,18,18,,,,,,,s==17|LegionCopyPopView,,,,,,,
1471,,,,s==16|Mô-đun Quân đoàn,s==38|Tướng địch Quân đoàn -  công kích buff,,,18,18,,,,,,,,,,,,,,
1480,3300002,,,s==37|Mô-đun Quân đoàn (Cửa hàng Quân đoàn),s==22|Thương thành quân đoàn,,,1,18,,,,,,,s==9|ShopLayer,5,,,,,,
1490,3300002,,,s==16|Mô-đun Quân đoàn,s==19|Công nghệ Quân đoàn,,,18,18,,,,,,,s==20|LegionSciencePopView,,,,,,,
1491,3300002,,,s==16|Mô-đun Quân đoàn,s==18|Tiên môn Quân đoàn,,,18,18,,,,,,,s==17|LegionDGMainLayer,,,,,,,
1500,524,,,s==3|PVE,s==21|Văn Đỉnh Trung Nguyên,,s==68|Mở khóa Văn Đỉnh Trung Nguyên， Bách Chiến Bất Bại， Thù Nào Địch Nấy。,10,10,,,,,,,s==9|wdzyLayer,,,,,,,
1510,525,,,s==28|Mô-đun nuôi dưỡng - Võ tướng,s==7|Bảo vật,,s==64|Mở khóa Trận Mạng Bảo Vật， Thiên Cơ Kỳ Bảo， Trận Mạng Gia Thành。,60,60,,,,,,,s==12|BagHeroLayer,2,,,,,,
1520,3300002,,,s==28|Mô-đun nuôi dưỡng - Võ tướng,s==6|Kỳ Thư,,s==59|Mở khóa Kỳ Thư Hệ Thống， Thiên Thư Kỳ Mưu， Di Sơn Điền Hải。,115,115,,,,,,,s==12|BagHeroLayer,3,,,,,,
1530,3300002,,,s==28|Mô-đun nuôi dưỡng - Võ tướng,s==19|Nuôi dưỡng Võ tướng,,,1,1,,,4,,,,s==12|BagHeroLayer,,,,,,,
1540,3300002,,,s==28|Mô-đun nuôi dưỡng - Võ tướng,s==19|Võ tướng thăng tinh,,,1,1,,,6,,,,s==12|BagHeroLayer,,,,,,,
1550,3300002,,,s==28|Mô-đun nuôi dưỡng - Võ tướng,s==19|Chiến pháp Võ tướng,,,1,1,,,6,,,,s==12|BagHeroLayer,,,,,,,
1560,3300002,,,s==28|Mô-đun nuôi dưỡng - Võ tướng,s==18|Võ tướng thức tỉnh,,,150,168,160,168,13,,,,,,,,,,,
1570,526,,,s==28|Mô-đun nuôi dưỡng - Võ tướng,s==18|Võ Tướng Thiên Phú,,,1,1,,,,,,,s==12|BagHeroLayer,,,,,,,
1580,3300002,,,s==28|Mô-đun nuôi dưỡng - Võ tướng,s==19|Trang phục Võ tướng,,,15,15,,,,,,,s==12|BagHeroLayer,,,,,,,
1590,527,,,s==28|Mô-đun nuôi dưỡng - Võ tướng,s==16|Đúc hồn Võ tướng,,s==62|Mở khóa Chú Hồn Hệ Thống， Giới Hạn Đột Phá， Kỹ Năng Thăng Cấp。,1,1,,,,,,,s==19| intensifyMainLayer,1,,,,,,
1600,3300002,,,s==28|Mô-đun nuôi dưỡng - Võ tướng,s==18|Bình Luận Võ Tướng,,,1,1,,,,,,,s==12|BagHeroLayer,,,,,,,
1601,3300002,,,s==28|Mô-đun nuôi dưỡng - Võ tướng,s==28|Bình luận Võ tướng - Báo cáo,,,1,1,,,,,,,s==12|BagHeroLayer,,,,,,,
1610,3300002,,,s==28|Mô-đun nuôi dưỡng - Võ tướng,s==17|Võ Tướng Trọng Tế,,,1,1,,,,,,,s==12|BagHeroLayer,,,,,,,
1618,3300002,,,s==17|Mô-đun hành trang,s==20|Hành trang Chiến hồn,,,1,1,,,,,,,s==8|BagLayer,7,,,,,,
1619,3300002,,,s==17|Mô-đun hành trang,s==20|Hành trang Phó tướng,,,126,126,,,,,,,s==8|BagLayer,9,,,,,,
1620,3300002,,,s==27|Mô-đun hành trang - Lối vào,s==26|Giao diện chính hành trang,,,1,1,,,,,,,s==8|BagLayer,,,,,,,
1621,3300002,,,s==17|Mô-đun hành trang,s==19|Hành trang Trang bị,,,1,1,,,,,,,s==8|BagLayer,2,,,,,,
1622,3300002,,,s==17|Mô-đun hành trang,s==17|Hành trang Đạo cụ,,,1,1,,,,,,,s==8|BagLayer,1,,,,,,
1623,3300002,,,s==17|Mô-đun hành trang,s==20|Hành trang Tướng phù,,,1,1,,,,,,,s==8|BagLayer,3,,,,,,
1624,3300002,,,s==17|Mô-đun hành trang,s==19|Hành trang Tướng ấn,,,1,1,,,,,,,s==8|BagLayer,4,,,,,,
1625,3300002,,,s==17|Mô-đun hành trang,s==19|Hành trang Phụ kiện,,,1,1,,,,,,,s==8|BagLayer,5,,,,,,
1626,3300002,,,s==17|Mô-đun hành trang,s==19|Hành trang Chiến kỳ,,,0,1,,,,,,,s==8|BagLayer,6,,,,,,
1627,3300002,,,s==17|Mô-đun hành trang,s==17|Hành trang Kỳ mưu,,,0,1,,,,,,,s==8|BagLayer,8,,,,,,
1628,3300002,,,s==17|Mô-đun hành trang,s==20|Hành trang Bảo thạch,,,0,1,,,,,,,s==8|BagLayer,10,,,,,,
1629,3300002,,,s==17|Mô-đun hành trang,s==20|Phân giải Tinh thạch,,,0,1,,,,,,,s==8|BagLayer,11,,,,,,
1630,3300002,,,s==25|Mô-đun cơ bản - Hợp thành,s==18|Thiên đàn tiến cấp,,,1,1,,,,,,,s==12|AdvanceLayer,,,,,,,
1631,3300002,,,s==17|Mô-đun hành trang,s==8|Chiến mã,,,145,150,,,,,,,s==8|BagLayer,12,,,,,,
1640,3300002,,,s==27|Mô-đun cơ bản - Chiêu tướng,s==9|Tầm Phóng,,,1,1,,,,,,,s==12|XunfangLayer,,,,,,,
1650,3300002,,,s==15|Lối chơi cơ bản,s==10|Xuất Chinh,,,1,1,,,,,,,s==13|ChuZhengLayer,,,,,,,
1651,3300002,,,s==15|Lối chơi cơ bản,s==29|Xuất chinh - Thưởng thăng sao,,,1,15,,,,,,,s==16|upStarRewardView,,,,,,,
1659,528,,,s==18|Mô-đun thương điếm,s==1| ,,,3,3,,,,,,,s==9|ShopLayer,1,,,,,,
1660,528,,,s==18|Mô-đun thương điếm,s==19|Thương thành đạo cụ,,,1,1,,,,,,,s==9|ShopLayer,1,,,,,,
1670,528,,,s==18|Mô-đun thương điếm,s==21|Thương thành tướng sĩ,,,1,1,,,,,,,s==9|ShopLayer,2,,,,,,
1680,528,,,s==18|Mô-đun thương điếm,s==23|Thương thành huy chương,,,1,1,,,,,,,s==9|ShopLayer,8,,,,,,
1690,528,,,s==18|Mô-đun thương điếm,s==23|Thương thành trang phục,,,1,1,,,,,,,s==9|ShopLayer,9,,,,,,
1700,528,,,s==18|Mô-đun thương điếm,s==20|Thương điếm Binh thư,,,1,1,,,,,,,s==9|ShopLayer,10,,,,,,
1710,528,,,s==34|Mô-đun thương điếm - Điểm tích lũy,s==22|Thương thành tích phân,,,1,8,,,,,,,s==9|ShopLayer,3,,,,,,
1720,528,,,s==34|Mô-đun thương điếm - Điểm tích lũy,s==23|Thương thành trường tập,,,1,8,,,,,,,s==9|ShopLayer,4,,,,,,
1730,528,,,s==34|Mô-đun thương điếm - Điểm tích lũy,s==20|Thiên lý thương điếm,,,1,30,,,,,,,s==9|ShopLayer,3,,,,,,
1740,528,,,s==34|Mô-đun thương điếm - Điểm tích lũy,s==21|Thương thành đoạt bảo,,,1,20,,,,,,,s==9|ShopLayer,6,,,,,,
1750,528,,,s==34|Mô-đun thương điếm - Điểm tích lũy,s==21|Thương thành đỉnh cao,,,1,105,,,,,,,s==9|ShopLayer,7,,,,,,
1759,528,,,s==29|Mô-đun thương điếm - Lối chơi,s==23|Thương thành chiến pháp,,,1,55,,,,,,,s==9|ShopLayer,11,,,,,,
1760,528,,,s==29|Mô-đun thương điếm - Lối chơi,s==22|Thương thành thiên đài,,,1,50,,,,,,,s==9|ShopLayer,11,,,,,,
1770,528,,,s==29|Mô-đun thương điếm - Lối chơi,s==22|Thương thành liên minh,,,1,78,,,,,,,s==9|ShopLayer,12,,,,,,
1780,528,,,s==29|Mô-đun thương điếm - Lối chơi,s==22|Quân Công Thương Thành,,,1,100,,,,,,,s==9|ShopLayer,13,,,,,,
1790,528,,,s==29|Mô-đun thương điếm - Lối chơi,s==21|Thương thành hợp tung,,,1,95,,,,,,,s==9|ShopLayer,14,,,,,,
1800,528,,,s==29|Mô-đun thương điếm - Lối chơi,s==19|Man Di Thương Thành,,,1,75,,,,,,,s==9|ShopLayer,15,,,,,,
1801,528,,,s==27|Tranh đoạt mỏ - Thương điếm,s==21|Thương điếm Bảo thạch,,,1,82,,,,,,,s==13|MWShopPopView,16,,,,,,
1802,528,,,s==29|Mô-đun thương điếm - Lối chơi,s==24|Tương Phùng Thương Thành,,,1,105,,,,,,,s==9|ShopLayer,34,,,,,,
1810,529,,,s==29|Mô-đun thương điếm - Lối chơi,s==19|Thần Bí Thương Điếm,,,1,1,,,,,2,,s==15|SecretShopLayer,,,,,,,
1820,530,,,s==9|Hoạt Động,s==19|Thất Nhật Đăng Nhập,,s==66|Mở khóa Thất Nhật Đăng Nhập Hoạt Động， Lĩnh Nhận Đại Lượng Thưởng。,7,7,,,,,,,s==17|SevenDaysActLayer,,,,,,,
1821,531,,,s==9|Hoạt Động,s==17|Thất Nhật Diễn Vũ,,,13,13,,,,,,,s==17|SevenDayTaskLayer,,,,,,,
1822,532,,,s==9|Hoạt Động,s==18|Chiến Tranh Chi Lộ,,,13,13,,,,,,,s==19|zhengzhanrizhiLayer,,,,,,,
1823,533,,,s==9|Hoạt Động,s==17|Hiến Đế Mật Chiếu,,,13,13,,,,,,,s==17|squarehaolinLayer,,,,,,,
1824,531,,,s==9|Hoạt Động,s==17|Thất Nhật Diễn Vũ,,,13,13,,,,,,,s==19|ActSevenDayExercise,,,,,,,
1825,532,,,s==9|Hoạt Động,s==18|Chiến Tranh Chi Lộ,,,13,13,,,,,,,s==25|zhengzhanrizhiRotateLayer,,,,,,,
1826,533,,,s==9|Hoạt Động,s==17|Hiến Đế Mật Chiếu,,,13,13,,,,,,,s==23|squarehaolinRotateLayer,,,,,,,
1830,110100,,,s==7|Nạp thẻ,s==18|Ưu đãi nạp lần đầu,,,9,9,,,,,,,s==12|RechargeView,,,,,,,
1840,110101,,,s==16|Chức năng cơ bản,s==21|Nạp lần đầu hằng ngày,,,11,11,,,,,,,s==21|RechargeInterfaceView,,,,,,,
1841,3300002,,,s==16|Chức năng cơ bản,s==15|Gói Quà Nạp Đầu,,,0,,,,,,,,s==17|SevenDaysActLayer,,,,,,,
1850,534,,,s==12|Lối Chơi PVP,s==21|Biểu Tượng Chiến Đoàn,,,18,18,,,,,,,s==17|SevenDaysActLayer,,,,,,,
1860,535,,,s==9|Hoạt Động,s==19|Tải Về Nhận Quà Tốt,,,1,1,,,,,,,s==12|AgiftBagView,,,,,,,
1870,536,,,s==9|Hoạt Động,s==20|Thực danh chứng thực,,,1,1,,,,,,,s==12|AgiftBagView,,,,,,,
1880,537,,,s==9|Hoạt Động,s==26|Gói Quà Giới Hạn Thời Gian,,,10,10,,,,,,,s==16|FlashgifBagLayer,,,,,,,
1881,537,,,s==9|Hoạt Động,s==19|Gói Quà Tuyệt Phiên,,,1,1,,,,,,,s==16|FlashgifBagLayer,,,,,,,
1882,3300002,,,s==36|Gói Quà Giới Hạn Thời Gian (Thần Ma),s==23|Ngũ Tinh Dưỡng Thành Lễ,,,,,,,,,,,s==16|FlashgifBagLayer,,,,,,,
1883,3300002,,,s==38|Gói Quà Giới Hạn Thời Gian (Ngụy Thục),s==23|Ngũ Tinh Dưỡng Thành Lễ,,,,,,,,,,,s==16|FlashgifBagLayer,,,,,,,
1890,538,,,s==29|Mô Đun Nuôi Dưỡng - Thần Binh,s==9|THẦN BINH,,s==61|Mở khóa Thần Binh， Thần Binh Thiên Giáng， Ngự Địch Vạn Thiên。,,,,,,,3,,s==10|QiShuLayer,,,,,,,
1900,539,,,s==26|Mô Đun Đặc Quyền - Lối Vào,s==9|Đặc quyền,,,7,7,,,,,,,s==11|TequanLayer,,,,,,,
1910,540,,,s==16|Mô Đun Đặc Quyền,s==7|Nạp thẻ,,,1,1,,,,,,,s==11|TequanLayer,1,,,,,,
1920,541,,,s==16|Mô Đun Đặc Quyền,s==3|VIP,,,1,1,,,,,,,s==11|TequanLayer,2,,,,,,
1930,542,,,s==16|Mô Đun Đặc Quyền,s==12|KNB Nhân Đôi,,,1,1,,,,,,,s==11|TequanLayer,3,,,,,,
1940,543,,,s==16|Mô Đun Đặc Quyền,s==22|Thương Thành Đặc Quyền,,,1,1,,,,,,,s==11|TequanLayer,4,,,,,,
1950,3300002,,,s==18|Mô Đun Chinh Chiến,s==17|Giải đáp nghi nan,,,1,1,,,,,,,s==11|AnswerLayer,,,,,,,
1960,544,,,s==4|PVE1,s==16|Hổ Lao Chi Chiến,,s==58|Mở khóa Hổ Lao Chi Chiến， Vô Song Chi Chí， Vô Nhân Khả Đ挡。,55,55,,,,,,,s==20|HuLaoBattleMainLayer,,,,,,,
1970,545,,,s==4|PVE2,s==19|Kinh Châu Chi Chiến,,s==67|Mở khóa Kinh Châu Chi Chiến， Dụng Binh Chi Đạo， Biến Hóa Vạn Thiên。,60,60,,,,,,,s==13|WOJZMainLayer,,,,,,,
1980,3400005,,,s==4|PVE3,s==15|Man di xâm nhập,,s==62|Mở khóa Man Di Nhập Xâm， Kháng Kích Ngoại Tích， Dương Quốc Uy。,75,75,,,,,,,s==9|mzrqLayer,,,,,,,
1990,547,,,s==4|PVE4,s==21|Bắc phạt Trung Nguyên,,s==69|Mở khóa Bắc Phạt Trung Nguyên， Khuông Phù Hán Thất， Chỉ Nhật Khả Đãi。,,,99,104,,,,,s==13|WNChapterList,,,,,,,
1991,563,,,s==4|PVP1,s==17|Tào vận phong vân,,s==66|Mở khóa Tào Vận Phong Vân， Hộ Hàng Kháng Địch， Nộ Hải Tranh Phong。,40,40,,,,,,,s==23|WaterTransportMainLayer,,,,,,,
1992,3300002,,,,s==15|Thánh đàn tế tự,,s==63|Mở khóa Thánh Đàn Tế Tự， Hiến Tế Thánh Vật， Thu Thập Trang Sức。,,,99,104,,,,,s==12|WNAltarLayer,,,,,,,
1993,3300002,,,,s==22|Thương Thành Trang Sức,,,,,99,104,,,,,s==13|WNShopPopView,,,,,,,
1994,,,,,s==13|Tào Vận Tế Tự,,s==66|Tế tự tại Phong Thần Đàn có thể  cường tào vận / chặn đánh lợi ích,40,40,,,,,,,,,,,,,,
2000,548,,,s==4|PVP2,s==18|Xếp hạng thiên đài,,s==73|Mở khóa Thiên Thang Bảng Xếp Hạng， Vị Thứ Tranh Đoạt， Ngạo Thị Quần Hùng。,50,50,,,,,,,s==16|LadderMatchLayer,,,,,,,
2001,548,,,s==4|PVP4,s==24|Khoáng Trường Chiếm Đoạt,,s==96|Mở khóa Khoáng Trường Tranh Đoạt， Chiếm Lĩnh Mỏ Mạch， Thu Thập Bảo Thạch， Tăng Cường Thuộc Tính！,82,82,,,,,,,s==16|MineWarMainLayer,,,,,,,
2010,549,,,s==4|PVP3,s==18|Liên Minh Đối Trận,,s==67|Mở khóa Liên Minh Đối Trận， Song Phục Tranh Hùng， Xếp Binh Bố Trận。,78,78,,,,,,,s==18|redCliff_mainLayer,,,,,,,
2011,,,,,s==25|Thiên Đề Tranh Bá - Thích,,s==31|Có thể thích truyền kỳ mùa giải,50,50,,,,,,,,,,,,,,
2020,550,,,s==4|PVP5,s==19|Công thành lược địa,,s==66|Mở khóa Công Thành Lược Địa， Quần Hùng Cát Cứ， Chiếm Địa Vi Vương。,100,100,,,,,,,s==19|CountryWarMainLayer,,,,,,,
2021,550,,,s==4|PVP5,s==16|Thiên Ma Lai Xâm,,s==59|Thiên Ma Lai Xâm， Chúng Chí Thành Thành， Đề Ngự Ngoại Địch。,100,100,,,,,,,s==21|DemonStrikesMainLayer,,,,,,,
2030,551,,,s==4|PVP6,s==19|Hợp Tòng Liên Hoành,,s==68|Mở khóa Hợp Tung Liên Hành， Vận Chước Bày Mưu， Quyết Thắng Thiên Lý。,95,95,,,,,,,s==13|HzlhMainLayer,,,,,,,
2040,552,,,s==4|PVP7,s==24|Đỉnh Phong Đối Quyết Tái,,s==69|Mở khóa Đỉnh Phong Đối Quyết， Đoạn Vị Thăng Cấp， Vấn Đỉnh Đỉnh Phong。,105,105,,,,,,,s==13|dfdjMainLayer,,,,,,,
2041,552,,,s==4|PVP7,s==37|Đỉnh Phong Đối Quyết Tái (Đỉnh Phong),,s==69|Mở khóa Đỉnh Phong Đối Quyết， Đoạn Vị Thăng Cấp， Vấn Đỉnh Đỉnh Phong。,105,105,,,,,,,,,,,,,,
2042,552,,,s==4|PVP7,s==36|Đỉnh Phong Đối Quyết Tái (Quyết Tái),,s==69|Mở khóa Đỉnh Phong Đối Quyết， Đoạn Vị Thăng Cấp， Vấn Đỉnh Đỉnh Phong。,105,105,,,,,,,s==8|dfdjTab3,,,,,,,
2043,,,,,s==33|Đỉnh Phong Đối Quyết Giải - Thích,,s==31|Có thể thích truyền kỳ mùa giải,105,105,,,,,,,,,,,,,,
2050,553,,,s==28|Mô-đun nuôi dưỡng - Võ tướng,s==9|Phó tướng,,s==59|Mở khóa Phó Tướng Ô， Chủ Phó Đáp Hợp， Cường Cường Liên Hợp。,126,126,,,10,,,,,,,,,,,
2060,554,,,s==28|Mô-đun nuôi dưỡng - Võ tướng,s==8|Phụ kiện,,s==66|Mở khóa Võ Tướng Phối Sức， Châu Liên Bích Hợp， Trác Lộ Phong Mang。,,,99,104,,,,,,,,,,,,
2070,555,,,s==28|Mô-đun nuôi dưỡng - Võ tướng,s==9|Trận Pháp,,s==68|Mở khóa Tinh Thần Trận Pháp， Thiên Cương Bắc Đẩu， Trận Pháp Chi Lực。,125,125,,,10,,,,s==18|RuneStoneMainLayer,,,,,,,
2080,556,,,s==28|Mô-đun nuôi dưỡng - Võ tướng,s==9|Chiến hồn,,s==65|Mở khóa Chiến Hồn Trang Bị， Binh Pháp Hữu Đạo， Phong Lâm Hỏa Sơn。,0,,,,11,,,,s==13|ChuZhengLayer,,,,,,,
2089,3300002,,,s==29|Mô Đun Nuôi Dưỡng - Chiến Hồn,s==9|Chiến hồn,,s==65|Mở khóa Chiến Hồn Trang Bị， Binh Pháp Hữu Đạo， Phong Lâm Hỏa Sơn。,71,71,,,9,,,,s==13|ChuZhengLayer,,,,,,,
2090,557,,,s==21|Tướng quân viễn chinh,s==21|Tướng quân viễn chinh,,s==69|Mở khóa Viễn Chinh Hệ Thống， Viễn Chinh Kỳ Duyên， Bí Cảnh Thông Quan。,61,71,,,,,220,,s==13|ChuZhengLayer,,,,,,,
2091,558,,,s==18|Mô Đun Chinh Chiến,s==17|Hệ Thống Kỳ Duyên,,s==66|Mở khóa Kỳ Duyên Hệ Thống， Tiên Nhân Phủ Đỉnh， Tứ Ngã Trường Sinh。,12,12,,,,,,,s==24|ChuZhengAdventurePopView,,,,,,,
2092,559,,,s==18|Mô Đun Chinh Chiến,s==10|Quét Nhanh,,,1,1,,,,,,,s==20|ChuZhengQuickPopView,,,,,,,
2093,560,,,s==28|Mô Đun Chinh Chiến - Lối Vào,s==10|Xuất Chinh,,,1,1,,,,,,,s==13|ChuZhengLayer,,,,,,,
2100,561,,,s==28|Mô-đun nuôi dưỡng - Võ tướng,s==9|Bảo thạch,,,82,82,,,6,,,,s==19|StrengthenMainLayer,6,,,,,,
2110,562,,,s==6|415 Ải,s==17|Mở Khóa Phù Thạch,,,0,,,,,,,,,,,,,,,
2111,561,,,s==20|Quần Hùng Khởi Nghĩa,s==20|Quần Hùng Khởi Nghĩa,,,50,50,,,,,,,s==14|HeroesRiseView,,,,,,,
2120,561,,,s==13|Tướng hồn chí,s==13|Tướng hồn chí,,s==62|Mở khóa Tướng Hồn Chí， Tập Tề Võ Tướng， Thuộc Tính Tăng Cường。,160,,160,165,,,,,s==19|DivineGeneralsLayer,,,,,,,
2130,3300002,,,s==14|Tháp Thử Luyện,s==14|Tháp Thử Luyện,,,,,,,,,,,s==9|TowerView,2,,,,,,
2131,3300002,,,s==33|Thách Đấu Chủ Lĩnh Tháp Thử Luyện,s==33|Thách Đấu Chủ Lĩnh Tháp Thử Luyện,,,100,100,,,,,,,,,,,,,,
2200,3300002,,,s==21|Quỹ Giá Trị - Lối Vào,s==16|Quỹ siêu giá trị,,,15,15,,,,,,,s==11|RebateLayer,,,,,,,
2201,4000108,,,s==13|Quỹ Tháng 128,s==13|Quỹ Tháng 128,,,15,15,,,,,,,s==11|RebateLayer,,,,,,,
2202,4000514,,,s==13|Quỹ Tháng 328,s==13|Quỹ Tháng 328,,,15,15,,,,,,,s==11|RebateLayer,,,,,,,
2203,4000109,,,s==13|Quỹ Tháng 648,s==13|Quỹ Tháng 648,,,15,15,,,,,,,s==11|RebateLayer,,,,,,,
2300,3300002,,,s==14|Đồng Quách Đài,s==14|Đồng Quách Đài,,s==66|Mở khóa Mỹ Nhân Hệ Thống， Giai Nhân Trợ Trận， Toàn Thể Tăng Phóng。,40,40,,,,,,,s==12|TQTMainLayer,,,,,,,
2400,561,,,s==25|Gói Quà Giá Trị - Lối Vào,s==20|Gói Quà Siêu Giá Trị,,,15,15,,,,,,,s==13|OverflowLayer,,,,,,,
2401,3300002,,,s==16|Nuôi Dưỡng Tướng,s==16|Nuôi Dưỡng Tướng,,,15,15,,,,,,,s==13|OverflowLayer,0,,,,,,
2402,3300002,,,s==17|Đồng Tiền Đầy Đặn,s==17|Đồng Tiền Đầy Đặn,,,15,15,,,,,,,s==13|OverflowLayer,1,,,,,,
2403,3300002,,,s==20|Nuôi Dưỡng Thần Binh,s==20|Nuôi Dưỡng Thần Binh,,,15,15,,,,,,,s==13|OverflowLayer,2,,,,,,
2404,3300002,,,s==18|Nuôi Dưỡng Bảo Vật,s==18|Nuôi Dưỡng Bảo Vật,,,15,15,,,,,,,s==13|OverflowLayer,3,,,,,,
2405,3300002,,,s==19|Chinh Phạt Thiên Hạ,s==19|Chinh Phạt Thiên Hạ,,,999,999,,,,,,,,,,,,,,
2410,3300002,,,s==34|Thất Man Chi Loạn (Mộ Kim Hiệu Úy),s==17|Thất Man Chi Loạn,,,999,999,,,,,,,,,,,,,,
2420,3300002,,,s==38|Quần Hùng Tranh Lộc (Cửu Châu Lôi Đài),s==19|Quần Hùng Tranh Lộc,,,999,999,,,,,,,,,,,,,,
2430,3300002,,,s==19|Cửu Châu Phân Tranh,s==19|Cửu Châu Phân Tranh,,,999,999,,,,,,,,,,,,,,
2431,3300002,,,s==17|Thử Luyện Võ Thần,s==17|Thử Luyện Võ Thần,,,999,999,,,,,,,,,,,,,,
2440,3300002,,,s==19|Hoạt Động Khai Phục,s==22|Mua Giới Hạn Khai Phục,,,15,15,,,,,,,,,,,,,,
2450,3400022,,,s==19|Hoạt Động Khai Phục,s==18|Ngọa Long Xuất Thế,,,20,20,,,,,,,s==13|WolongGetView,,,,,,,
2501,3300002,,,s==8|Thần Thú,s==18|Thần Thú - Lối Vào,,,999,999,,,,,,,s==16|shenshouzhuLayer,,,,,,,
2502,3300002,,,s==8|Thần Thú,s==18|Thần Thú - Bảo Bối,,,999,999,,,,,,,s==11|BagPetLayer,1,,,,,,
2503,3300002,,,s==8|Thần Thú,s==18|Thần Thú - Đồ Giám,,,999,999,,,,,,,s==11|BagPetLayer,2,,,,,,
2504,3300002,,,s==8|Thần Thú,s==19|Thần Thú - Ấp Trứng,,,999,999,,,,,,,s==11|BagPetLayer,3,,,,,,
2505,3300002,,,s==8|Thần Thú,s==18|Thần Thú - Kế Thừa,,,999,999,,,,,,,s==11|BagPetLayer,4,,,,,,
2506,3300002,,,s==8|Thần Thú,s==21|Thần Thú - Nuôi Dưỡng,,,999,999,,,,,,,s==12|PetMainLayer,1,,,,,,
2507,3300002,,,s==8|Thần Thú,s==18|Thần Thú - Đột Phá,,,999,999,,,,,,,s==12|PetMainLayer,2,,,,,,
2508,3300002,,,s==8|Thần Thú,s==19|Thần Thú - Lĩnh Ngộ,,,999,999,,,,,,,s==12|PetMainLayer,3,,,,,,
2509,3300002,,,s==8|Thần Thú,s==20|Thần Thú - Phi Thăng,,,999,999,,,,,,,s==12|PetMainLayer,4,,,,,,
2510,3300002,,,s==8|Thần Thú,s==19|Thần Thú - Hợp Nhất,,,999,999,,,,,,,s==12|PetMainLayer,5,,,,,,
2630,110100,,,s==7|Nạp thẻ,s==18|Ưu đãi nạp lần đầu,,,9,9,,,,,,,s==20|overflowRechargeView,,,,,,,
2700,3300002,,,s==13|Tụ nghĩa sảnh,s==13|Tụ nghĩa sảnh,,s==58|Mở khóa Tụ Nghĩa Đình， Cấp Độ Chia Sẻ， Vô Cần Dưỡng Thành。,200,200,,,,,,,,,,,,,,
2800,3300002,,,s==30|Báo Chiến Tướng Mới Phong Cách,s==30|Báo Chiến Tướng Mới Phong Cách,,,1,1,,,,,,,s==14|WarReportLayer,,,,,,,
2810,3300002,,,s==28|Báo Chiến Điểm Nóng Tuần Này,s==28|Báo Chiến Điểm Nóng Tuần Này,,,1,1,,,,,,,,,,,,,,
2820,3300002,,,s==26|Chi tiết chiến báo cá nhân,s==26|Chi tiết chiến báo cá nhân,,,1,1,,,,,,,s==20|warReporliketPopView,,,,,,,
2830,3300002,,,s==25|Chiến báo cá nhân sưu tầm,s==25|Chiến báo cá nhân sưu tầm,,,1,1,,,,,,,,,,,,,,
2840,3300002,,,s==7|Mỹ nhân,s==18|Đồng Quách Du Viên,,,40,40,,,,,,,s==18|TheAssassinsLayer ,0,,,,,,
2841,4000008,,,s==18|Đồng Quách Du Viên,s==13|Ngọc Long Đài,,,40,40,,,,,,,s==18|TheAssassinsLayer ,2,,,,,,
2842,4000009,,,s==18|Đồng Quách Du Viên,s==16|Linh Lung Hội Kỳ,,,40,40,,,,,,,s==18|TheAssassinsLayer ,3,,,,,,
2844,4000010,,,s==18|Đồng Quách Du Viên,s==14|Kim Phượng Đài,,,40,40,,,,,,,s==18|TheAssassinsLayer ,0,,,,,,
2845,4000011,,,s==18|Đồng Quách Du Viên,s==14|Đồng Quách Đài,,,40,40,,,,,,,s==18|TheAssassinsLayer ,1,,,,,,
2846,4000012,,,s==18|Đồng Quách Du Viên,s==18|Nhiệm vụ hằng ngày,,,40,40,,,,,,,s==18|TheAssassinsLayer ,4,,,,,,
2850,,,,s==20|Yến Thỉnh Bát Phương,s==18|Hỷ nghênh tân xuân,,,15,15,,,,,,,s==24|FestivitiesScheduleLayer,,,,,,,
2851,,,,s==20|Yến Thỉnh Bát Phương,s==11|Thư năm mới,,,10,10,,,,,,,,,,,,,,
2852,960047,,,s==20|Yến Thỉnh Bát Phương,s==16|Tửu Hứng Xí Ngầu,,,10,10,,,,,,,,,,,,,,
2853,960048,,,s==20|Yến Thỉnh Bát Phương,s==15|Vân Thù Hải Lập,,,10,10,,,,,,,,,,,,,,
2854,960049,,,s==20|Yến Thỉnh Bát Phương,s==11|Tiệc lễ hộp,,,10,10,,,,,,,,,,,,,,
2855,960050,,,s==20|Yến Thỉnh Bát Phương,s==14|Cửu Ủ Xuân Tửu,,,10,10,,,,,,,,,,,,,,
2860,3300002,,,s==22|Toàn Dân Kình Kích Tái,s==22|Toàn Dân Kình Kích Tái,,,15,15,,,,,,,,,,,,,,
2870,3300002,,,s==17|Chức năng thủ thư,s==17|Chức năng thủ thư,,,7,1,,,,,,,s==13|HandBookLayer,,,,,,,
2880,3300002,,,s==27|Xuất chinh - Mộ Kim Hiệu Úy,s==15|Mạc Kim Hiệu Úy,,,,,,,,100,,,s==10|mjxw_Layer,,,,,,,
2890,3300002,,,s==32|Trận pháp - Tinh Thạch Thám Hiểm,s==20|Tinh Thạch Thám Hiểm,,,125,125,,,,,,,s==16|RSExplorePopView,,,,,,,
2900,3300002,,,s==30|Bắc Phạt Trung Nguyên - Tế Đàn,s==13|Kỳ Lân Tế Đàn,,,,,99,104,,,,,s==12|WNAltarLayer,,,,,,,
3000,,,,s==19|Hoạt Động Khai Phục,s==25|Mười Lần May Mắn Rút Thăm,,,10,10,,,,,,,s==15|LuckDrawPopView,,,,,,,
3001,3300002,,,s==17|Xưng bá khai phục,s==17|Xưng bá khai phục,,,15,15,,,,,,,s==16|activitiRankView,,,,,,,
3002,,,,s==8|Chiến mã,s==8|Chiến mã,,s==91|Mở khóa hệ thống chiến mã， thu thập chiến mã truyền kỳ， tạo dựng tọa kỵ riêng cho võ tướng。,120,120,,,10,,,,,,,,,50,,
3004,3300002,,,s==22|Hoạt động tướng chủ đề,s==22|Hoạt động tướng chủ đề,,,15,15,,,,,,,s==14|ActHuaTuoLayer,,,,,,,
3005,3300002,,,s==15|Du mục đào viên,s==15|Du mục đào viên,,,120,120,,,,,,,s==10|plxj_Layer,,,,,50,,
3006,,,,s==19|Xem trước chiến đấu,s==19|Xem trước chiến đấu,,,15,15,,,,,,,,,,,,,,
3007,970010,,,s==22|Hoạt động tướng chủ đề,s==16|Thử thách đại đế,,,15,15,,,,,,,s==14|ActHuaTuoLayer,1,,,,,,
3008,970004,,,s==22|Hoạt động tướng chủ đề,s==16|Đại Đế giáng lâm,,,15,15,,,,,,,s==14|ActHuaTuoLayer,2,,,,,,
3009,970006,,,s==22|Hoạt động tướng chủ đề,s==13|Đại Đế bí lục,,,15,15,,,,,,,s==14|ActHuaTuoLayer,3,,,,,,
3010,970008,,,s==22|Hoạt động tướng chủ đề,s==19|Đại Đế thương thành,,,15,15,,,,,,,s==14|ActHuaTuoLayer,4,,,,,,
3011,970002,,,s==22|Hoạt động tướng chủ đề,s==20|Đại Đế truyền thuyết,,,15,15,,,,,,,s==14|ActHuaTuoLayer,5,,,,,,
3012,,,,s==38|Du Mục Thảo Nguyên - Bí Cảnh Thám Hiểm,s==38|Du Mục Thảo Nguyên - Bí Cảnh Thám Hiểm,,,120,120,,,,,,,,,,,,50,,
3013,,,,s==40|Du Mục Thảo Nguyên - Loạn Nhập Kiếp Lược,s==40|Du Mục Thảo Nguyên - Loạn Nhập Kiếp Lược,,,120,120,,,,,,,,,,,,50,,
3020,,,,s==17|Diệu Thú Tân Mông,s==17|Diệu Thú Tân Mông,,,15,15,,,,,,,s==13|chuntianLayer,,,,,,3006,
3021,960069,,,s==19|Tuyết Miêu Hí Phách,s==19|Tuyết Miêu Hí Phách,,,15,15,,,,,,,s==13|chuntianLayer,1,,,,,3006,
3022,960070,,,s==15|Dã Miêu Nhập Hạ,s==15|Dã Miêu Nhập Hạ,,,15,15,,,,,,,s==13|chuntianLayer,2,,,,,3006,
3023,960071,,,s==17|Kiêu Dương Tự Hỏa,s==14|Hí Thú Du Viên,,,15,15,,,,,,,s==13|chuntianLayer,3,,,,,3006,
3024,960072,,,s==17|Lập Hạ Cẩm Nguyện,s==17|Lập Hạ Cẩm Nguyện,,,15,15,,,,,,,s==13|chuntianLayer,5,,,,,3006,
3025,960073,,,s==17|Hạ Tế Thương Hành,s==20|Mộng Thú Thương Hành,,,15,15,,,,,,,s==13|chuntianLayer,4,,,,,3006,
3026,,,,s==18|Quỷ Thần giáng lâm,s==18|Quỷ Thần giáng lâm,,,15,15,,,,,,,s==12|ActLvBuLayer,1,,,,,,
3027,4000122,,,s==24|Dự Lưu Bì Cáng Hoạt Động,s==24|Dự Lưu Bì Cáng Hoạt Động,,,15,15,,,,,,,s==13|chuntianLayer,5,,,,,,
3028,,,,s==19|Thần Binh Hoạt Động,s==19|Thần Binh Hoạt Động,,,15,15,,,,,,,s==16|ActShenBingLayer,0,,,,,,
3029,960038,,,s==13|Thần Binh Phổ,s==13|Thần Binh Phổ,,,15,15,,,,,,,s==16|ActShenBingLayer,1,,,,,,
3030,960039,,,s==18|Thần Binh Thám Bảo,s==18|Thần Binh Thám Bảo,,,15,15,,,,,,,s==16|ActShenBingLayer,2,,,,,,
3031,960040,,,s==18|Binh vô thường thế,s==18|Binh vô thường thế,,,15,15,,,,,,,s==16|ActShenBingLayer,3,,,,,,
3032,960041,,,s==16|Ngũ Hồn Chi Trận,s==16|Ngũ Hồn Chi Trận,,,15,15,,,,,,,s==16|ActShenBingLayer,5,,,,,,
3033,960042,,,s==14|Tồn tích cư kì,s==14|Tồn tích cư kì,,,15,15,,,,,,,s==16|ActShenBingLayer,4,,,,,,
3034,3400072,,,s==18|Quỷ Thần giáng lâm,s==18|Quỷ Thần thử luyện,,,15,15,,,,,,,s==12|ActLvBuLayer,1,,,,,,
3035,3400073,,,s==18|Quỷ Thần giáng lâm,s==16|Vô Song Ma Tướng,,,15,15,,,,,,,s==12|ActLvBuLayer,2,,,,,,
3036,3400074,,,s==18|Quỷ Thần giáng lâm,s==18|Quỷ Thần chúc phúc,,,15,15,,,,,,,s==12|ActLvBuLayer,3,,,,,,
3037,3400075,,,s==18|Quỷ Thần giáng lâm,s==18|Nhiệm vụ hằng ngày,,,15,15,,,,,,,s==12|ActLvBuLayer,4,,,,,,
3038,,,,s==17|Thanh Mai Chử Tửu,s==17|Thanh Mai Chử Tửu,,,15,15,,,,,,,s==12|ActQmzjLayer,0,,,,,,
3039,3400057,,,s==19|Tự chọn thương điếm,s==19|Tự chọn thương điếm,,,15,15,,,,,,,s==12|ActQmzjLayer,0,,,,,,
3040,3400058,,,s==16|Thần Châu du dạo,s==16|Thần Châu du dạo,,,15,15,,,,,,,s==12|ActQmzjLayer,1,,,,,,
3041,3000518,,,s==14|Du lịch lễ bao,s==14|Du lịch lễ bao,,,15,15,,,,,,,s==12|ActQmzjLayer,2,,,,,,
3042,3400060,,,s==17|Thanh Mai Chử Tửu,s==17|Thanh Mai Chử Tửu,,,15,15,,,,,,,s==12|ActQmzjLayer,3,,,,,,
3043,3400061,,,s==16|Ẩm tửu trục cảnh,s==16|Ẩm tửu trục cảnh,,,15,15,,,,,,,s==12|ActQmzjLayer,4,,,,,,
3044,3400062,,,s==17|Siêu trị tuần thẻ,s==17|Siêu trị tuần thẻ,,,15,15,,,,,,,s==12|ActQmzjLayer,5,,,,,,
3050,,,,s==19|Công thành lược địa,s==14|Đại chuyển bàn,,,100,100,,,,,,,s==21|countryturntableLayer,,,,,,,
3060,,,,s==25|Tam Quốc Chí - Thiên Mệnh,s==12|Tam Quốc chí,,,105,,,,,,322,,s==16|SanGuoZhiPopView,1,,,,,,
3070,,,,s==35|Tam Quốc Chí - Thiên Mệnh Thử Thách,s==20|Thiên Mệnh Thách Đấu,,s==71|Mở khóa truyền thừa Tam Quốc Chí， nâng cao thuộc tính toàn bộ võ tướng。,105,,,,,,322,,s==13|LmjxMainLayer,,,,,,,
3081,3400076,,,s==18|Quỷ Thần giáng lâm,s==0|,,,15,15,,,,,,,s==12|ActLvBuLayer,5,,,,,,
3082,,,,s==18|Phong Ma Hoạt Động,s==18|Phong Ma Chiêu Thế,,,,,,,,,,,s==14|ActFengMoLayer,0,,,,,,
3083,3400094,,,s==15|Phục Ma ủy thác,s==15|Phục Ma ủy thác,,,,,,,,,,,s==14|ActFengMoLayer,1,,,,,,
3084,3400095,,,s==19|Yêu Vương giáng lâm,s==19|Yêu Vương giáng lâm,,,,,,,,,,,s==14|ActFengMoLayer,2,,,,,,
3085,3400096,,,s==15|Phong Ma Bí Bảo,s==15|Phong Ma Bí Bảo,,,,,,,,,,,s==14|ActFengMoLayer,3,,,,,,
3086,3400097,,,s==18|Thiên Mệnh Tứ Phúc,s==17|Thiên Mệnh tứ phù,,,,,,,,,,,s==14|ActFengMoLayer,5,,,,,,
3087,3400098,,,s==21|Phong Ma thương thành,s==21|Phong Ma thương thành,,,,,,,,,,,s==14|ActFengMoLayer,4,,,,,,
3088,,,,s==22|Tuyệt Bản Thương Thành,s==22|Tuyệt Bản Thương Thành,,,15,15,,,,,,,s==17|ActjuebanGiftNode,0,,,,,,
3090,,,,s==20|Tùng Hương Tình Nồng,s==20|Tùng Hương Tình Nồng,,,15,15,,,,,,,s==14|ActduanwuLayer,0,,,,,,
3091,3400089,,,s==20|Nho diệp thanh hương,s==20|Nho diệp thanh hương,,,15,15,,,,,,,s==14|ActduanwuLayer,0,,,,,,
3092,3400090,,,s==17|Tống hương tứ dật,s==17|Tống hương tứ dật,,,15,15,,,,,,,s==14|ActduanwuLayer,1,,,,,,
3093,3400091,,,s==18|Đoan Dương kỳ phúc,s==18|Đoan Dương kỳ phúc,,,15,15,,,,,,,s==14|ActduanwuLayer,2,,,,,,
3094,3400092,,,s==17|Đoan Dương lễ bao,s==17|Đoan Dương lễ bao,,,15,15,,,,,,,s==14|ActduanwuLayer,3,,,,,,
3095,3400062,,,s==17|Siêu trị tuần thẻ,s==17|Siêu trị tuần thẻ,,,15,15,,,,,,,s==14|ActduanwuLayer,4,,,,,,
3100,3400106,,,s==15|Võ tướng dự báo,s==15|Võ tướng dự báo,,,15,15,,,,,,,s==20|HeroIntroducePopView,,,,,,,
3101,,,,s==6|Mã lâu,s==6|Mã lâu,,,120,120,,,,,,,s==18|WarHorseAltarLayer,,,,,50,,
3102,,,,s==28|Lục tinh trang bị thăng tinh,s==28|Lục tinh trang bị thăng tinh,,,110,110,,,,,,,s==12|EquipSixStar,,,,,,,
3103,3400106,,,s==21|Huyền thưởng hệ thống,s==21|Huyền thưởng hệ thống,,,350,350,,,,,,,s==14|offRe_mainView,,,,,,,
9999,3950001,,,s==15|Cập nhật dự báo,s==15|Cập nhật dự báo,,,15,15,,,,,,,s==17|SysPreviewPopView,,,,,,,
3104,,,,s==17|Xạ tiễn nhập khẩu,s==18|Đồng Quách cạnh xạ,,,15,15,,,,,,,s==15|ActarcheryLayer,,,,,,,
3105,3400113,,,s==16|Hệ Thống Xạ Tiễn,s==28|Mũi tên không trượt phát nào,,,,,,,,,,,s==15|ActarcheryLayer,,,,,,,
3106,3400114,,,s==18|Cầu Nguyện Xạ Tiễn,s==18|Mũi Tên Đạt Nguyện,,,,,,,,,,,s==15|ActarcheryLayer,,,,,,,
3107,3400115,,,s==16|Nhiệm Vụ Xạ Tiễn,s==15|Phi Mã Uốn Cung,,,,,,,,,,,s==15|ActarcheryLayer,,,,,,,
3108,3400116,,,s==15|Gói Quà Xạ Tiễn,s==19|Chúc Phúc Cung Thần,,,,,,,,,,,s==15|ActarcheryLayer,,,,,,,
3109,3400106,,,s==16|Mỹ Nhân Dư Hương,s==16|Mỹ Nhân Dư Hương,,,15,15,,,,,,,s==22|ActAReturnGiftBagLayer,,,,,,,
3110,3400106,,,s==17|Bảo Cốc Chân Long,s==17|Bảo Cốc Chân Long,,,15,15,,,,,,,s==19|DragonTreasureLayer,,,,,,,
3111,,,,s==21|Thông Báo Mạch Khoáng,s==21|Thông Báo Mạch Khoáng,,,82,82,,,,,,,,,,,,,,
3112,,,,s==27|Lối Vào Hoạt Động Thất Tịch,s==16|Hoa Lộ Mộng Tiêu,,,15,15,,,,,,,,,,,,,3024,
3113,3400099,,,s==19|Duyên Kết Thất Tịch,s==19|Duyên Kết Thất Tịch,,,15,15,,,,,,,,,,,,,3024,
3114,3400100,,,s==12|Hạc Dẫn Tình,s==12|Hạc Dẫn Tình,,,15,15,,,,,,,,,,,,,3024,
3115,3400101,,,s==18|Bút Pháp Đan Thanh,s==18|Bút Pháp Đan Thanh,,,15,15,,,,,,,,,,,,,3024,
3116,3400102,,,s==17|Cầu Phúc Hoa Đăng,s==17|Cầu Phúc Hoa Đăng,,,15,15,,,,,,,,,,,,,3024,
3117,3400103,,,s==18|Tri Thức Thất Tịch,s==18|Tri Thức Thất Tịch,,,15,15,,,,,,,,,,,,,3024,
3118,3400104,,,s==19|Kiều Ngạc Tương Hội,s==19|Kiều Ngạc Tương Hội,,,15,15,,,,,,,,,,,,,3024,
3119,572,,,s==21|Chức năng thành chính,s==13|Long Hổ doanh,,s==62|Mở khóa cấp bậc và sao truyền thừa võ tướng của Long Hổ Doanh，,110,110,,,,,,,s==12|LhyMainLayer,,,,,,,
3120,970010,,,s==19|Ma Hoa Đà Hoạt Động,s==17|Thách Đấu Ma Tiên,,,15,15,,,,,,,s==14|ActHuaTuoLayer,1,,,,,,
3121,970004,,,s==19|Ma Hoa Đà Hoạt Động,s==14|Ma Tiên Hạ Lâm,,,15,15,,,,,,,s==14|ActHuaTuoLayer,2,,,,,,
3122,970006,,,s==19|Ma Hoa Đà Hoạt Động,s==14|Bí Lục Ma Tiên,,,15,15,,,,,,,s==14|ActHuaTuoLayer,3,,,,,,
3123,970008,,,s==19|Ma Hoa Đà Hoạt Động,s==20|Thương Thành Ma Tiên,,,15,15,,,,,,,s==14|ActHuaTuoLayer,4,,,,,,
3124,970002,,,s==19|Ma Hoa Đà Hoạt Động,s==21|Truyền Thuyết Ma Tiên,,,15,15,,,,,,,s==14|ActHuaTuoLayer,5,,,,,,
3125,970010,,,s==22|Hoạt Động Thần Quan Vũ,s==18|Thách Đấu Võ Thánh,,,15,15,,,,,,,s==14|ActHuaTuoLayer,1,,,,,,
3126,970004,,,s==22|Hoạt Động Thần Quan Vũ,s==15|Võ Thánh Hạ Lâm,,,15,15,,,,,,,s==14|ActHuaTuoLayer,2,,,,,,
3127,970006,,,s==22|Hoạt Động Thần Quan Vũ,s==15|Bí Lục Võ Thánh,,,15,15,,,,,,,s==14|ActHuaTuoLayer,3,,,,,,
3128,970008,,,s==22|Hoạt Động Thần Quan Vũ,s==21|Thương Thành Võ Thánh,,,15,15,,,,,,,s==14|ActHuaTuoLayer,4,,,,,,
3129,970002,,,s==22|Hoạt Động Thần Quan Vũ,s==0|,,,15,15,,,,,,,s==14|ActHuaTuoLayer,5,,,,,,
3150,,,,s==27|Lối Vào Hoạt Động Trung Thu,s==22|Nguyệt vãn thiên huyền,,,,,,,,,,,s==14|ActZQMainLayer,,,,,,3025,
3151,,,,s==18|Yến Tiệc Đoàn Viên,s==18|Yến Tiệc Đoàn Viên,,,,,,,,,,,s==14|ActZQMainLayer,6,,,,,3025,
3152,,,,s==19|Hoa Trang Du Nguyệt,s==19|Hoa Trang Du Nguyệt,,,,,,,,,,,s==14|ActZQMainLayer,2,,,,,3025,
3153,,,,s==17|Cầu Phúc Thắp Đèn,s==17|Cầu Phúc Thắp Đèn,,,,,,,,,,,s==14|ActZQMainLayer,3,,,,,3025,
3154,,,,s==22|Thương Thành Trung Thu,s==24|Thương Tràng Nguyệt Cung,,,,,,,,,,,s==14|ActZQMainLayer,1,,,,,3025,
3155,,,,s==18|Thẻ Tuần Trung Thu,s==18|Thẻ Tuần Trung Thu,,,,,,,,,,,,,,,,,3025,
3156,,,,s==19|Điểm Danh Trung Thu,s==20|Hương Quế Phảng Phất,,,,,,,,,,,s==14|ActZQMainLayer,5,,,,,3025,
3157,,,,s==18|Tích Nạp Trung Thu,s==19|Thu Thưởng Hoa Vinh,,,,,,,,,,,s==14|ActZQMainLayer,4,,,,,3025,
3170,6270018,,,s==20|Quốc khánh hoạt động,s==21|Hoa Chương Khánh Điển,,,15,15,,,,,,,s==14|ActGQMainLayer,,,,,,3027,
3171,6270002,,,s==23|Ca Ngợi Quốc Hoa Chương,s==23|Ca Ngợi Quốc Hoa Chương,,,,,,,,,,,s==14|ActGQMainLayer,,,,,,3027,
3172,6270003,,,s==17|Hưng Quốc An Bang,s==17|Hưng Quốc An Bang,,,,,,,,,,,s==14|ActGQMainLayer,,,,,,3027,
3173,6270004,,,s==17|Tế Thiên Thừa Vận,s==17|Tế Thiên Thừa Vận,,,,,,,,,,,s==14|ActGQMainLayer,,,,,,3027,
3174,,,,s==23|Mua Trực Tiếp Hoạt Động,s==15|Chợ Hội Kỷ Niệm,,,,,,,,,,,s==11|guoQingShop,2,,,,,3027,
3175,,,,s==19|Điểm Danh Hoạt Động,s==12|Tranh Sơn Hà,,,,,,,,,,,s==14|ActGQMainLayer,1,,,,,3027,
3176,,,,s==18|Tích Nạp Hoạt Động,s==16|Quà Tặng Kỷ Niệm,,,,,,,,,,,s==19|guoQingRechargeView,2,,,,,3027,
3177,,,,s==18|Rút Thăm Hoạt Động,s==14|Tầm Bảo Kỳ Bảo,,,,,,,,,,,s==14|ActGQMainLayer,4,,,,,3027,
3178,,,,s==18|Trò Chơi Hoạt Động,s==19|Tuần Hành Thịnh Thế,,,,,,,,,,,s==14|ActGQMainLayer,5,,,,,3027,
3179,,,,s==20|Đổi Thưởng Hoạt Động,s==15|Chợ Hội Kỷ Niệm,,,,,,,,,,,s==11|guoQingShop,1,,,,,3027,
3181,,,,s==22|Nạp Liên Tục Hoạt Động,s==16|Quà Tặng Kỷ Niệm,,,,,,,,,,,s==19|guoQingRechargeView,1,,,,,3027,
3180,6230000,,,s==22|Trung Nguyên Tranh Lộc,s==21|Văn Đỉnh Trung Nguyên,,,10,10,,,,,,,s==9|wdzyLayer,,,,,,,
3190,6290113,,,s==13|Tỷ Võ Đại Hội,s==13|Tỷ Võ Đại Hội,,,45,45,,,,,,,s==13|ActWuLinLayer,,,,,,,
3191,6290113,,,s==23|Vòng Loại Đại Hội Bỉ Võ,s==23|Vòng Loại Đại Hội Bỉ Võ,,,45,45,,,,,,,s==14|ActWLBossLayer,,,,,,,
3192,6290113,,,s==47|Tỷ Võ Đại Hội Vương Hầu Chiến Khu Tích Điểm Tái,s==47|Tỷ Võ Đại Hội Vương Hầu Chiến Khu Tích Điểm Tái,,,45,45,,,,,,,s==13|ActWuLinLayer,,,,,,,
3193,6290113,,,s==47|Tỷ Võ Đại Hội Vương Hầu Chiến Khu Loại Loại Tái,s==47|Tỷ Võ Đại Hội Vương Hầu Chiến Khu Loại Loại Tái,,,45,45,,,,,,,s==13|ActWuLinLayer,,,,,,,
3194,6290113,,,s==47|Tỷ Võ Đại Hội Quần Hùng Chiến Khu Tích Điểm Tái,s==47|Tỷ Võ Đại Hội Quần Hùng Chiến Khu Tích Điểm Tái,,,45,45,,,,,,,s==13|ActWuLinLayer,,,,,,,
3195,6290113,,,s==47|Tỷ Võ Đại Hội Quần Hùng Chiến Khu Loại Loại Tái,s==47|Tỷ Võ Đại Hội Quần Hùng Chiến Khu Loại Loại Tái,,,45,45,,,,,,,s==13|ActWuLinLayer,,,,,,,
3196,6290113,,,s==13|Tỷ Võ Đại Hội,s==23|Khoa Phục Tích Điểm Tái,,,45,45,,,,,,,s==15|wuLin_MainLayer,,,,,,,
31961,6290113,,,s==13|Tỷ Võ Đại Hội,s==39|Giao Diện Dự Đoán Trận Đấu Liên Máy Chủ,,,45,45,,,,,,,s==15|wuLin_MainLayer,1,,,,,,
31962,6290113,,,s==13|Tỷ Võ Đại Hội,s==35|Bảng Xếp Hạng Trận Đấu Liên Máy Chủ,,,45,45,,,,,,,s==15|wuLin_MainLayer,2,,,,,,
3197,6290113,,,s==13|Tỷ Võ Đại Hội,s==23|Khoa Phục Loại Loại Tái,,,45,45,,,,,,,s==16|taoTai_MainLayer,,,,,,,
31971,6290113,,,s==13|Tỷ Võ Đại Hội,s==39|Giao Diện Dự Đoán Loại Trừ Liên Máy Chủ,,,45,45,,,,,,,s==16|taoTai_MainLayer,1,,,,,,
31972,6290113,,,s==13|Tỷ Võ Đại Hội,s==35|Bảng Xếp Hạng Loại Trừ Liên Máy Chủ,,,45,45,,,,,,,s==16|taoTai_MainLayer,4,,,,,,
3198,6290113,,,s==13|Tỷ Võ Đại Hội,s==24|Diễn Võ Đối Đầu Nghỉ Mùa,,,45,45,,,,,,,s==15|ActWLSleepLayer,1,,,,,,
31981,6290113,,,s==13|Tỷ Võ Đại Hội,s==26|Sùng Bái Đỉnh Cao Nghỉ Mùa,,,45,45,,,,,,,s==15|ActWLSleepLayer,3,,,,,,
31982,6290113,,,s==13|Tỷ Võ Đại Hội,s==25|Phát Lại Lịch Sử Nghỉ Mùa,,,45,45,,,,,,,s==15|ActWLSleepLayer,4,,,,,,
31983,6290113,,,s==13|Tỷ Võ Đại Hội,s==32|Bảng Xếp Hạng Chiến Khu Nghỉ Mùa,,,45,45,,,,,,,s==15|ActWLSleepLayer,2,,,,,,
3199,6290113,,,s==13|Tỷ Võ Đại Hội,s==22|Thế Giới Tích Điểm Tái,,,45,45,,,,,,,s==15|wuLin_MainLayer,,,,,,,
3189,6290113,,,s==13|Tỷ Võ Đại Hội,s==22|Thế Giới Loại Loại Tái,,,45,45,,,,,,,s==16|taoTai_MainLayer,,,,,,,
3188,6290113,,,s==13|Tỷ Võ Đại Hội,s==17|Thời Kỳ Tính Toán,,,45,45,,,,,,,s==15|ActWLSleepLayer,,,,,,,
3200,,,,s==17|Thần Binh Tái Lâm,s==17|Thần Binh Tái Lâm,,,45,45,,,,,,,s==18|actshenbinghdLayer,,,,,,,
3210,,,,s==12|KNB Kế Hoạch,s==12|KNB Kế Hoạch,,,45,45,,,,,,,s==21|actyuanbaozhoukaLayer,,,,,,,
3220,,,,s==18|Bao Lì Xì Đèn Lồng,s==18|Bao Lì Xì Đèn Lồng,,,45,45,,,,,,,,,,,,,,
3230,3400121,,,s==15|Quà Tặng WeChat,s==15|Quà Tặng WeChat,,,,,,,,,,,s==20|ActWxGoodGiftPopView,,,,,,,
3240,,,,s==16|Tái Mã Hoạt Động,s==16|Tái Mã Hoạt Động,,,15,15,,,,,,,,,,,,,,
3250,3400121,,,s==16|Trân Kỳ Thám Bảo,s==16|Trân Kỳ Thám Bảo,,,42,42,,,,,,,s==19|BeautyTreasureLayer,,,,,,,
3251,3400121,,,s==22|Thám Bảo Thường Thường,s==22|Thám Bảo Thường Thường,,,42,42,,,,,,,,,,,,,,
3252,3400121,,,s==16|Trân Kỳ Thám Bảo,s==21|Thương Thành Thám Bảo,,,42,42,,,,,,,,,,,,,,
3253,3400121,,,s==16|Trân Kỳ Thám Bảo,s==22|Bán Trực Tiếp Thám Bảo,,,42,42,,,,,,,s==29|BeautyTreasuregiftShopPopView,,,,,,,
3254,3400121,,,s==20|Thám Bảo Kỳ Bảo Kỳ 2,s==20|Thám Bảo Kỳ Bảo Kỳ 2,,,42,42,,,,,,,s==25|BeautyTreasureRotateLayer,,,,,,,
3255,3400121,,,s==27|Thám Bảo Thường Thường Kỳ 2,s==27|Thám Bảo Thường Thường Kỳ 2,,,42,42,,,,,,,,,,,,,,
3256,3400121,,,s==20|Thám Bảo Kỳ Bảo Kỳ 2,s==20|Thám Bảo Kỳ Bảo Kỳ 2,,,42,42,,,,,,,,,,,,,,
3257,3400121,,,s==20|Thám Bảo Kỳ Bảo Kỳ 2,s==20|Thám Bảo Kỳ Bảo Kỳ 2,,,42,42,,,,,,,s==35|BeautyTreasuregiftShopPopRotateView,,,,,,,
3260,,,,s==19|Đạp Lãng Đông Chinh,s==19|Đạp Lãng Đông Chinh,,,15,15,,,,,,,s==15|ActEastWarLayer,0,,,,,3060,
3261,3400057,,,s==18|Chuẩn Bị Viễn Hành,s==18|Chuẩn Bị Viễn Hành,,,15,15,,,,,,,s==15|ActEastWarLayer,1,,,,,3060,
3262,6280020,,,s==17|Lướt Sóng Tìm Bảo,s==17|Lướt Sóng Tìm Bảo,,,15,15,,,,,,,s==15|ActEastWarLayer,2,,,,,3060,
3263,3000518,,,s==17|Đông Chinh Lễ Bao,s==17|Đông Chinh Lễ Bao,,,15,15,,,,,,,s==15|ActEastWarLayer,3,,,,,3060,
3264,6280040,,,s==16|Hải Vận Phong Vị,s==16|Hải Vận Phong Vị,,,15,15,,,,,,,s==15|ActEastWarLayer,4,,,,,3060,
3265,6280050,,,s==17|Hoan Yến Thì Phân,s==17|Hoan Yến Thì Phân,,,15,15,,,,,,,s==15|ActEastWarLayer,5,,,,,3060,
3266,3400062,,,s==17|Siêu trị tuần thẻ,s==17|Siêu trị tuần thẻ,,,15,15,,,,,,,s==15|ActEastWarLayer,6,,,,,3060,
3267,,,,s==18|Trọng Cửu Từ Thanh,s==18|Trọng Cửu Từ Thanh,,,15,15,,,,,,,s==16|ActChongYangView,1,,,,,,
3268,,,,s==15|Lục Ý Ảnh Nhiên,s==15|Lục Ý Ảnh Nhiên,,,15,15,,,,,,,s==14|chuntianLayer2,,,,,,3080,
3269,960012,,,s==18|Vũ Mộng Thanh Thảo,s==18|Vũ Mộng Thanh Thảo,,,15,15,,,,,,,s==14|chuntianLayer2,1,,,,,3080,
3270,960013,,,s==16|Lục Thụ Thành Âm,s==16|Lục Thụ Thành Âm,,,15,15,,,,,,,s==14|chuntianLayer2,2,,,,,3080,
3271,960011,,,s==16|Lệ Nhật Trì Hành,s==16|Lệ Nhật Trì Hành,,,15,15,,,,,,,s==14|chuntianLayer2,3,,,,,3080,
3272,960010,,,s==22|Thanh Phong Cẩm Nguyện,s==22|Thanh Phong Cẩm Nguyện,,,15,15,,,,,,,s==14|chuntianLayer2,5,,,,,3080,
3273,960014,,,s==16|Hoa Điểu Tập Thị,s==16|Hoa Điểu Tập Thị,,,15,15,,,,,,,s==14|chuntianLayer2,4,,,,,3080,
3280,,,,s==18|Phong Ma Hoạt Động,s==18|Phong Ma Chiêu Thế,,,15,15,,,,,,,s==15|ActFengMoLayer2,0,,,,,3100,
3281,3400094,,,s==15|Phục Ma ủy thác,s==15|Phục Ma ủy thác,,,15,15,,,,,,,s==15|ActFengMoLayer2,1,,,,,3100,
3282,3400095,,,s==19|Yêu Vương giáng lâm,s==19|Yêu Vương giáng lâm,,,15,15,,,,,,,s==15|ActFengMoLayer2,2,,,,,3100,
3283,3400096,,,s==15|Phong Ma Bí Bảo,s==15|Phong Ma Bí Bảo,,,15,15,,,,,,,s==15|ActFengMoLayer2,3,,,,,3100,
3284,3400097,,,s==18|Thiên Mệnh Tứ Phúc,s==17|Thiên Mệnh tứ phù,,,15,15,,,,,,,s==15|ActFengMoLayer2,6,,,,,3100,
3285,3400098,,,s==21|Phong Ma thương thành,s==21|Phong Ma thương thành,,,15,15,,,,,,,s==15|ActFengMoLayer2,4,,,,,3100,
3286,3400062,,,s==17|Siêu trị tuần thẻ,s==17|Siêu trị tuần thẻ,,,15,15,,,,,,,s==15|ActFengMoLayer2,5,,,,,3100,
3300,,,,s==20|Yến Thỉnh Bát Phương,s==18|Hỷ nghênh tân xuân,,,15,15,,,,,,,s==25|FestivitiesScheduleLayer1,,,,,,3110,
3301,,,,s==20|Yến Thỉnh Bát Phương,s==11|Thư năm mới,,,10,10,,,,,,,s==25|FestivitiesScheduleLayer1,,,,,,3110,
3302,960047,,,s==20|Yến Thỉnh Bát Phương,s==16|Tửu Hứng Xí Ngầu,,,10,10,,,,,,,s==25|FestivitiesScheduleLayer1,,,,,,3110,
3303,960048,,,s==20|Yến Thỉnh Bát Phương,s==15|Vân Thù Hải Lập,,,10,10,,,,,,,s==25|FestivitiesScheduleLayer1,,,,,,3110,
3304,960049,,,s==20|Yến Thỉnh Bát Phương,s==11|Tiệc lễ hộp,,,10,10,,,,,,,s==25|FestivitiesScheduleLayer1,,,,,,3110,
3305,960050,,,s==20|Yến Thỉnh Bát Phương,s==14|Cửu Ủ Xuân Tửu,,,10,10,,,,,,,s==25|FestivitiesScheduleLayer1,,,,,,3110,
3306,,,,s==18|Trọng Cửu Từ Thanh,s==18|Vực Ngoại Thám Bảo,,,15,15,,,,,,,s==23|ActCYSearchTreasureView,,,,,,,
3307,,,,s==18|Trọng Cửu Từ Thanh,s==26|Gói Quà Giới Hạn Thời Gian,,,15,15,,,,,,,s==16|ActChongYangView,2,,,,,,
3308,3400062,,,s==17|Siêu trị tuần thẻ,s==17|Siêu trị tuần thẻ,,,15,15,,,,,,,s==25|FestivitiesScheduleLayer1,,,,,,,
3350,,,,s==19|Đạp Lãng Đông Chinh,s==19|Đạp Lãng Đông Chinh,,,15,15,,,,,,,s==22|ActEastWarRotateLayer ,0,,,,,3120,
3351,3400057,,,s==18|Chuẩn Bị Viễn Hành,s==18|Chuẩn Bị Viễn Hành,,,15,15,,,,,,,s==22|ActEastWarRotateLayer ,1,,,,,3120,
3352,6280020,,,s==17|Lướt Sóng Tìm Bảo,s==17|Lướt Sóng Tìm Bảo,,,15,15,,,,,,,s==22|ActEastWarRotateLayer ,2,,,,,3120,
3353,3000518,,,s==17|Đông Chinh Lễ Bao,s==17|Đông Chinh Lễ Bao,,,15,15,,,,,,,s==22|ActEastWarRotateLayer ,3,,,,,3120,
3354,6280040,,,s==16|Hải Vận Phong Vị,s==16|Hải Vận Phong Vị,,,15,15,,,,,,,s==22|ActEastWarRotateLayer ,4,,,,,3120,
3355,6280050,,,s==17|Hoan Yến Thì Phân,s==17|Hoan Yến Thì Phân,,,15,15,,,,,,,s==22|ActEastWarRotateLayer ,5,,,,,3120,
3356,3400062,,,s==17|Siêu trị tuần thẻ,s==17|Siêu trị tuần thẻ,,,15,15,,,,,,,s==22|ActEastWarRotateLayer ,6,,,,,3120,
3400,,,,s==18|Đồng Tiền Kế Hoạch,s==18|Đồng Tiền Kế Hoạch,,,15,15,,,,,,,s==23|ActCopperWeeklyCardView,,,,,,,
3500,,,,s==31|Nguyện Khởi Tinh Thần Nhập Khẩu,s==21|Nguyện khởi tinh thần,,,15,15,,,,,,,s==13|ActStarsLayer,,,,,,3170,
3501,,,,s==21|Tinh Bàn Trúng Thưởng,s==19|Kỳ Tinh Trục Nguyện,,,,,,,,,,,s==13|ActStarsLayer,1,,,,,3170,
3502,,,,s==17|Tinh Bàn Cẩm Nang,s==15|Kế sách kim túi,,,,,,,,,,,s==13|ActStarsLayer,2,,,,,3170,
3503,,,,s==21|Tinh Bàn Thương Thành,s==21|Tinh Hãn Thương Thành,,,,,,,,,,,s==13|ActStarsLayer,3,,,,,3170,
3504,,,,s==17|Tinh Bàn Liên Sạc,s==19|Tinh Thần Chúc Phúc,,,,,,,,,,,s==13|ActStarsLayer,4,,,,,3170,
3505,,,,s==16|Tinh Bàn Lũy Sạc,s==21|Khổng Minh Thiên Đăng,,,,,,,,,,,s==13|ActStarsLayer,5,,,,,3170,
3550,,,,s==27|Du Viên Kinh Mộng Nhập Khẩu,s==17|Du Viên Kinh Mộng,,,,,,,,,,,s==12|ActYyjmLayer,,,,,,3180,
3551,,,,s==20|Du Viên Trúng Thưởng,s==16|Cẩm Long Hí Châu,,,,,,,,,,,s==12|ActYyjmLayer,1,,,,,3180,
3552,,,,s==14|Du Viên Đầu Hổ,s==12|Đầu Hổ Xạ Lễ,,,,,,,,,,,s==12|ActYyjmLayer,2,,,,,3180,
3553,,,,s==20|Du Viên Thương Thành,s==20|Vân Gian Thương Trạm,,,,,,,,,,,s==12|ActYyjmLayer,3,,,,,3180,
3554,,,,s==16|Du Viên Liên Sạc,s==16|Ẩm Tửu Hành Lệnh,,,,,,,,,,,s==12|ActYyjmLayer,4,,,,,3180,
3555,,,,s==15|Du Viên Lũy Sạc,s==14|Văn Hổ Đăng Mê,,,,,,,,,,,s==12|ActYyjmLayer,5,,,,,3180,
3570,,,,s==18|Thiên Đăng Tập Thị,s==18|Thiên Đăng Tập Thị,,,15,15,,,,,,,s==17|ActFullMinusLayer,1,,,,,,
3580,,,,s==18|Quản Gia Độc Quyền,s==18|Quản Gia Độc Quyền,,,,70,,,,,,,s==19|HouseKeeperMainView,1,,,,,,
3600,,,,s==16|Vũ Lục Tang Điền,s==16|Vũ Lục Tang Điền,,,,,,,,,,,s==19|ActWuLvSangTianView,1,,,,,3200,
3610,,,,s==16|Vũ Lục Tang Điền,s==7|Dự Liễu,,,,,,,,,,,s==19|ActWuLvSangTianView,1,,,,,3200,
3620,,,,s==16|Điền Gian Dã Thú,s==16|Điền Gian Dã Thú,,,,,,,,,,,s==19|ActWuLvSangTianView,3,,,,,3200,
3630,,,,s==20|Bình Ngữ Khinh Xướng,s==20|Bình Ngữ Khinh Xướng,,,,,,,,,,,s==19|ActWuLvSangTianView,2,,,,,3200,
3640,,,,s==26|Gói Quà Giới Hạn Thời Gian,s==26|Gói Quà Giới Hạn Thời Gian,,,,,,,,,,,s==19|ActWuLvSangTianView,4,,,,,3200,
3650,,,,s==27|Hoa Hỏa Thiên Thụ Nhập Khẩu,s==17|Hoa Hỏa Thiên Thụ,1,,,,,,,,,,s==18|ActFlowerFireLayer,,,,,,3210,
3651,,,,s==20|Hoa Hỏa Trúng Thưởng,s==16|Hỏa Thụ Ngân Hoa,1,,,,,,,,,,s==18|ActFlowerFireLayer,1,,,,,3210,
3652,,,,s==16|Hoa Hỏa Nhiệm Vụ,s==19|Điểm Thượng Hoa Hỏa,1,,,,,,,,,,s==18|ActFlowerFireLayer,2,,,,,3210,
3653,,,,s==15|Hoa Hỏa Đả Quái,s==16|Bình Loạn Trừ Ác,1,,,,,,,,,,s==18|ActFlowerFireLayer,3,,,,,3210,
3654,,,,s==20|Hoa Hỏa Thương Thành,s==19|Tinh Vũ Thương Trạm,1,,,,,,,,,,s==18|ActFlowerFireLayer,5,,,,,3210,
3655,,,,s==16|Hoa Hỏa Liên Sạc,s==16|Yểm Sắc Túy Nhân,1,,,,,,,,,,s==18|ActFlowerFireLayer,6,,,,,3210,
3656,,,,s==15|Hoa Hỏa Lũy Sạc,s==16|Hoa Thiên Ký Ngữ,1,,,,,,,,,,s==18|ActFlowerFireLayer,7,,,,,3210,
3657,,,,s==15|Hoa Hỏa Hạn Cấp,s==15|Hoa Hỏa Hiến Lễ,1,,,,,,,,,,s==18|ActFlowerFireLayer,4,,,,,3210,
3660,,,,s==30|Thanh Minh Hoạt Động Nhập Khẩu,s==20|Trung xuân đạp thanh,,,,,,,,,,,s==24|ActSplendidCityMainLayer,,,,,,3230,
3661,,,,s==19|Thanh Minh Trò Chơi,s==18|Đạp Thanh Tầm Xuân,,,,,,,,,,,s==24|ActSplendidCityMainLayer,1,,,,,3230,
3662,,,,s==23|Thanh Minh Trúng Thưởng,s==15|Kinh Hỉ Giai Vị,,,,,,,,,,,s==24|ActSplendidCityMainLayer,2,,,,,3230,
3663,,,,s==23|Thanh Minh Thương Thành,s==16|Đạp Thanh Lễ Bao,,,,,,,,,,,s==24|ActSplendidCityMainLayer,3,,,,,3230,
3664,,,,s==18|Thanh Minh Ký Đăng,s==16|Giả Kỳ Tương Ước,,,,,,,,,,,s==24|ActSplendidCityMainLayer,4,,,,,3230,
3665,,,,s==18|Thanh Minh Lũy Sạc,s==14|Cam Lộ Dự Tặng,,,,,,,,,,,s==24|ActSplendidCityMainLayer,5,,,,,3230,
3700,,,,s==18|Kim cương hống lâm,s==18|Kim cương hống lâm,,,,,,,,,,,s==16|ActZhangFeiLayer,,,,,,3240,
3701,2600035,,,s==22|Hoạt động tướng chủ đề,s==19|Kim Cương Thách Đấu,,,15,15,,,,,,,s==16|ActZhangFeiLayer,1,,,,,3240,
3702,2600033,,,s==22|Hoạt động tướng chủ đề,s==18|Kim cương hống lâm,,,15,15,,,,,,,s==16|ActZhangFeiLayer,2,,,,,3240,
3703,2600039,,,s==22|Hoạt động tướng chủ đề,s==16|Kim Cương Bí Lục,,,15,15,,,,,,,s==16|ActZhangFeiLayer,3,,,,,3240,
3704,2600037,,,s==22|Hoạt động tướng chủ đề,s==22|Kim Cương Thương Thành,,,15,15,,,,,,,s==16|ActZhangFeiLayer,4,,,,,3240,
3705,2600041,,,s==22|Hoạt động tướng chủ đề,s==0|,,,15,15,,,,,,,s==16|ActZhangFeiLayer,5,,,,,3240,
3706,2600043,,,s==22|Hoạt động tướng chủ đề,s==16|Thất Bảo Hộ Pháp,,,15,15,,,,,,,s==16|ActZhangFeiLayer,6,,,,,3240,
3750,,,,s==17|Phân Hưởng Lễ Dịu,s==17|Phân Hưởng Lễ Dịu,,,5,5,,,,,,,s==21|actwecatfenxiangLayer,,,,,,,
3751,3400125,,,s==31|Võ Tướng Dự Cáo Thần Trương Phi,s==15|Võ tướng dự báo,,,15,15,,,,,,,s==20|HeroIntroducePopView,,,,,,,
3752,,,,s==17|Siêu trị tuần thẻ,s==17|Siêu trị tuần thẻ,,,15,15,,,,,,,s==20|ActNewWeeklyCardView,,,,,,,
3753,,,,s==19|Nguyên Đán Hồng Bao,s==15|Tân Hỷ Hồng Bao,,,15,15,,,,,,,s==20|NewYearRewardPopView,,,,,,,
3800,,,,s==17|Càn Khôn thám bảo,s==17|Càn Khôn thám bảo,,,15,15,,,,,,,s==21|actQianKunRewardLayer,,,,,,,
3810,,,,s==18|Chiến Kỳ Hợp Thành,s==18|Chiến Kỳ Hợp Thành,,,82,82,,,,,,,s==17|WarFlagrongheView,,,,,,,
3850,,,,s==17|Quỷ quái yêu sách,s==17|Quỷ quái yêu sách,,,,,,,,,,,s==14|ActSiMaYiLayer,,,,,,3290,
3851,2600035,,,s==22|Hoạt động tướng chủ đề,s==18|Yêu Sách Thách Đấu,,,,,,,,,,,s==14|ActSiMaYiLayer,1,,,,,3290,
3852,2600033,,,s==22|Hoạt động tướng chủ đề,s==19|Yêu Sách Quyền Hiện,,,,,,,,,,,s==14|ActSiMaYiLayer,2,,,,,3290,
3853,2600039,,,s==22|Hoạt động tướng chủ đề,s==16|Yêu Sách Mật Lục,,,,,,,,,,,s==14|ActSiMaYiLayer,3,,,,,3290,
3854,2600037,,,s==22|Hoạt động tướng chủ đề,s==21|Yêu Sách Thương Thành,,,,,,,,,,,s==14|ActSiMaYiLayer,4,,,,,3290,
3855,2600041,,,s==22|Hoạt động tướng chủ đề,s==22|Yêu Sách Truyền Thuyết,,,,,,,,,,,s==14|ActSiMaYiLayer,5,,,,,3290,
3856,2600043,,,s==22|Hoạt động tướng chủ đề,s==16|Kỹ Định Thiên Hạ,,,,,,,,,,,s==14|ActSiMaYiLayer,6,,,,,3290,
3900,2600050,,,s==25|Đẳng Cấp Đột Phá Hệ Thống,s==13|Phá Vỡ Cấp Độ,,s==181|Mở khóa bậc thăng cấp，Vượt qua giới hạn，Thiên hạ vô song。\nThách đấu thủ vệ có thể phá giới hạn cấp bậc，Đồng thời tăng cường thần binh、Cường hóa bảo vật cấp bậc，Thuộc tính đại tăng。,200,200,,,,,,,s==21|LevelPromoteMainLayer,,,,,,,
3901,3400128,,,s==26|Võ Tướng Dự Báo Ma Tư Mã Ý,s==15|Võ tướng dự báo,,,15,15,,,,,,,s==20|HeroIntroducePopView,,,,,,,
1891,538,,,s==26|Thần Binh Kỹ Năng Đẳng Cấp,s==26|Thần Binh Kỹ Năng Đẳng Cấp,,,,,,,,,,,,,,,,,,
1511,525,,,s==28|Mô-đun nuôi dưỡng - Võ tướng,s==17|BẢO VẬT TIẾN GIAI,,,,,,,,,,,,,,,,,,
3910,,,,s==25|Thương thành giới hạn mua,s==25|Thương thành giới hạn mua,,,15,15,,,,,,,s==22|ActChunJieBuyShopLayer,,,,,,,
3920,,,,s==18|Hỷ nghênh tân xuân,s==18|Hỷ nghênh tân xuân,,,15,15,,,,,,,s==15|actNewYearLayer,,,,,,3310,
3921,,,,s==19|Cát Vận Thường Nhật,s==19|Cát Vận Thường Nhật,,,15,15,,,,,,,s==15|actNewYearLayer,1,,,,,3310,
3922,,,,s==20|Kim Ngọc Thường Nhật,s==20|Kim Ngọc Thường Nhật,,,15,15,,,,,,,s==15|actNewYearLayer,2,,,,,3310,
3923,,,,s==15|Cát Vận Đổi Trả,s==15|Cát Vận Đổi Trả,,,15,15,,,,,,,s==15|actNewYearLayer,3,,,,,3310,
3924,,,,s==16|Kim Ngọc Đổi Trả,s==16|Kim Ngọc Đổi Trả,,,15,15,,,,,,,s==15|actNewYearLayer,4,,,,,3310,
3930,,,,s==33|Thượng Nguyên Minh Tiêu Nhập Khẩu,s==23|Thượng Nguyên minh tiêu,,,,,,,,,,,s==17|ActYuanXiaoLayout,,,,,,3320,
3931,,,,s==17|Chế Tác Điềm Thực,s==17|Tiêu Yến Cam Nghị,1,,,,,,,,,,s==17|ActYuanXiaoLayout,1,,,,,3320,
3932,,,,s==17|Tặng Hoa Hoạt Bát,s==17|Tiếu mỉ yến nhiên,1,,,,,,,,,,s==17|ActYuanXiaoLayout,2,,,,,3320,
3933,,,,s==12|Trúng Thưởng,s==19|Nguyên Tiêu Yến Hội,1,,,,,,,,,,s==17|ActYuanXiaoLayout,3,,,,,3320,
3934,,,,s==22|Minh Tiêu Thương Thành,s==22|Minh Tiêu Thương Thành,1,,,,,,,,,,s==17|ActYuanXiaoLayout,4,,,,,3320,
3935,,,,s==17|Tích Nạp Phúc Lợi,s==17|Tích Nạp Phúc Lợi,1,,,,,,,,,,s==17|ActYuanXiaoLayout,5,,,,,3320,
3940,,,,s==19|Tinh Luyện Trang Bị,s==19|Tinh Luyện Trang Bị,,,160,160,,,,,,,s==19| intensifyMainLayer,2,,,,120,,
3950,,,,s==26|Vô Hạ Bảo Thạch Nung Luyện,s==20|Bảo Thạch Nung Luyện,,,,,,,,,,,s==16|zsbw_mainPopView,,,,,,,
3960,,,,s==12|Quân Chủ Phủ,s==14|Huyền Viên Phủ,,,160,160,,,,,,,,0,,,,,,
3961,,,,s==12|Quân Chủ Phủ,s==20|Đế Vương Truyền Thừa,,,160,160,,,,,,,s==13|junzhufuLayer,3961,,,,,,
3962,,,,s==12|Quân Chủ Phủ,s==16|Đế Vương Kỹ Năng,,,160,160,,,,,,,s==13|junzhufuLayer,3962,,,,,,
3963,,,,s==12|Quân Chủ Phủ,s==18|Kỹ Năng Diễn Luyện,,,160,160,,,,,,,s==13|junzhufuLayer,3963,,,,,,
3964,,,,s==12|Quân Chủ Phủ,s==17|Đế Vương Đầu Hiệu,,,160,160,,,,,,,s==13|junzhufuLayer,3964,,,,,,
3965,,,,s==12|Quân Chủ Phủ,s==19|Đế Vương Chiến Pháp,,,160,160,,,,,,,s==13|junzhufuLayer,3965,,,,,,
3966,,,,s==12|Quân Chủ Phủ,s==21|Đế Vương Thương Thành,,,160,160,,,,,,,s==16|JunZhuFuShopView,,,,,,,
3967,,,,s==12|Quân Chủ Phủ,s==19|Đế Vương Hình Tượng,,,160,160,,,,,,,s==13|junzhufuLayer,3967,,,,,,
3968,,,,s==12|Quân Chủ Phủ,s==13|Phá Vỡ Cấp Độ,,,160,160,,,,,,,s==13|junzhufuLayer,3968,,,,,,
3970,2600067,,,s==19|Quân Chủ Phủ Dự Báo,s==19|Quân Chủ Phủ Dự Báo,,,155,155,,,,,,,s==19|actjunzhuyugaoLayer,,,,,,,
4000,,,,s==16|Hô Bằng Hoán Hữu,s==16|Hô Bằng Hoán Hữu,,,1,1,,,,,,,s==18|actqqfenxiangLayer,1,,,,,,
3902,3400131,,,s==22|Võ Tướng Dự Báo Lưu Bị,s==15|Võ tướng dự báo,,,15,15,,,,,,,s==20|HeroIntroducePopView,,,,,,,
4010,,,,s==18|Chân Long hiện thế,s==18|Chân Long hiện thế,,,,,,,,,,,s==15|ActLiuBeiLayer ,,,,,,3330,
4020,2600035,,,s==22|Hoạt động tướng chủ đề,s==19|Chân Long Thách Đấu,,,,,,,,,,,s==15|ActLiuBeiLayer ,1,,,,,3330,
4030,2600033,,,s==22|Hoạt động tướng chủ đề,s==19|Chân Long Giáng Lâm,,,,,,,,,,,s==15|ActLiuBeiLayer ,2,,,,,3330,
4040,2600039,,,s==22|Hoạt động tướng chủ đề,s==18|Chân Long Bảo Điển,,,,,,,,,,,s==15|ActLiuBeiLayer ,3,,,,,3330,
4050,2600037,,,s==22|Hoạt động tướng chủ đề,s==17|Chân Long Bảo Khố,,,,,,,,,,,s==15|ActLiuBeiLayer ,4,,,,,3330,
4060,2600041,,,s==22|Hoạt động tướng chủ đề,s==23|Chân Long Truyền Thuyết,,,,,,,,,,,s==15|ActLiuBeiLayer ,5,,,,,3330,
4070,2600043,,,s==22|Hoạt động tướng chủ đề,s==17|Đức Hậu Lưu Quang,,,,,,,,,,,s==15|ActLiuBeiLayer ,6,,,,,3330,
4080,,,,s==18|Người Chơi Đổi Tên,s==18|Người Chơi Đổi Tên,,,,,,,,,,,s==17| PlayerTipPopView,,,,,,,
4090,,,,s==17|Quân Đoàn Đổi Tên,s==17|Quân Đoàn Đổi Tên,,,,,,,,,,,s==23| LegionAlterNamePopView,,,,,,,
4200,,,,s==22|Hợp Phục Đại Hoạt Động,s==19|Hợp phục cuồng hoan,,,15,15,,,,,,,s==12|ActHeFuLayer,,,,,,,
4201,,,,s==18|Hợp Phục Điểm Danh,s==20|Hợp Chiến Danh Thiếp,,,15,15,,,,,,,s==12|ActHeFuLayer,6,,,,,,
4202,,,,s==18|Hợp Phục Xung Bảng,s==15|Hội Vũ Kim Bảng,,,15,15,,,,,,,s==12|ActHeFuLayer,1,,,,,,
4203,,,,s==21|Hợp Phục Trúng Thưởng,s==18|Dịch Bang Hiến Bảo,,,15,15,,,,,,,s==12|ActHeFuLayer,3,,,,,,
4204,,,,s==21|Hợp Phục Thương Thành,s==21|Hợp Phục Thương Thành,,,15,15,,,,,,,s==12|ActHeFuLayer,5,,,,,,
4205,,,,s==16|Hợp Phục Chu Kha,s==12|KNB Kế Hoạch,,,15,15,,,,,,,s==12|ActHeFuLayer,4,,,,,,
4206,,,,s==16|Hợp Phục Hạn Cấp,s==16|Hợp Phục Lễ Nghi,,,15,15,,,,,,,s==12|ActHeFuLayer,2,,,,,,
4207,,,,s==17|Hợp Phục Chiến Bá,s==17|Hợp Phục Chiến Bá,,,15,15,,,,,,,s==12|ActHeFuLayer,7,,,,,,
4208,,,,s==31|Hợp Phục Chiến Bá Giai Đoạn Hai,s==17|Hợp Phục Chiến Bá,,,15,15,,,,,,,s==16|HFFightMainLayer,,,,,,,
4250,,,,s==23|Hợp Phục Tiểu Hoạt Động,s==14|Long hổ đại lễ,,,,,,,,,,,s==11|ActD2TLayer,,,,,,,
4251,,,,s==19|Hổ Tiếu Thường Nhật,s==19|Hổ Tiếu Thường Nhật,,,,,,,,,,,s==11|ActD2TLayer,1,,,,,,
4252,,,,s==22|Long Tường Thường Nhật,s==22|Long Tường Thường Nhật,,,,,,,,,,,s==11|ActD2TLayer,2,,,,,,
4253,,,,s==15|Hổ Tiếu Đổi Trả,s==15|Hổ Tiếu Đổi Trả,,,,,,,,,,,s==11|ActD2TLayer,3,,,,,,
4254,,,,s==18|Long Tường Đổi Trả,s==18|Long Tường Đổi Trả,,,,,,,,,,,s==11|ActD2TLayer,4,,,,,,
4255,,,,s==15|Dự báo hợp phục,s==15|Dự báo hợp phục,,,,,,,,,,,s==17|ActHeFuYuGaoLayer,1,,,,,,
4400,,,,s==28|Thần Binh Mới Hoạt Động Số 1,s==28|Thần Binh Mới Hoạt Động Số 1,,,15,15,,,,,,,s==21|ActShenBingStageLayer,,,,,,,
4401,960038,,,s==19|Thần Binh Kích Hoạt,s==13|Thần Binh Phổ,,,15,15,,,,,,,s==21|ActShenBingStageLayer,1,,,,,,
4402,960039,,,s==22|Thần Binh Trúng Thưởng,s==18|Thần Binh Thám Bảo,,,15,15,,,,,,,s==21|ActShenBingStageLayer,2,,,,,,
4403,960040,,,s==21|Thần Binh Tẩu Cách Tử,s==18|Binh vô thường thế,,,15,15,,,,,,,s==21|ActShenBingStageLayer,3,,,,,,
4404,960041,,,s==19|Thần Binh Phiên Bài,s==16|Ngũ Hồn Chi Trận,,,15,15,,,,,,,s==21|ActShenBingStageLayer,4,,,,,,
4405,960042,,,s==18|Thần Binh Trực Cấu,s==18|Thần Binh Phối Sức,,,15,15,,,,,,,s==21|ActShenBingStageLayer,5,,,,,,
4410,,,,s==28|Thần Binh Mới Hoạt Động Số 2,s==28|Thần Binh Mới Hoạt Động Số 2,,,15,15,,,,,,,s==21|ActShenBingStageLayer,,,,,,,
4411,960038,,,s==19|Thần Binh Kích Hoạt,s==13|Thần Binh Phổ,,,15,15,,,,,,,s==21|ActShenBingStageLayer,1,,,,,,
4412,960039,,,s==22|Thần Binh Trúng Thưởng,s==18|Thần Binh Thám Bảo,,,15,15,,,,,,,s==21|ActShenBingStageLayer,2,,,,,,
4413,960040,,,s==21|Thần Binh Tẩu Cách Tử,s==18|Binh vô thường thế,,,15,15,,,,,,,s==21|ActShenBingStageLayer,3,,,,,,
4414,960041,,,s==19|Thần Binh Phiên Bài,s==16|Ngũ Hồn Chi Trận,,,15,15,,,,,,,s==21|ActShenBingStageLayer,4,,,,,,
4415,960042,,,s==18|Thần Binh Trực Cấu,s==18|Thần Binh Phối Sức,,,15,15,,,,,,,s==21|ActShenBingStageLayer,5,,,,,,
4450,2600081,,,s==26|Đài Phục Chia Sẻ Hoạt Động,s==10|FB Chia Sẻ,,,13,13,,,,,,,s==14|fbSharePopView,,s==8|tw|vn|th,,,,,
4451,2600082,,,s==25|Đài Phục Xã Hội Hoạt Động,s==9|FB Xã Hội,,,13,13,,,,,,,s==11|fbCommunity,,s==8|tw|vn|th,,,,,
4452,2600083,,,s==37|Đài Phục Kiến Nghị Phản Hồi Hoạt Động,s==18|Kiến Nghị Phản Hồi,,,10,10,,,,,,,s==14|SuggestPopView,,s==5|tw|jp,,,,,
4453,2600084,,,s==37|Đài Phục Tài Khoản Liên Kết Hoạt Động,s==18|Tài Khoản Liên Kết,,,18,18,,,,,,,s==18|BindAccoundPopView,,s==2|tw,,,,,
4500,521,,,s==19|Hoạt động cuối tuần,s==19|Hoạt động cuối tuần,,,7,7,,,,,,,s==15|ActWeekendLayer,,,,,,,
1378,3300018,,,s==20|Hoạt động luân phiên,s==14|Chu Mạt Cẩm Lý,,,0,,,,,,,,s==15|ActWeekendLayer,,,,,,,
1379,3000518,,,s==20|Hoạt động luân phiên,s==16|Chu Mạt Phúc Lợi,,,0,,,,,,,,s==15|ActWeekendLayer,,,,,,,
4600,,,,s==12|Lì xì lễ hội,s==12|Lì xì lễ hội,,,15,15,,,,,,,s==20|NewYearRewardPopView,,,,,,,
4610,,,,s==18|Gói Quà Mở Máy Chủ,s==18|Gói Quà Mở Máy Chủ,,,15,15,,,,,,,s==13|ActKFGiftView,,,,,,,
3801,,,,s==21|Tân Càn Khôn Thám Bảo,s==17|Càn Khôn thám bảo,,,15,15,,,,,,,s==16|actQKRotateLayer,,,,,,,
4700,3000066,,,s==31|Quà Tặng Lên Cấp Kênh Phát Hành,s==31|Quà Tặng Lên Cấp Kênh Phát Hành,,,0,0,,,,,,,s==21|ActManLingRewardLayer,,,,,,,
4300,,,,s==31|Hoạt Động Ngày Quốc Tế Lao Động,s==18|Đáo binh luyện ngũ,,,,,,,,,,,s==19|ActWorkersMainLayer,,,,,,3380,
4301,,,,s==16|Ngũ Nhất Xạ Tiễn,s==20|Huấn Luyện Cung Binh,,,,,,,,,,,s==19|ActWorkersMainLayer,1,,,,,3380,
4302,,,,s==32|Rút Thưởng Ngày Quốc Tế Lao Động,s==18|Thử Luyện Trăm Lần,,,,,,,,,,,s==19|ActWorkersMainLayer,2,,,,,3380,
4303,,,,s==31|Đăng Nhập Ngày Quốc Tế Lao Động,s==19|Tích Trữ Lương Thảo,,,,,,,,,,,s==19|ActWorkersMainLayer,3,,,,,3380,
4304,,,,s==34|Thương Thành Ngày Quốc Tế Lao Động,s==18|Mua Sắm Quân Trang,,,,,,,,,,,s==19|ActWorkersMainLayer,4,,,,,3380,
4305,,,,s==34|Nạp Tích Lũy Ngày Quốc Tế Lao Động,s==20|Luận Công Ban Thưởng,,,,,,,,,,,s==19|ActWorkersMainLayer,5,,,,,3380,
4440,3300002,,,s==7|Mỹ nhân,s==18|Đồng Quách Du Viên,,,40,40,,,,,,,s==23|TheAssassinsRotateLayer,0,,,,,2004,
4441,4000008,,,s==18|Đồng Quách Du Viên,s==13|Ngọc Long Đài,,,40,40,,,,,,,s==23|TheAssassinsRotateLayer,2,,,,,2004,
4442,4000009,,,s==18|Đồng Quách Du Viên,s==16|Linh Lung Hội Kỳ,,,40,40,,,,,,,s==23|TheAssassinsRotateLayer,3,,,,,2004,
4443,4000010,,,s==18|Đồng Quách Du Viên,s==14|Kim Phượng Đài,,,40,40,,,,,,,s==23|TheAssassinsRotateLayer,0,,,,,2004,
4444,2600117,,,s==18|Đồng Quách Du Viên,s==14|Đồng Quách Đài,,,40,40,,,,,,,s==23|TheAssassinsRotateLayer,1,,,,,2004,
4445,4000012,,,s==18|Đồng Quách Du Viên,s==18|Nhiệm vụ hằng ngày,,,40,40,,,,,,,s==23|TheAssassinsRotateLayer,4,,,,,2004,
4800,,,,s==17|Thần uy hoàng lôi,s==17|Thần uy hoàng lôi,,,,,,,,,,,s==15|ActMaChaoLayer ,,,,,,3390,
4810,3400136,,,s==22|Hoạt động tướng chủ đề,s==17|Thách Đấu Thần Uy,,,,,,,,,,,s==15|ActMaChaoLayer ,1,,,,,3390,
4820,3400138,,,s==22|Hoạt động tướng chủ đề,s==19|Thiên Tướng Thần Uy,,,,,,,,,,,s==15|ActMaChaoLayer ,2,,,,,3390,
4830,3400140,,,s==22|Hoạt động tướng chủ đề,s==14|Bí Lục Thần Uy,,,,,,,,,,,s==15|ActMaChaoLayer ,3,,,,,3390,
4840,3400142,,,s==22|Hoạt động tướng chủ đề,s==20|Thương Thành Thần Uy,,,,,,,,,,,s==15|ActMaChaoLayer ,4,,,,,3390,
4850,2600044,,,s==22|Hoạt động tướng chủ đề,s==0|,,,,,,,,,,,s==15|ActMaChaoLayer ,5,,,,,3390,
4860,2600046,,,s==22|Hoạt động tướng chủ đề,s==18|Tốc Phong Thần Lôi,,,,,,,,,,,s==15|ActMaChaoLayer ,6,,,,,3390,
4900,3000069,,,s==20|Song thành chi chiến,s==20|Song thành chi chiến,,,15,15,,,,,,,s==17|ActHeFuFightLayer,7,,,,,,
3903,3400134,,,s==30|Tiên Báo Võ Tướng Thần Mã Siêu,s==15|Võ tướng dự báo,,,15,15,,,,,,,s==20|HeroIntroducePopView,,,,,,,
5010,,,,s==4|PVE5,s==17|Long Môn Đấu Trận,,s==66|Mở khóa Long Môn Đấu Trận， Long Tranh Hổ Đấu， Qua Quan Chảm Tướng。,150,150,,,,,,,s==13|LmdzMainLayer,,,,,110,,
5011,,,,s==4|PVE5,s==17|Long Môn Đấu Trận,,,170,170,,,,,,,s==13|LmdzMainLayer,,,,,,,
5012,,,,s==4|PVE5,s==17|Long Môn Đấu Trận,,,170,170,,,,,,,s==13|LmdzMainLayer,,,,,,,
5100,,,,s==18|Đoan Ngọ Hoạt Động,s==18|Tống tình cửu châu,,,,,,,,,,,s==20|ActBoatFestivalLayer,,,,,,3410,
5101,,,,s==17|Trò Chơi Đoan Ngọ,s==15|Chỉ Điểm Bánh Ú,,,,,,,,,,,s==20|ActBoatFestivalLayer,1,,,,,3410,
5102,,,,s==19|Rút Thưởng Đoan Ngọ,s==17|Bảo Vật Thiên Túc,,,,,,,,,,,s==20|ActBoatFestivalLayer,2,,,,,3410,
5103,,,,s==18|Đăng Nhập Đoan Ngọ,s==17|Thuyền Nhẹ Say Mê,,,,,,,,,,,s==20|ActBoatFestivalLayer,3,,,,,3410,
5104,,,,s==35|Mua Trực Tiếp Thương Thành Đoan Ngọ,s==19|Hội Thương Cửu Châu,,,,,,,,,,,s==11|ActBoatShop,2,,,,,3410,
5105,,,,s==21|Nạp Tích Lũy Đoan Ngọ,s==17|Tắm Hoa Tắm Hương,,,,,,,,,,,s==27|ActBoatFestivalRechargeView,2,,,,,3410,
5106,,,,s==16|Đổi Quà Đoan Ngọ,s==19|Hội Thương Cửu Châu,,,,,,,,,,,s==11|ActBoatShop,1,,,,,3410,
5107,,,,s==21|Nạp Liên Tục Đoan Ngọ,s==17|Tắm Hoa Tắm Hương,,,,,,,,,,,s==27|ActBoatFestivalRechargeView,1,,,,,3410,
5200,,,,s==15|Lễ hội tích nạp,s==20|Thiên Tứ Lương Duyên,,,,,,,,,,,s==23|ActFestivalRechargeView,,,,,,,
4454,,,,s==27|Hoạt Động Facebook Việt Nam,s==37|Liên Quan Hoạt Động Facebook Việt Nam,,,16,16,,,,,,,,,s==5|vn|en,,,,,
4455,,,,s==27|Cộng Đồng Facebook Việt Nam,s==27|Cộng Đồng Facebook Việt Nam,,,16,16,,,,,,,,,s==2|vn,,,,,
4456,,,,s==25|Hoạt Động 0 Đồng Việt Nam,s==25|Hoạt Động 0 Đồng Việt Nam,,,1,1,,,,,,,,,s==5|vn|en,,,,,
5000,,,,s==16|Rút thăm phù văn,s==17|Tế Đàn Thanh Long,,,150,150,,,,,,,s==15|RunesPrizeLayer,,,,,110,,
5020,,,,s==16|Hệ Thống Phù Văn,s==23|Giao Diện Chính Phù Văn,,,150,150,,,,,,,s==14|RunesLayerView,1,,,,110,,
5021,,,,s==16|Hệ Thống Phù Văn,s==18|Phù Văn - Nâng Cấp,,,150,150,,,,,,,s==14|RunesLayerView,2,,,,110,,
5022,,,,s==16|Hệ Thống Phù Văn,s==19|Phù Văn - Tẩy Luyện,,,150,150,,,,,,,s==14|RunesLayerView,3,,,,110,,
5023,,,,s==12|Đoán tạo đài,s==17|Hợp Thành Phù Văn,,,150,150,,,,,,,s==19|StrengthenMainLayer,7,,,,110,,
5030,,,,s==14|Đài Tướng Tinh,s==14|Đài Tướng Tinh,,,110,110,,,,,,,,1,,,,,,
5210,,,,s==18|Thần Binh Luân Chu,s==19|Thần Binh Hoạt Động,,,45,45,,,,,,,s==19|ActNewShenBingLayer,,,,,,3440,
5211,960038,,,s==19|Thần Binh Kích Hoạt,s==13|Thần Binh Phổ,,,45,45,,,,,,,s==19|ActNewShenBingLayer,1,,,,,3440,
5212,960039,,,s==22|Thần Binh Trúng Thưởng,s==18|Thần Binh Thám Bảo,,,45,45,,,,,,,s==19|ActNewShenBingLayer,2,,,,,3440,
5213,960040,,,s==18|Thần Binh Trực Cấu,s==18|Thần Binh Phối Sức,,,45,45,,,,,,,s==19|ActNewShenBingLayer,3,,,,,3440,
5214,960041,,,s==19|Thần Binh Phiên Bài,s==16|Ngũ Hồn Chi Trận,,,45,45,,,,,,,s==19|ActNewShenBingLayer,4,,,,,3440,
5215,960042,,,s==21|Thần Binh Tẩu Cách Tử,s==18|Binh vô thường thế,,,45,45,,,,,,,s==19|ActNewShenBingLayer,5,,,,,3440,
5220,,,,s==33|Mua Trực Tiếp Trang Phục Quân Chủ,s==19|Huyền Viên Quân Lâm,,,160,160,,,,,,,s==21|actjuzhupifuGiftLayer,,,,,,,
5040,,,,s==33|Mini Game Leo Tháp Kênh Phát Hành,s==18|Mini Game Leo Tháp,,,0,0,,,,,,,s==15|MiniGameScene_2,,,,,,,
1803,528,,,s==29|Mô-đun thương điếm - Lối chơi,s==21|Thương Thành Long Môn,,,150,150,,,,,,,s==9|ShopLayer,42,,,,110,,
5500,,,,s==17|Mô-đun hành trang,s==17|Phân Giải Phù Văn,,,150,150,,,,,,,s==8|BagLayer,30,,,,110,,
1804,1271,,,s==15|Mô-đun phúc lợi,s==13|Đổi Thỏi Vàng,,,5,5,,,,,,,s==13|BenefitsLayer,1804,s==8|tw|kr|en,,,,,
5300,,,,s==26|Luân Phiên Võ Tướng Chủ Đề,s==18|Hoạt Động Võ Tướng,,,,,,,,,,,s==17|ActEventHeroLayer,,,,,,5220,
5301,,,,s==22|Hoạt động tướng chủ đề,s==18|Thách Đấu Võ Tướng,,,,,,,,,,,s==17|ActEventHeroLayer,1,,,,,5220,
5302,,,,s==22|Hoạt động tướng chủ đề,s==17|Chiêu Mộ Võ Tướng,,,,,,,,,,,s==17|ActEventHeroLayer,2,,,,,5220,
5303,,,,s==22|Hoạt động tướng chủ đề,s==17|Tích Nạp Phúc Lợi,,,,,,,,,,,s==17|ActEventHeroLayer,3,,,,,5220,
5304,,,,s==22|Hoạt động tướng chủ đề,s==23|Mua Trực Tiếp Hoạt Động,,,,,,,,,,,s==17|ActEventHeroLayer,4,,,,,5220,
5305,,,,s==22|Hoạt động tướng chủ đề,s==22|Truyền Thuyết Võ Tướng,,,,,,,,,,,s==17|ActEventHeroLayer,5,,,,,5220,
5306,,,,s==22|Hoạt động tướng chủ đề,s==21|Phúc Lợi Nạp Liên Tục,,,,,,,,,,,s==17|ActEventHeroLayer,6,,,,,5220,
5600,,,,s==19|Hoạt Động Thất Tịch,s==21|Thanh Mộng Thước Kiều,,,,,,,,,,,s==20|ActQiXiFestivalLayer,,,,,,3430,
5601,,,,s==19|Đăng Nhập Thất Tịch,s==15|Gặp Gỡ Giữa Hoa,,,,,,,,,,,s==20|ActQiXiFestivalLayer,3,,,,,3430,
5602,,,,s==20|Rút Thưởng Thất Tịch,s==19|Tâm Động Tiên Duyên,,,,,,,,,,,s==20|ActQiXiFestivalLayer,2,,,,,3430,
5603,,,,s==17|Gói Quà Thất Tịch,s==17|Yến Tụ Thanh Loan,,,,,,,,,,,s==11|ActQiXiShop,2,,,,,3430,
5604,,,,s==22|Nạp Tích Lũy Thất Tịch,s==17|Quà Tặng Tinh Xảo,,,,,,,,,,,s==19|ActQiXiRechargeView,2,,,,,3430,
5605,,,,s==19|Mini Game Thất Tịch,s==21|Truyền Tình Tiêu Tiêu,,,,,,,,,,,s==20|ActQiXiFestivalLayer,1,,,,,3430,
5606,,,,s==17|Đổi Quà Thất Tịch,s==17|Yến Tụ Thanh Loan,,,,,,,,,,,s==11|ActQiXiShop,1,,,,,3430,
5607,,,,s==22|Nạp Liên Tục Thất Tịch,s==17|Quà Tặng Tinh Xảo,,,,,,,,,,,s==19|ActQiXiRechargeView,1,,,,,3430,
1805,,,,s==16|Mô Đun Thỏi Vàng,s==22|Thương Thành Thỏi Vàng,,,,,,,,,,,s==13|GoldshopLayer,,s==8|tw|kr|en,,,,,
5400,,,,s==18|Tướng Quân Hồi Quy,s==15|Giao Diện Chính,,,1,1,,,,,,,s==16|ActComeBackLayer,,,,,,,
5401,,,,s==18|Tướng Quân Hồi Quy,s==15|Nhiệm Vụ Trở Về,,,1,1,,,,,,,s==16|ActComeBackLayer,1,,,,,,
5402,,,,s==18|Tướng Quân Hồi Quy,s==16|Đăng Nhập Trở Về,,,1,1,,,,,,,s==16|ActComeBackLayer,2,,,,,,
5403,,,,s==18|Tướng Quân Hồi Quy,s==14|Rút Thẻ Trở Về,,,1,1,,,,,,,s==16|ActComeBackLayer,3,,,,,,
5404,,,,s==18|Tướng Quân Hồi Quy,s==23|Hoàn trả lợi tức trở về,,,1,1,,,,,,,s==16|ActComeBackLayer,4,,,,,,
5405,,,,s==18|Tướng Quân Hồi Quy,s==18|Nạp Lần Đầu Trở Về,,,1,1,,,,,,,s==16|ActComeBackLayer,5,,,,,,
5406,,,,s==18|Tướng Quân Hồi Quy,s==17|Đặc Quyền Quay Về,,,1,1,,,,,,,s==16|ActComeBackLayer,6,,,,,,
5700,,,,s==14|Thẻ Vàng Tháng,s==14|Thẻ Vàng Tháng,,,7,7,,,,,,,s==18|acthuaweicardLayer,,,,,,,
5800,,,,s==30|Nhật Phục Tạo Nhân 100 Lần Rút,s==22|100 lần quay liên tiếp,,,0,0,,,,,,,s==14|draw100PopView,,,,,,,
5900,,,,s==4|SVIP,s==4|SVIP,,,7,7,,,,,,,,,,,,,,
5910,,,,s==17|Quà tặng theo dõi,s==17|Quà tặng theo dõi,,,0,0,,,,,,,s==14|AttentionLayer,,,,,,,
5920,,,,s==13|Mời hàng ngày,s==13|Mời hàng ngày,,,1,1,,,,,,,s==20| invitefenxiangLayer,,,,,,,
5930,,,,s==28|Quảng cáo biến hiện Việt Nam,s==19|Quảng cáo biến hiện,,,0,0,,,,,,,,,,,,,,
5950,,,,s==20|Quyết Chiến Chi Đỉnh,s==20|Quyết Chiến Chi Đỉnh,,,15,15,,,,,,,s==19|actjuezhanMainLayer,,,,,,,
5041,,,,s==23|Mini game Bắn bóng kênh,s==18|Mini game Bắn bóng,,,0,0,,,,,,,s==15|MiniGameScene_3,,,,,,,
6000,,,,s==15|Thần thú dự báo,s==15|Linh thú dự báo,,,,,,,,,,,,,,,,,,
6010,,,,s==12|Thần thú đài,s==12|Linh thú đài,,,,,,,,,,,,,,,,,,
6020,,,,s==18|Thần thú thông tin,s==18|Linh thú thông tin,,,,,,,,,,,,1,,,,,,
6021,,,,s==19|Nuôi dưỡng thần thú,s==19|Linh thú nuôi dưỡng,,,,,,,,,,,,2,,,,,,
6022,,,,s==18|Thần thú thăng sao,s==18|Linh thú thăng sao,,,,,,,,,,,,3,,,,,,
6023,,,,s==16|Thần thú kỹ năng,s==11|Học kỹ năng,,,,,,,,,,,,4,,,,,,
4457,,,,s==23|Biểu tượng máy chủ Nhật,s==20|Chuyển đến cộng đồng,,,1,1,,,,,,,,,s==2|jp,,,,,
4458,,,,s==23|Biểu tượng máy chủ Nhật,s==17|Khảo sát điều tra,,,1,1,,,,,,,,,s==2|jp,,,,,
4459,,,,s==7|Tinh Đồ,s==7|Tinh Đồ,,,165,165,,,,,,,s==16|StarMapLayerView,1,,,,,,
6100,,,,s==24|Chu Niên Khánh Hoạt Động,s==14|Lễ kỷ niệm năm,,,15,15,,,,,,,s==17|WeekYearMainLayer,,,,,,5600,
6110,,,,s==29|Thẻ thông hành lễ kỷ niệm năm,s==15|Lưu Ly Bảo Giám,,,,,,,,,,,s==17|WeekYearMainLayer,5,,,,,5600,
6111,,,,s==19|Lễ Kỷ Niệm Tháp Leo,s==17|Mạch Long bí tàng,,,,,,,,,,,s==17|WeekYearMainLayer,6,,,,,5600,
6112,,,,s==36|Gói quà mua trực tiếp lễ kỷ niệm năm,s==18|Ngọc Phách nhã tập,,,,,,,,,,,s==17|WeekYearMainLayer,11,,,,,5600,
6113,,,,s==27|Nạp tích lũy lễ kỷ niệm năm,s==18|Quà tặng phong phú,,,,,,,,,,,s==17|WeekYearMainLayer,2,,,,,5600,
6114,,,,s==32|Đăng nhập 14 ngày lễ kỷ niệm năm,s==20|Hổ cát tường đến cửa,,,,,,,,,,,s==17|WeekYearMainLayer,1,,,,,5600,
6115,,,,s==25|Viễn chinh lễ kỷ niệm năm,s==19|Tuần Hành Thịnh Thế,,,,,,,,,,,s==17|WeekYearMainLayer,9,,,,,5600,
6116,,,,s==26|Đại phú ông lễ kỷ niệm năm,s==17|Đại thánh đại hội,,,15,15,,,,,,,s==17|WeekYearMainLayer,7,,,,,5600,
3904,2600305,,,s==29|Dự báo võ tướng Mã Vương Mạnh,s==15|Võ tướng dự báo,,,15,15,,,,,,,s==14|HeroNoticeView,,,,,,,
6117,,,,s==27|Thương thành lễ kỷ niệm năm,s==17|Trân Ngọc Bảo Phố,,,,,,,,,,,s==17|WeekYearMainLayer,3,,,,,5600,
6118,,,,s==32|Đại tiệc tiêu KNB lễ kỷ niệm năm,s==16|Đặc điển hồi đáp,,,,,,,,,,,s==17|WeekYearMainLayer,10,,,,,5600,
6119,,,,s==46|Rơi vật phẩm giới hạn thời gian lễ kỷ niệm năm,s==31|Rơi vật phẩm giới hạn thời gian,,,,,,,,,,,s==17|WeekYearMainLayer,8,,,,,5600,
6120,,,,s==23|Rút thăm lễ kỷ niệm năm,s==16|Cầu phúc đào mộc,,,,,,,,,,,s==16|WeekYearDrawView,4,,,,,5600,
6200,,,,s==20|Nguyên Đán Hoạt Động,s==25|Cá chép nhảy mừng năm mới,,,,,,,,,,,s==11|YDMainLayer,,,,,,5610,
6201,,,,s==29|Đăng nhập ngày Tết Dương lịch,s==19|Quà đầy năm bội thu,,,,,,,,,,,s==11|YDMainLayer,6,,,,,5610,
6202,,,,s==33|Mua trực tiếp ngày Tết Dương lịch,s==11|Chợ năm mới,,,,,,,,,,,s==10|YDShopView,2,,,,,5610,
6203,,,,s==28|Rút thăm ngày Tết Dương lịch,s==12|Phúc lâm môn,,,,,,,,,,,s==11|YDMainLayer,3,,,,,5610,
6204,,,,s==32|Nạp tích lũy ngày Tết Dương lịch,s==17|Ngọc khánh báo hỷ,,,,,,,,,,,s==17|YDAddRechargeView,2,,,,,5610,
6205,,,,s==28|Trò chơi ngày Tết Dương lịch,s==18|Yến tiệc giao thừa,,,,,,,,,,,s==11|YDMainLayer,,,,,,5610,
6206,,,,s==30|Đổi thưởng ngày Tết Dương lịch,s==11|Chợ năm mới,,,,,,,,,,,s==10|YDShopView,1,,,,,5610,
6207,,,,s==32|Nạp liên tục ngày Tết Dương lịch,s==17|Ngọc khánh báo hỷ,,,,,,,,,,,s==17|YDAddRechargeView,1,,,,,5610,
6210,,,,s==17|Yên Hoa Hoạt Động,s==16|Quà mừng năm mới,,,,,,,,,,,s==11|ActFireView,,,,,,5620,
6220,,,,s==30|Hoạt động trang phục tuyệt bản,s==14|Hoa phục huyền,,,,,,,,,,,s==18|ActJBSkinShopLayer,,,,,,,
6300,,,,s==19|Xuân Tiết Hoạt Động,s==24|Sư tử tỉnh giấc đón xuân,,,,,,,,,,,s==16|ActCjieMainLayer,,,,,,5630,
6301,,,,s==24|Đăng nhập Tết Nguyên đán,s==17|Phúc mãn tân xuân,,,,,,,,,,,s==16|ActCjieMainLayer,6,,,,,5630,
6302,,,,s==28|Mua trực tiếp Tết Nguyên đán,s==8|Chợ xuân,,,,,,,,,,,s==16|ActCjieMainLayer,2,,,,,5630,
6303,,,,s==23|Rút thăm Tết Nguyên đán,s==15|Sư tử tặng phúc,,,,,,,,,,,s==16|ActCjieMainLayer,3,,,,,5630,
6304,,,,s==27|Nạp tích lũy Tết Nguyên đán,s==16|Hỏa Thụ Ngân Hoa,,,,,,,,,,,s==16|ActCjieMainLayer,1,,,,,5630,
6305,,,,s==23|Trò chơi Tết Nguyên đán,s==19|Tiền trình kim thêu,,,,,,,,,,,s==16|ActCjieMainLayer,,,,,,5630,
6310,,,,s==19|Thạch Binh Bát Trận,s==19|Thạch Binh Bát Trận,,,135,135,,,,,,,s==19|StoneHengeLayerView,,,,,90,,
6320,2600312,,,s==19|Hoạt động World Cup,s==15|Toàn Dân Cật Cứ,,,15,15,,,,,,,s==16|ActBallMainLayer,,,,,,,
6330,2600312,,,s==19|Dự báo Linh thú đài,s==19|Dự báo Linh thú đài,,,135,135,,,,,,,s==12|GBYugaoLayer,,,,,100,,
6340,,,,s==17|Hệ thống Linh thú,s==17|Hệ thống Linh thú,,,140,140,,,,,,,,,,,,100,,
6350,528,,,s==29|Mô-đun thương điếm - Lối chơi,s==21|Thương thành mỏ quặng,,,1,82,,,,,,,s==9|ShopLayer,21,,,,,,
3936,,,,s==23|Thượng Nguyên minh tiêu,s==21|Phúc Lợi Nạp Liên Tục,1,,,,,,,,,,s==17|ActYuanXiaoLayout,6,,,,,,
1806,,,,s==29|Mô-đun thương điếm - Lối chơi,s==23|Thương thành Thạch Binh,,,135,135,,,,,,,s==9|ShopLayer,49,,,,90,,
6351,,,,s==31|Tam Quốc chí - Thiên hạ hội họa,s==16|Thiên Hạ Hội Họa,,,135,135,,,,,,,s==16|SanGuoZhiPopView,2,,,1,,,
1701,528,,,s==52|Mô-đun cửa hàng - Thương thành sách kỹ năng Linh thú,s==21|Thương thành linh thư,,,140,140,,,,,,,s==9|ShopLayer,44,,,,100,,
6341,,,,s==17|Hệ thống Linh thú,s==15|Bàn ấp Linh thú,,,140,140,,,,,,,s==12|GBFuHuaLayer,,,,,100,,
6400,,,,s==16|Hệ thống đấu giá,s==18|Trường Đấu Đấu Giá,,,140,140,,,,,,,s==13|MartMainLayer,,,,,100,,
6401,,,,s==16|Hệ thống đấu giá,s==16|Đề cử thịnh hành,,,140,140,,,,,,,s==13|MartMainLayer,1,,,,100,,
6402,,,,s==16|Hệ thống đấu giá,s==17|Trung tâm đấu giá,,,140,140,,,,,,,s==13|MartMainLayer,2,,,,100,,
6403,,,,s==16|Hệ thống đấu giá,s==17|Linh thú đăng bán,,,140,140,,,,,,,s==13|MartMainLayer,3,,,,100,,
6404,,,,s==16|Hệ thống đấu giá,s==23|Thương thành tinh thạch,,,140,140,,,,,,,s==13|MartMainLayer,4,,,,100,,
6405,543,,,s==16|Mô Đun Đặc Quyền,s==14|Nạp tinh thạch,,,140,140,,,,,,,s==11|TequanLayer,5,,,,100,,
6420,,,,s==16|Đằng Long Bí Bảo,s==16|Đằng Long Bí Bảo,,,15,15,,,,,,,s==17|ActFaQiuMainLayer,,,,,,,
6421,,,,s==15|Thuốc hiện hình,s==15|Thuốc hiện hình,,,15,15,,,,,,,s==17|ActFaQiuMainLayer,1,,,,,,
6342,,,,s==17|Hệ thống Linh thú,s==19|Thu nhận Linh trứng,,,140,140,,,,,,,s==13|GBTaskPopView,,,,,100,,
6360,,,,s==17|Hồng Vận Phúc Lục,s==17|Hồng Vận Phúc Lục,,,15,15,,,,,,,s==11|hongyunMain,,,,,,,
6361,,,,s==15|Lộc vận lễ nghi,s==15|Lộc vận lễ nghi,,,,,,,,,,,s==11|hongyunMain,1,,,,,,
6362,,,,s==17|Bảo khố Phúc Linh,s==17|Bảo khố Phúc Linh,,,,,,,,,,,s==11|hongyunMain,2,,,,,,
6343,,,,s==29|Hệ thống Linh thú - Phân giải,s==18|Phân giải Linh thú,,,140,140,,,,,,,s==15|GBFenjiePopView,,,,,100,,
6370,,,,s==35|Mua trực tiếp trưởng thành võ tướng,s==15|Võ Tướng Cự Huệ,,,15,15,,,,,,,s==23|ActHeroPVTGiftMainLayer,1,,,,,,
6371,960038,,,s==19|Lễ Bao Trưởng Thành,s==20|Trưởng thành đặc hữu,,,15,15,,,,,,,s==23|ActHeroPVTGiftMainLayer,1,,,,,,
6372,960039,,,s==22|Mua trực tiếp võ tướng,s==16|Quà tặng đặc hữu,,,15,15,,,,,,,s==23|ActHeroPVTGiftMainLayer,2,,,,,,
6352,,,,s==39|Gói quà siêu giá trị hoạt động võ tướng,s==15|Ưu đãi võ tướng,,,15,15,,,,,,,s==15|ActYZBoxPopView,,,,,,,
6344,,,,s==17|Hệ thống Linh thú,s==14|Mua Linh trứng,,,140,140,,,,,,,s==15|GBBuyEggPopView,,,,,100,,
6430,,,,s==36|Lễ kỷ niệm Hoa chương (máy chủ Nhật),s==9|Tuần vàng,,,15,15,,,,,,,s==14|ActGWMainLayer,,,,,,,
6431,,,,s==29|Chợ lễ kỷ niệm (máy chủ Nhật),s==8|Chợ vàng,,,,,,,,,,,s==14|ActGWMainLayer,2,,,,,,
6432,,,,s==29|Hội họa sơn hà (máy chủ Nhật),s==12|Hội họa vàng,,,,,,,,,,,s==14|ActGWMainLayer,1,,,,,,
6433,,,,s==33|Quà tặng sinh nhật (máy chủ Nhật),s==13|Quà tặng vàng,,,,,,,,,,,s==14|ActGWMainLayer,3,,,,,,
6434,,,,s==31|Tầm Bảo kim thêu (máy chủ Nhật),s==12|Tầm Bảo vàng,,,,,,,,,,,s==14|ActGWMainLayer,4,,,,,,
6435,,,,s==34|Thịnh Thế Tuần Du (Phiên bản Nhật),s==17|Hoàng Kim Tuần Du,,,,,,,,,,,s==14|ActGWMainLayer,5,,,,,,
6436,,,,s==35|Trân Bảo Chuyển Bàn (Phiên bản Hàn),s==19|Trân Bảo Chuyển Bàn,,,9,9,,,,,,,s==21|krNewRoleActMainLayer,,,,,,,
6437,,,,s==19|Trân Bảo Chuyển Bàn,s==19|Trân Bảo Chuyển Bàn,,,,,,,,,,,s==21|krNewRoleActMainLayer,1,,,,,,
6438,,,,s==19|Nhiệm Vụ Chuyển Bàn,s==19|Nhiệm Vụ Chuyển Bàn,,,,,,,,,,,s==21|krNewRoleActMainLayer,2,,,,,,
6439,,,,s==13|Đại Ngoạn Gia,s==13|Đại Ngoạn Gia,,,1,1,,,,,,,s==14|QQDawankaLayer,,,,,,,
6440,,,,s==22|Đại Sảnh Quyền Năng QQ,s==22|Đại Sảnh Quyền Năng QQ,,,1,1,,,,,,,s==13|QQTequanLayer,,,,,,,
6450,,,,s==23|[Đài] 14 Ngày Đăng Nhập,s==17|Cơ Chiến Tam Quốc,,,1,1,,,,,,,s==12|TW14SignView,,,,,,,
6460,,,,s==41|[Hàn] Mua Trực Tiếp Võ Tướng Trưởng Thành,s==15|Võ Tướng Cự Huệ,,,15,15,,,,,,,s==26|ActHeroPVTGiftMainLayer_kr,1,s==2|kr,,,,,
6461,960038,,,s==26|[Hàn] Gói Quà Trưởng Thành,s==20|Trưởng thành đặc hữu,,,15,15,,,,,,,s==26|ActHeroPVTGiftMainLayer_kr,1,s==2|kr,,,,,
6462,960039,,,s==28|[Hàn] Mua Trực Tiếp Võ Tướng,s==16|Quà tặng đặc hữu,,,15,15,,,,,,,s==26|ActHeroPVTGiftMainLayer_kr,2,s==2|kr,,,,,
6465,3300002,,,s==34|Hoạt Động Hoa Giá (Phiên bản Nhật),s==15|Mỹ Nhân Hoa Giá,,,40,40,,,,,,,s==25|HJTheAssassinsRotateLayer,0,,,,,,
6466,4000008,,,s==34|Hoạt Động Hoa Giá (Phiên bản Nhật),s==13|Ngọc Long Đài,,,40,40,,,,,,,s==25|HJTheAssassinsRotateLayer,2,,,,,,
6467,4000009,,,s==34|Hoạt Động Hoa Giá (Phiên bản Nhật),s==16|Linh Lung Hội Kỳ,,,40,40,,,,,,,s==25|HJTheAssassinsRotateLayer,3,,,,,,
6468,4000010,,,s==34|Hoạt Động Hoa Giá (Phiên bản Nhật),s==14|Kim Phượng Đài,,,40,40,,,,,,,s==25|HJTheAssassinsRotateLayer,0,,,,,,
6469,2600117,,,s==34|Hoạt Động Hoa Giá (Phiên bản Nhật),s==14|Đồng Quách Đài,,,40,40,,,,,,,s==25|HJTheAssassinsRotateLayer,1,,,,,,
6470,4000012,,,s==34|Hoạt Động Hoa Giá (Phiên bản Nhật),s==18|Nhiệm vụ hằng ngày,,,40,40,,,,,,,s==25|HJTheAssassinsRotateLayer,4,,,,,,
6500,,,,s==12|Hồn Võ Tướng,s==12|Hồn Võ Tướng,,,135,135,,,,,,,,,,,,90,,
6501,,,,s==19|Thiên Mệnh Hồn Điện,s==19|Thiên Mệnh Hồn Điện,,,135,135,,,,,,,s==11|junzhufu_tm,,,,,90,,
6510,,,,s==26|Bảng Hoa Tươi Liên Máy Chủ,s==15|Hoa Giá Thệ Ước,,,15,15,,,,,,,s==18|ActFlowerRankLayer,,,,,,5740,
6511,,,,s==40|Mua Trực Tiếp Bảng Hoa Tươi Liên Máy Chủ,s==15|Lễ Hộp Hoa Tươi,,,15,15,,,,,,,s==18|ActFlowerRankLayer,1,,,,,5740,
6512,,,,s==35|Bảng Xếp Hạng Hoa Tươi Liên Máy Chủ,s==16|Hoa Ngữ Luyến Ca,,,15,15,,,,,,,s==18|ActFlowerRankLayer,2,,,,,5740,
6513,,,,s==38|Phần Thưởng Bảng Hoa Tươi Liên Máy Chủ,s==20|Chứng Ước Thề Nguyện,,,15,15,,,,,,,s==18|ActFlowerRankLayer,3,,,,,5740,
6514,,,,s==45|Giao Diện Tặng Hoa Bảng Hoa Tươi Liên Máy Chủ,s==13|Tặng Hoa Tươi,,,15,15,,,,,,,s==16|ActFRSendPopView,,,,,,5740,
6520,,,,s==42|Đồng Mộng Lạc Viên (Hoạt Động Ngày Trẻ Em),s==18|Đồng Mộng Lạc Viên,,,15,15,,,,,,,s==20|ActChildrensDayLayer,,,,,,5750,
6521,,,,s==31|Phi Tiêu Đỉnh Phẩm (Rút Thưởng),s==18|Phi Tiêu Đỉnh Phẩm,,,15,15,,,,,,,s==20|ActChildrensDayLayer,2,,,,,5750,
6522,,,,s==29|Hướng Dẫn Tuần Du * Đăng Nhập,s==15|Ức Mộng Du Viên,,,15,15,,,,,,,s==20|ActChildrensDayLayer,3,,,,,5750,
6523,,,,s==25|Rừng Kẹo (Tiểu Hình Thức),s==8|Rừng Kẹo,,,15,15,,,,,,,s==20|ActChildrensDayLayer,1,,,,,5750,
6524,,,,s==35|Thương Phố Đồng Thú (Mua Trực Tiếp),s==19|Thương Phố Đồng Thú,,,15,15,,,,,,,s==20|ActChildrensDayLayer,4,,,,,5750,
6525,,,,s==37|Thời Gian Hội Họa Mộng (Nạp Tích Lũy),s==12|Ký Ức Mộc Mã,,,15,15,,,,,,,s==20|ActChildrensDayLayer,5,,,,,5750,
6530,,,,s==29|Giới Thiệu Giao Diện Ấp Trứng,s==18|Vạn Linh Hiến Thụy,,,15,15,,,,,,,s==16|ActBroodEggLayer,,,,,,5760,
6531,,,,s==18|Giao Diện Ấp Trứng,s==17|Thú Linh Sinh Thế,,,15,15,,,,,,,s==16|ActBroodEggLayer,1,,,,,5760,
6532,,,,s==22|Bảng Xếp Hạng Ấp Trứng,s==18|Phúc Trạch Vạn Thế,,,15,15,,,,,,,s==16|ActBroodEggLayer,2,,,,,5760,
6533,,,,s==22|Mua Trực Tiếp Ấp Trứng,s==22|Thiên Giáng Tường Quái,,,15,15,,,,,,,s==16|ActBroodEggLayer,3,,,,,5760,
6560,,,,s==17|Lợi Ích Thất Nhật,s==17|Lợi Ích Thất Nhật,,,1,1,,,,,,,s==15|ActLoginPcLayer,1,s==2|kr,,,,,
6600,,,,s==22|Ưu Đãi Tuyệt Bản (Hàn),s==22|Ưu Đãi Tuyệt Bản (Hàn),,,10,10,,,,,,,s==19|goOnRechargePopView,1,s==5|kr|tw,,,,,
6601,,,,s==21|Ưu Đãi Tướng Ấn (Hàn),s==21|Ưu Đãi Tướng Ấn (Hàn),,,10,10,,,,,,,s==19|goOnRechargePopView,2,s==5|kr|tw,,,,,
6602,,,,s==20|Ưu Đãi Tụ Hiền (Hàn),s==20|Ưu Đãi Tụ Hiền (Hàn),,,10,10,,,,,,,s==19|goOnRechargePopView,3,s==5|kr|tw,,,,,
6603,,,,s==22|Ưu Đãi Thần Binh (Hàn),s==22|Ưu Đãi Thần Binh (Hàn),,,10,10,,,,,,,s==19|goOnRechargePopView,4,s==5|kr|tw,,,,,
6604,,,,s==20|Ưu Đãi Mỹ Nhân (Hàn),s==20|Ưu Đãi Mỹ Nhân (Hàn),,,10,10,,,,,,,s==19|goOnRechargePopView,5,s==5|kr|tw,,,,,
6610,,,,s==18|Thăng Cấp Huyễn Vũ,s==18|Thăng Cấp Huyễn Vũ,,,125,125,,,11,,,,s==13|ExWPMainLayer,1,,,,60,,
6611,,,,s==19|Thăng Tinh Huyễn Vũ,s==19|Thăng Tinh Huyễn Vũ,,,125,125,,,11,,,,s==13|ExWPMainLayer,2,,,,60,,
6612,,,,s==17|Linh Hồn Huyễn Vũ,s==17|Linh Hồn Huyễn Vũ,,,125,125,,,11,,,,s==13|ExWPMainLayer,3,,,,60,,
6613,,,,s==18|Phân Giải Huyễn Vũ,s==18|Phân Giải Huyễn Vũ,,,125,125,,,,,,,s==17|ExWPFenjiePopView,4,,,,60,,
6614,,,,s==16|Đồ Giám Huyễn Vũ,s==16|Đồ Giám Huyễn Vũ,,,125,125,,,,,,,s==15|ExWPBookPopView,5,,,,60,,
6620,,,,s==17|Kiếm Trủng Cổ Đại,s==17|Kiếm Trủng Cổ Đại,,,125,125,,,,,,,s==13|YgjzMainLayer,,,,,60,,
6630,,,,s==15|Dự Báo Huyễn Vũ,s==15|Dự Báo Huyễn Vũ,,,120,120,,,,,,,s==19|actHuanWuYuGaoLayer,,,,,60,,
6640,,,,s==21|[Hàn] Khảo Sát Ý Kiến,s==21|[Hàn] Khảo Sát Ý Kiến,,,1,1,,,,,,,,,s==2|kr,,,,,
6650,,,,s==23|【Cơ Giáp】Cơ Giáp Dự Báo,s==23|【Cơ Giáp】Cơ Giáp Dự Báo,,,1,1,,,,,,,s==18|ActJiJiaYuGaoLayer,1,,,,,,
6700,,,,s==26|Luân Phiên Võ Tướng Chủ Đề,s==18|Hoạt Động Võ Tướng,,,,,,,,,,,s==19|ActKrEventHeroLayer,,,,,,,
6701,,,,s==31|[Hàn] Luân Hoán Võ Tướng Chủ Đề,s==18|Thách Đấu Võ Tướng,,,,,,,,,,,s==19|ActKrEventHeroLayer,1,,,,,,
6702,,,,s==31|[Hàn] Luân Hoán Võ Tướng Chủ Đề,s==17|Chiêu Mộ Võ Tướng,,,,,,,,,,,s==19|ActKrEventHeroLayer,2,,,,,,
6703,,,,s==31|[Hàn] Luân Hoán Võ Tướng Chủ Đề,s==17|Tích Nạp Phúc Lợi,,,,,,,,,,,s==19|ActKrEventHeroLayer,3,,,,,,
6704,,,,s==31|[Hàn] Luân Hoán Võ Tướng Chủ Đề,s==23|Mua Trực Tiếp Hoạt Động,,,,,,,,,,,s==19|ActKrEventHeroLayer,4,,,,,,
6705,,,,s==31|[Hàn] Luân Hoán Võ Tướng Chủ Đề,s==22|Truyền Thuyết Võ Tướng,,,,,,,,,,,s==19|ActKrEventHeroLayer,5,,,,,,
6706,,,,s==31|[Hàn] Luân Hoán Võ Tướng Chủ Đề,s==21|Phúc Lợi Nạp Liên Tục,,,,,,,,,,,s==19|ActKrEventHeroLayer,6,,,,,,
6720,,,,s==39|Gói quà siêu giá trị hoạt động võ tướng,s==15|Ưu đãi võ tướng,,,15,15,,,,,,,s==15|ActYZBoxPopView,,,,,,,
6730,,,,s==31|Trân Bảo Chuyển Bàn (Hải Ngoại),s==19|Trân Bảo Chuyển Bàn,,,9,9,,,,,,,s==21|krNewRoleActMainLayer,,,,,,,
6731,,,,s==19|Trân Bảo Chuyển Bàn,s==19|Trân Bảo Chuyển Bàn,,,,,,,,,,,s==21|krNewRoleActMainLayer,1,,,,,,
6740,,,,s==15|Thẻ Tuần Ưu Đãi,s==15|Thẻ Tuần Ưu Đãi,,,15,15,,,,,,,s==22|SpePreWeeklyCardsLayer,,s==8|ml|tw|jp,,,,,
6741,,,,s==19|Sách Hoạch Tế Thiên,s==19|Sách Hoạch Tế Thiên,,,15,15,,,,,,,s==12|VipKhPopView,,,,,,5780,
6710,,,,s==13|Đại Lễ Mùa Hạ,s==16|Bân Phồn Hạ Nhật,,,,,,,,,,,s==14|summerDayLayer,,,,,,5770,
6711,,,,s==13|Câu Cá Mùa Hạ,s==15|Thủ Lĩnh Bắt Cá,,,,,,,,,,,s==14|summerDayLayer,1,,,,,5770,
6712,,,,s==14|Tìm Bảo Mùa Hạ,s==17|Tìm Bảo Dưới Biển,,,,,,,,,,,s==14|summerDayLayer,5,,,,,5770,
6713,,,,s==16|Đăng Nhập Mùa Hạ,s==14|Hẹn Ước Mùa Hạ,,,,,,,,,,,s==14|summerDayLayer,2,,,,,5770,
6714,,,,s==20|Mua Trực Tiếp Mùa Hạ,s==19|Thanh Lương Nhất Hạ,,,,,,,,,,,s==12|sumerDayShop,2,,,,,5770,
6715,,,,s==14|Đổi Lấy Mùa Hạ,s==19|Thanh Lương Nhất Hạ,,,,,,,,,,,s==12|sumerDayShop,1,,,,,5770,
6716,,,,s==19|Nạp Tích Lũy Mùa Hạ,s==13|Lễ Vật Mùa Hạ,,,,,,,,,,,s==20|sumerDayRechargeView,2,,,,,5770,
6717,,,,s==19|Nạp Liên Tục Mùa Hạ,s==13|Lễ Vật Mùa Hạ,,,,,,,,,,,s==20|sumerDayRechargeView,1,,,,,5770,
6750,,,,s==16|Lợi Ích Miễn Phí,s==16|Lợi Ích Miễn Phí,,,1,1,,,,,,,s==15|FreeWelfareView,1,s==2|id,,,,,
6760,,,,s==14|Gói Quà 0 Đồng,s==14|Gói Quà 0 Đồng,,,1,1,,,,,,,,,,,,,,
6761,,,,s==8|facebook,s==8|facebook,,,,,,,,,,,,,,,,,,
6762,,,,s==13|Xóa Tài Khoản,s==13|Xóa Tài Khoản,,,,,,,,,,,,,,,,,,
6763,,,,s==20|Gói Quà KNB Miễn Phí,s==20|Gói Quà KNB Miễn Phí,,,,,,,,,,,,,,,,,,
6780,,,,s==12|Quán Ảnh Các,s==12|Quán Ảnh Các,,,,,,,,,,,s==14|MovieHouseView,1,,,,,,
1326,3400148,,,s==15|Mô-đun phúc lợi,s==12|Thẻ Trọn Đời,,,7,7,,,,,,,s==13|BenefitsLayer,1326,,,,,,
6742,,,,s==15|Dự Báo Hư Không,s==15|Dự Báo Hư Không,,,9999,9999,,,,,,,s==20|LinkHeroYugaoPopView,,,,,9999,,
6745,575,,,s==17|Môn Phái Thế Giới,s==17|Hư Không Võ Tướng,,,35,35,,,,,,,s==17|LinkHeroMainLayer,,,,,1,,
6800,3400150,,,s==22|Quan Tâm Nền Tảng Eyou,s==16|Quan Tâm Tặng Lễ,,,8,8,,,,,,,s==13|BenefitsLayer,6800,s==2|en,,,,,
6670,,,,s==29|[Cơ Giáp] Thẻ Tuần Chiến Lệnh,s==18|Danh Tướng Chu Thẻ,,,10,10,,,,,,,s==25|ml_ZhouKaZhanLingPopView ,1,,,,,,
6680,,,,s==33|[Cơ Giáp] Nạp Tích Lũy Mở Máy Chủ,s==15|Lũy Sạc Hiến Lễ,,,10,10,,,,,,,s==28|ml_openServerRechargePopView,1,,,,,,
6810,,,,s==29|Phúc lợi miễn phí (Indonesia),s==16|Lợi Ích Miễn Phí,,,1,1,,,,,,,s==15|FreeWelfareView,1,s==2|id,,,,,
6811,,,,s==26|Gói quà 0 đồng (Indonesia),s==14|Gói Quà 0 Đồng,,,1,1,,,,,,,,,s==2|id,,,,,
6812,,,,s==20|facebook (Indonesia),s==8|facebook,,,,,,,,,,,,,s==2|id,,,,,
6813,,,,s==25|Xóa tài khoản (Indonesia),s==13|Xóa Tài Khoản,,,,,,,,,,,,,s==5|id|en,,,,,
6814,,,,s==32|Gói quà KNB miễn phí (Indonesia),s==20|Gói Quà KNB Miễn Phí,,,,,,,,,,,,,s==2|id,,,,,
6850,,,,s==16|Cửu Châu Chí Tôn,s==16|Cửu Châu Chí Tôn,,,105,105,,,,,,,s==19|SupremePvpMainLayer,,,,,30,,
4465,,,,s==26|【Anh ngữ】Phúc lợi miễn phí,s==16|Lợi Ích Miễn Phí,,,1,1,,,,,,,s==15|FreeWelfareView,1,s==2|en,,,,,
4466,,,,s==26|【Anh ngữ】Hoạt động kéo tân,s==17|Phân Hưởng Lễ Dịu,,,5,5,,,,,,,s==24|en_actwecatfenxiangLayer,,s==2|en,,,,,
6851,,,,s==36|Thương thành Chư Cửu Châu Tối Thượng,s==25|Thương thành Chư Cửu Châu,,,105,105,,,,,,,s==9|ShopLayer,56,,,,30,,
6852,,,,s==34|Chiến lệnh Chư Cửu Châu Tối Thượng,s==19|Cửu Châu Chiến Lệnh,,,105,105,,,,,,,s==17|SPZhanLingPopView,,,,,30,,
6860,,,,s==16|Phúc lợi nạp thẻ,s==16|Phúc lợi nạp thẻ,,,5,5,,,,,,,s==17|FuliMiniGameLayer,,,,,,,
6900,3400160,,,s==24|Lệnh Chư Hầu - Cửa chính,s==7|Chư Hầu,,,1,1,,,,,,,s==16|MiniGameScene_14,,,,,,,
6901,3400148,,,s==33|Lệnh Chư Hầu - Nhiệm vụ hoạt động,s==9|Hoạt động,,,10,10,,,,,,,s==14|G14TaskPopView,2,,,,,,
6902,3400150,,,s==36|Lệnh Chư Hầu - Gói quà mua trực tiếp,s==13|Mua trực tiếp,,,999,999,,,,,,,s==14|G14TaskPopView,1,,,,,,
6905,,,,s==31|Lệnh Chư Hầu - Nâng cấp Ngọc Ấn,s==16|Nâng cấp Ngọc Ấn,,,1,1,,,,,,,s==12|G14LvPopView,,,,,,,
6910,,,,s==17|Đại hội Đông Nhật,s==20|Đông Nhật Noãn Dương,,,,,,,,,,,s==14|ActWinterLayer,,,,,,5840,
6911,,,,s==16|Câu cá Đông Nhật,s==18|Hàn Giang Độc Điếu,,,,,,,,,,,s==14|ActWinterLayer,1,,,,,5840,
6912,,,,s==17|Tìm bảo Đông Nhật,s==17|Tìm bảo dưới biển,,,,,,,,,,,s==14|ActWinterLayer,5,,,,,5840,
6913,,,,s==19|Điểm danh Đông Nhật,s==21|Đếm ngày xua giá lạnh,,,,,,,,,,,s==14|ActWinterLayer,2,,,,,5840,
6914,,,,s==23|Mua trực tiếp Đông Nhật,s==16|Gửi ấm Đông Nhật,,,,,,,,,,,s==10|WinterShop,2,,,,,5840,
6915,,,,s==17|Đổi quà Đông Nhật,s==16|Gửi ấm Đông Nhật,,,,,,,,,,,s==10|WinterShop,1,,,,,5840,
6916,,,,s==18|Tích nạp Đông Nhật,s==16|Tặng lễ giá lạnh,,,,,,,,,,,s==18|WinterRechargeView,2,,,,,5840,
6917,,,,s==22|Liên tục nạp Đông Nhật,s==16|Tặng lễ giá lạnh,,,,,,,,,,,s==18|WinterRechargeView,1,,,,,5840,
6920,,,,s==18|Linh Lung Bảo Điển,s==18|Linh Lung Bảo Điển,,,20,20,,,,,,,s==15|ActLingLongView,,,,,,5850,
6345,,,,s==17|Hệ thống Linh thú,s==16|Trang bị Nội Đan,,,140,140,,,,,,,,,,,,100,,
6346,,,,s==17|Hệ thống Linh thú,s==16|Ấp trứng Nội Đan,,,140,140,,,,,,,s==18|GBNeiDanFuHuaLayer,,,,,100,,
6347,,,,s==17|Hệ thống Linh thú,s==17|Luyện hóa Nội Đan,,,140,140,,,,,,,s==19|StrengthenMainLayer,3,,,,100,,
6930,,,,s==17|Trân Ngọc Bảo Phố,s==17|Trân Ngọc Bảo Phố,,,15,15,,,,,,,s==14|ZhenYuShopView,,,,,,5850,
6940,,,,s==16|Mê Cốc Long Lĩnh,s==16|Mê Cốc Long Lĩnh,,,15,15,,,,,,,,,,,,,5870,
6950,,,,s==9|Long Mạch,s==9|Long Mạch,,,165,165,,,,,,,s==13|junzhufuLayer,6950,,,,135,,