id,taskName,taskDesc,needLevel,lvLimit,taskType,subType,nextTask,ToSystemFunId,targets-targetType-1,targets-targetId-1,targets-targetValue-1,targets-targetType-2,targets-targetId-2,targets-targetValue-2,targets-targetType-3,targets-targetId-3,targets-targetValue-3,rewards-type-1,rewards-id-1,rewards-value-1,rewards-type-2,rewards-id-2,rewards-value-2,rewards-type-3,rewards-id-3,rewards-value-3,prioriy,
510001,,s==44|Quân Đoàn Tranh Bá cá nhân chiến thắng 6 lần,1,200,1,0,0,1450,313,0,6,0,0,0,0,0,0,1,17,3000,,,,,,,1,
510002,,s==45|Quân Đoàn Tranh Bá cá nhân chiến thắng 12 lần,1,200,1,0,0,1450,313,0,12,0,0,0,0,0,0,1,17,3075,,,,,,,2,
510003,,s==45|Quân Đoàn Tranh Bá cá nhân chiến thắng 18 lần,1,200,1,0,0,1450,313,0,18,0,0,0,0,0,0,1,17,3150,,,,,,,3,
510004,,s==45|Quân Đoàn Tranh Bá cá nhân chiến thắng 24 lần,1,200,1,0,0,1450,313,0,24,0,0,0,0,0,0,1,17,3225,,,,,,,4,
510005,,s==45|Quân Đoàn Tranh Bá cá nhân chiến thắng 30 lần,1,200,1,0,0,1450,313,0,30,0,0,0,0,0,0,1,17,3300,2,1003,1,,,,5,
510006,,s==45|Quân Đoàn Tranh Bá cá nhân chiến thắng 36 lần,1,200,1,0,0,1450,313,0,36,0,0,0,0,0,0,1,17,3375,,,,,,,6,
510007,,s==45|Quân Đoàn Tranh Bá cá nhân chiến thắng 42 lần,1,200,1,0,0,1450,313,0,42,0,0,0,0,0,0,1,17,3450,,,,,,,7,
510008,,s==45|Quân Đoàn Tranh Bá cá nhân chiến thắng 48 lần,1,200,1,0,0,1450,313,0,48,0,0,0,0,0,0,1,17,3525,,,,,,,8,
510009,,s==45|Quân Đoàn Tranh Bá cá nhân chiến thắng 54 lần,1,200,1,0,0,1450,313,0,54,0,0,0,0,0,0,1,17,3600,,,,,,,9,
510010,,s==45|Quân Đoàn Tranh Bá cá nhân chiến thắng 60 lần,1,200,1,0,0,1450,313,0,60,0,0,0,0,0,0,1,17,3675,2,1003,1,,,,10,
510011,,s==45|Quân Đoàn Tranh Bá cá nhân chiến thắng 66 lần,1,200,1,0,0,1450,313,0,66,0,0,0,0,0,0,1,17,3750,,,,,,,11,
510012,,s==45|Quân Đoàn Tranh Bá cá nhân chiến thắng 72 lần,1,200,1,0,0,1450,313,0,72,0,0,0,0,0,0,1,17,3825,,,,,,,12,
510013,,s==45|Quân Đoàn Tranh Bá cá nhân chiến thắng 78 lần,1,200,1,0,0,1450,313,0,78,0,0,0,0,0,0,1,17,3900,,,,,,,13,
510014,,s==45|Quân Đoàn Tranh Bá cá nhân chiến thắng 84 lần,1,200,1,0,0,1450,313,0,84,0,0,0,0,0,0,1,17,3975,,,,,,,14,
510015,,s==45|Quân Đoàn Tranh Bá cá nhân chiến thắng 90 lần,1,200,1,0,0,1450,313,0,90,0,0,0,0,0,0,1,17,4050,2,1003,1,,,,15,
510016,,s==45|Quân Đoàn Tranh Bá cá nhân chiến thắng 96 lần,1,200,1,0,0,1450,313,0,96,0,0,0,0,0,0,1,17,4125,,,,,,,16,
510017,,s==46|Quân Đoàn Tranh Bá cá nhân chiến thắng 102 lần,1,200,1,0,0,1450,313,0,102,0,0,0,0,0,0,1,17,4200,,,,,,,17,
510018,,s==46|Quân Đoàn Tranh Bá cá nhân chiến thắng 108 lần,1,200,1,0,0,1450,313,0,108,0,0,0,0,0,0,1,17,4275,,,,,,,18,
510019,,s==46|Quân Đoàn Tranh Bá cá nhân chiến thắng 114 lần,1,200,1,0,0,1450,313,0,114,0,0,0,0,0,0,1,17,4350,,,,,,,19,
510020,,s==46|Quân Đoàn Tranh Bá cá nhân chiến thắng 120 lần,1,200,1,0,0,1450,313,0,120,0,0,0,0,0,0,1,17,4425,2,1003,1,,,,20,
510021,,s==46|Quân Đoàn Tranh Bá cá nhân chiến thắng 126 lần,1,200,1,0,0,1450,313,0,126,0,0,0,0,0,0,1,17,4500,,,,,,,21,
510022,,s==46|Quân Đoàn Tranh Bá cá nhân chiến thắng 132 lần,1,200,1,0,0,1450,313,0,132,0,0,0,0,0,0,1,17,4575,,,,,,,22,
510023,,s==46|Quân Đoàn Tranh Bá cá nhân chiến thắng 138 lần,1,200,1,0,0,1450,313,0,138,0,0,0,0,0,0,1,17,4650,,,,,,,23,
510024,,s==46|Quân Đoàn Tranh Bá cá nhân chiến thắng 144 lần,1,200,1,0,0,1450,313,0,144,0,0,0,0,0,0,1,17,4725,,,,,,,24,
510025,,s==46|Quân Đoàn Tranh Bá cá nhân chiến thắng 150 lần,1,200,1,0,0,1450,313,0,150,0,0,0,0,0,0,1,17,4800,2,1003,1,,,,25,
510026,,s==46|Quân Đoàn Tranh Bá cá nhân chiến thắng 156 lần,1,200,1,0,0,1450,313,0,156,0,0,0,0,0,0,1,17,4875,,,,,,,26,
510027,,s==46|Quân Đoàn Tranh Bá cá nhân chiến thắng 162 lần,1,200,1,0,0,1450,313,0,162,0,0,0,0,0,0,1,17,4950,,,,,,,27,
510028,,s==46|Quân Đoàn Tranh Bá cá nhân chiến thắng 168 lần,1,200,1,0,0,1450,313,0,168,0,0,0,0,0,0,1,17,5025,,,,,,,28,
510029,,s==46|Quân Đoàn Tranh Bá cá nhân chiến thắng 174 lần,1,200,1,0,0,1450,313,0,174,0,0,0,0,0,0,1,17,5100,,,,,,,29,
510030,,s==46|Quân Đoàn Tranh Bá cá nhân chiến thắng 180 lần,1,200,1,0,0,1450,313,0,180,0,0,0,0,0,0,1,17,5175,2,1003,1,,,,30,
510031,,s==46|Quân Đoàn Tranh Bá cá nhân chiến thắng 186 lần,1,200,1,0,0,1450,313,0,186,0,0,0,0,0,0,1,17,5250,,,,,,,31,
510032,,s==46|Quân Đoàn Tranh Bá cá nhân chiến thắng 192 lần,1,200,1,0,0,1450,313,0,192,0,0,0,0,0,0,1,17,5325,,,,,,,32,
510033,,s==46|Quân Đoàn Tranh Bá cá nhân chiến thắng 198 lần,1,200,1,0,0,1450,313,0,198,0,0,0,0,0,0,1,17,5400,,,,,,,33,
510034,,s==46|Quân Đoàn Tranh Bá cá nhân chiến thắng 204 lần,1,200,1,0,0,1450,313,0,204,0,0,0,0,0,0,1,17,5475,,,,,,,34,
510035,,s==46|Quân Đoàn Tranh Bá cá nhân chiến thắng 210 lần,1,200,1,0,0,1450,313,0,210,0,0,0,0,0,0,1,17,5550,2,1003,1,,,,35,
510036,,s==46|Quân Đoàn Tranh Bá cá nhân chiến thắng 216 lần,1,200,1,0,0,1450,313,0,216,0,0,0,0,0,0,1,17,5625,,,,,,,36,
510037,,s==46|Quân Đoàn Tranh Bá cá nhân chiến thắng 222 lần,1,200,1,0,0,1450,313,0,222,0,0,0,0,0,0,1,17,5700,,,,,,,37,
510038,,s==46|Quân Đoàn Tranh Bá cá nhân chiến thắng 228 lần,1,200,1,0,0,1450,313,0,228,0,0,0,0,0,0,1,17,5775,,,,,,,38,
510039,,s==46|Quân Đoàn Tranh Bá cá nhân chiến thắng 234 lần,1,200,1,0,0,1450,313,0,234,0,0,0,0,0,0,1,17,5850,,,,,,,39,
510040,,s==46|Quân Đoàn Tranh Bá cá nhân chiến thắng 240 lần,1,200,1,0,0,1450,313,0,240,0,0,0,0,0,0,1,17,5925,2,1003,1,,,,40,
510041,,s==46|Quân Đoàn Tranh Bá cá nhân chiến thắng 246 lần,1,200,1,0,0,1450,313,0,246,0,0,0,0,0,0,1,17,6000,,,,,,,41,
510042,,s==46|Quân Đoàn Tranh Bá cá nhân chiến thắng 252 lần,1,200,1,0,0,1450,313,0,252,0,0,0,0,0,0,1,17,6075,,,,,,,42,
510043,,s==46|Quân Đoàn Tranh Bá cá nhân chiến thắng 258 lần,1,200,1,0,0,1450,313,0,258,0,0,0,0,0,0,1,17,6150,,,,,,,43,
510044,,s==46|Quân Đoàn Tranh Bá cá nhân chiến thắng 264 lần,1,200,1,0,0,1450,313,0,264,0,0,0,0,0,0,1,17,6225,,,,,,,44,
510045,,s==46|Quân Đoàn Tranh Bá cá nhân chiến thắng 270 lần,1,200,1,0,0,1450,313,0,270,0,0,0,0,0,0,1,17,6300,2,1003,1,,,,45,
510046,,s==46|Quân Đoàn Tranh Bá cá nhân chiến thắng 276 lần,1,200,1,0,0,1450,313,0,276,0,0,0,0,0,0,1,17,6375,,,,,,,46,
510047,,s==46|Quân Đoàn Tranh Bá cá nhân chiến thắng 282 lần,1,200,1,0,0,1450,313,0,282,0,0,0,0,0,0,1,17,6450,,,,,,,47,
510048,,s==46|Quân Đoàn Tranh Bá cá nhân chiến thắng 288 lần,1,200,1,0,0,1450,313,0,288,0,0,0,0,0,0,1,17,6525,,,,,,,48,
510049,,s==46|Quân Đoàn Tranh Bá cá nhân chiến thắng 294 lần,1,200,1,0,0,1450,313,0,294,0,0,0,0,0,0,1,17,6600,,,,,,,49,
510050,,s==46|Quân Đoàn Tranh Bá cá nhân chiến thắng 300 lần,1,200,1,0,0,1450,313,0,300,0,0,0,0,0,0,1,17,6675,2,1003,1,,,,50,
510051,,s==46|Quân Đoàn Tranh Bá cá nhân chiến thắng 306 lần,1,200,1,0,0,1450,313,0,306,0,0,0,0,0,0,1,17,6750,,,,,,,51,
510052,,s==46|Quân Đoàn Tranh Bá cá nhân chiến thắng 312 lần,1,200,1,0,0,1450,313,0,312,0,0,0,0,0,0,1,17,6825,,,,,,,52,
510053,,s==46|Quân Đoàn Tranh Bá cá nhân chiến thắng 318 lần,1,200,1,0,0,1450,313,0,318,0,0,0,0,0,0,1,17,6900,,,,,,,53,
510054,,s==46|Quân Đoàn Tranh Bá cá nhân chiến thắng 324 lần,1,200,1,0,0,1450,313,0,324,0,0,0,0,0,0,1,17,6975,,,,,,,54,
510055,,s==46|Quân Đoàn Tranh Bá cá nhân chiến thắng 330 lần,1,200,1,0,0,1450,313,0,330,0,0,0,0,0,0,1,17,7050,2,1003,1,,,,55,
510056,,s==46|Quân Đoàn Tranh Bá cá nhân chiến thắng 336 lần,1,200,1,0,0,1450,313,0,336,0,0,0,0,0,0,1,17,7125,,,,,,,56,
510057,,s==46|Quân Đoàn Tranh Bá cá nhân chiến thắng 342 lần,1,200,1,0,0,1450,313,0,342,0,0,0,0,0,0,1,17,7200,,,,,,,57,
510058,,s==46|Quân Đoàn Tranh Bá cá nhân chiến thắng 348 lần,1,200,1,0,0,1450,313,0,348,0,0,0,0,0,0,1,17,7275,,,,,,,58,
510059,,s==46|Quân Đoàn Tranh Bá cá nhân chiến thắng 354 lần,1,200,1,0,0,1450,313,0,354,0,0,0,0,0,0,1,17,7350,,,,,,,59,
510060,,s==46|Quân Đoàn Tranh Bá cá nhân chiến thắng 360 lần,1,200,1,0,0,1450,313,0,360,0,0,0,0,0,0,1,17,7425,2,1003,1,,,,60,
510061,,s==46|Quân Đoàn Tranh Bá cá nhân chiến thắng 366 lần,1,200,1,0,0,1450,313,0,366,0,0,0,0,0,0,1,17,7500,,,,,,,61,
510062,,s==46|Quân Đoàn Tranh Bá cá nhân chiến thắng 372 lần,1,200,1,0,0,1450,313,0,372,0,0,0,0,0,0,1,17,7575,,,,,,,62,
510063,,s==46|Quân Đoàn Tranh Bá cá nhân chiến thắng 378 lần,1,200,1,0,0,1450,313,0,378,0,0,0,0,0,0,1,17,7650,,,,,,,63,
510064,,s==46|Quân Đoàn Tranh Bá cá nhân chiến thắng 384 lần,1,200,1,0,0,1450,313,0,384,0,0,0,0,0,0,1,17,7725,,,,,,,64,
510065,,s==46|Quân Đoàn Tranh Bá cá nhân chiến thắng 390 lần,1,200,1,0,0,1450,313,0,390,0,0,0,0,0,0,1,17,7800,2,1003,1,,,,65,
510066,,s==46|Quân Đoàn Tranh Bá cá nhân chiến thắng 396 lần,1,200,1,0,0,1450,313,0,396,0,0,0,0,0,0,1,17,7875,,,,,,,66,
510067,,s==46|Quân Đoàn Tranh Bá cá nhân chiến thắng 402 lần,1,200,1,0,0,1450,313,0,402,0,0,0,0,0,0,1,17,7950,,,,,,,67,
510068,,s==46|Quân Đoàn Tranh Bá cá nhân chiến thắng 408 lần,1,200,1,0,0,1450,313,0,408,0,0,0,0,0,0,1,17,8025,,,,,,,68,
510069,,s==46|Quân Đoàn Tranh Bá cá nhân chiến thắng 414 lần,1,200,1,0,0,1450,313,0,414,0,0,0,0,0,0,1,17,8100,,,,,,,69,
510070,,s==46|Quân Đoàn Tranh Bá cá nhân chiến thắng 420 lần,1,200,1,0,0,1450,313,0,420,0,0,0,0,0,0,1,17,8175,2,1003,1,,,,70,
510071,,s==46|Quân Đoàn Tranh Bá cá nhân chiến thắng 426 lần,1,200,1,0,0,1450,313,0,426,0,0,0,0,0,0,1,17,8250,,,,,,,71,
510072,,s==46|Quân Đoàn Tranh Bá cá nhân chiến thắng 432 lần,1,200,1,0,0,1450,313,0,432,0,0,0,0,0,0,1,17,8325,,,,,,,72,
510073,,s==46|Quân Đoàn Tranh Bá cá nhân chiến thắng 438 lần,1,200,1,0,0,1450,313,0,438,0,0,0,0,0,0,1,17,8400,,,,,,,73,
510074,,s==46|Quân Đoàn Tranh Bá cá nhân chiến thắng 444 lần,1,200,1,0,0,1450,313,0,444,0,0,0,0,0,0,1,17,8475,,,,,,,74,
510075,,s==46|Quân Đoàn Tranh Bá cá nhân chiến thắng 450 lần,1,200,1,0,0,1450,313,0,450,0,0,0,0,0,0,1,17,8550,2,1003,1,,,,75,
510076,,s==46|Quân Đoàn Tranh Bá cá nhân chiến thắng 456 lần,1,200,1,0,0,1450,313,0,456,0,0,0,0,0,0,1,17,8625,,,,,,,76,
510077,,s==46|Quân Đoàn Tranh Bá cá nhân chiến thắng 462 lần,1,200,1,0,0,1450,313,0,462,0,0,0,0,0,0,1,17,8700,,,,,,,77,
510078,,s==46|Quân Đoàn Tranh Bá cá nhân chiến thắng 468 lần,1,200,1,0,0,1450,313,0,468,0,0,0,0,0,0,1,17,8775,,,,,,,78,
510079,,s==46|Quân Đoàn Tranh Bá cá nhân chiến thắng 474 lần,1,200,1,0,0,1450,313,0,474,0,0,0,0,0,0,1,17,8850,,,,,,,79,
510080,,s==46|Quân Đoàn Tranh Bá cá nhân chiến thắng 480 lần,1,200,1,0,0,1450,313,0,480,0,0,0,0,0,0,1,17,8925,2,1003,1,,,,80,
510081,,s==46|Quân Đoàn Tranh Bá cá nhân chiến thắng 486 lần,1,200,1,0,0,1450,313,0,486,0,0,0,0,0,0,1,17,9000,,,,,,,81,
510082,,s==46|Quân Đoàn Tranh Bá cá nhân chiến thắng 492 lần,1,200,1,0,0,1450,313,0,492,0,0,0,0,0,0,1,17,9075,,,,,,,82,
510083,,s==46|Quân Đoàn Tranh Bá cá nhân chiến thắng 498 lần,1,200,1,0,0,1450,313,0,498,0,0,0,0,0,0,1,17,9150,,,,,,,83,
510084,,s==46|Quân Đoàn Tranh Bá cá nhân chiến thắng 504 lần,1,200,1,0,0,1450,313,0,504,0,0,0,0,0,0,1,17,9225,,,,,,,84,
510085,,s==46|Quân Đoàn Tranh Bá cá nhân chiến thắng 510 lần,1,200,1,0,0,1450,313,0,510,0,0,0,0,0,0,1,17,9300,2,1003,1,,,,85,
510086,,s==46|Quân Đoàn Tranh Bá cá nhân chiến thắng 516 lần,1,200,1,0,0,1450,313,0,516,0,0,0,0,0,0,1,17,9375,,,,,,,86,
510087,,s==46|Quân Đoàn Tranh Bá cá nhân chiến thắng 522 lần,1,200,1,0,0,1450,313,0,522,0,0,0,0,0,0,1,17,9450,,,,,,,87,
510088,,s==46|Quân Đoàn Tranh Bá cá nhân chiến thắng 528 lần,1,200,1,0,0,1450,313,0,528,0,0,0,0,0,0,1,17,9525,,,,,,,88,
510089,,s==46|Quân Đoàn Tranh Bá cá nhân chiến thắng 534 lần,1,200,1,0,0,1450,313,0,534,0,0,0,0,0,0,1,17,9600,,,,,,,89,
510090,,s==46|Quân Đoàn Tranh Bá cá nhân chiến thắng 540 lần,1,200,1,0,0,1450,313,0,540,0,0,0,0,0,0,1,17,9675,2,1003,1,,,,90,
510091,,s==46|Quân Đoàn Tranh Bá cá nhân chiến thắng 546 lần,1,200,1,0,0,1450,313,0,546,0,0,0,0,0,0,1,17,9750,,,,,,,91,
510092,,s==46|Quân Đoàn Tranh Bá cá nhân chiến thắng 552 lần,1,200,1,0,0,1450,313,0,552,0,0,0,0,0,0,1,17,9825,,,,,,,92,
510093,,s==46|Quân Đoàn Tranh Bá cá nhân chiến thắng 558 lần,1,200,1,0,0,1450,313,0,558,0,0,0,0,0,0,1,17,9900,,,,,,,93,
510094,,s==46|Quân Đoàn Tranh Bá cá nhân chiến thắng 564 lần,1,200,1,0,0,1450,313,0,564,0,0,0,0,0,0,1,17,9975,,,,,,,94,
510095,,s==46|Quân Đoàn Tranh Bá cá nhân chiến thắng 570 lần,1,200,1,0,0,1450,313,0,570,0,0,0,0,0,0,1,17,10050,2,1003,1,,,,95,
510096,,s==46|Quân Đoàn Tranh Bá cá nhân chiến thắng 576 lần,1,200,1,0,0,1450,313,0,576,0,0,0,0,0,0,1,17,10125,,,,,,,96,
510097,,s==46|Quân Đoàn Tranh Bá cá nhân chiến thắng 582 lần,1,200,1,0,0,1450,313,0,582,0,0,0,0,0,0,1,17,10200,,,,,,,97,
510098,,s==46|Quân Đoàn Tranh Bá cá nhân chiến thắng 588 lần,1,200,1,0,0,1450,313,0,588,0,0,0,0,0,0,1,17,10275,,,,,,,98,
510099,,s==46|Quân Đoàn Tranh Bá cá nhân chiến thắng 594 lần,1,200,1,0,0,1450,313,0,594,0,0,0,0,0,0,1,17,10350,,,,,,,99,
510100,,s==46|Quân Đoàn Tranh Bá cá nhân chiến thắng 600 lần,1,200,1,0,0,1450,313,0,600,0,0,0,0,0,0,1,17,10425,2,1003,1,,,,100,
510101,,s==46|Quân Đoàn Tranh Bá cá nhân chiến thắng 606 lần,1,200,1,0,0,1450,313,0,606,0,0,0,0,0,0,1,17,10500,,,,,,,101,
510102,,s==46|Quân Đoàn Tranh Bá cá nhân chiến thắng 612 lần,1,200,1,0,0,1450,313,0,612,0,0,0,0,0,0,1,17,10575,,,,,,,102,
510103,,s==46|Quân Đoàn Tranh Bá cá nhân chiến thắng 618 lần,1,200,1,0,0,1450,313,0,618,0,0,0,0,0,0,1,17,10650,,,,,,,103,
510104,,s==46|Quân Đoàn Tranh Bá cá nhân chiến thắng 624 lần,1,200,1,0,0,1450,313,0,624,0,0,0,0,0,0,1,17,10725,,,,,,,104,
510105,,s==46|Quân Đoàn Tranh Bá cá nhân chiến thắng 630 lần,1,200,1,0,0,1450,313,0,630,0,0,0,0,0,0,1,17,10800,2,1003,1,,,,105,
510106,,s==46|Quân Đoàn Tranh Bá cá nhân chiến thắng 636 lần,1,200,1,0,0,1450,313,0,636,0,0,0,0,0,0,1,17,10875,,,,,,,106,
510107,,s==46|Quân Đoàn Tranh Bá cá nhân chiến thắng 642 lần,1,200,1,0,0,1450,313,0,642,0,0,0,0,0,0,1,17,10950,,,,,,,107,
510108,,s==46|Quân Đoàn Tranh Bá cá nhân chiến thắng 648 lần,1,200,1,0,0,1450,313,0,648,0,0,0,0,0,0,1,17,11025,,,,,,,108,
510109,,s==46|Quân Đoàn Tranh Bá cá nhân chiến thắng 654 lần,1,200,1,0,0,1450,313,0,654,0,0,0,0,0,0,1,17,11100,,,,,,,109,
510110,,s==46|Quân Đoàn Tranh Bá cá nhân chiến thắng 660 lần,1,200,1,0,0,1450,313,0,660,0,0,0,0,0,0,1,17,11175,2,1003,1,,,,110,
510111,,s==46|Quân Đoàn Tranh Bá cá nhân chiến thắng 666 lần,1,200,1,0,0,1450,313,0,666,0,0,0,0,0,0,1,17,11250,,,,,,,111,
510112,,s==46|Quân Đoàn Tranh Bá cá nhân chiến thắng 672 lần,1,200,1,0,0,1450,313,0,672,0,0,0,0,0,0,1,17,11325,,,,,,,112,
510113,,s==46|Quân Đoàn Tranh Bá cá nhân chiến thắng 678 lần,1,200,1,0,0,1450,313,0,678,0,0,0,0,0,0,1,17,11400,,,,,,,113,
510114,,s==46|Quân Đoàn Tranh Bá cá nhân chiến thắng 684 lần,1,200,1,0,0,1450,313,0,684,0,0,0,0,0,0,1,17,11475,,,,,,,114,
510115,,s==46|Quân Đoàn Tranh Bá cá nhân chiến thắng 690 lần,1,200,1,0,0,1450,313,0,690,0,0,0,0,0,0,1,17,11550,2,1003,1,,,,115,
510116,,s==46|Quân Đoàn Tranh Bá cá nhân chiến thắng 696 lần,1,200,1,0,0,1450,313,0,696,0,0,0,0,0,0,1,17,11625,,,,,,,116,
510117,,s==46|Quân Đoàn Tranh Bá cá nhân chiến thắng 702 lần,1,200,1,0,0,1450,313,0,702,0,0,0,0,0,0,1,17,11700,,,,,,,117,
510118,,s==46|Quân Đoàn Tranh Bá cá nhân chiến thắng 708 lần,1,200,1,0,0,1450,313,0,708,0,0,0,0,0,0,1,17,11775,,,,,,,118,
510119,,s==46|Quân Đoàn Tranh Bá cá nhân chiến thắng 714 lần,1,200,1,0,0,1450,313,0,714,0,0,0,0,0,0,1,17,11850,,,,,,,119,
510120,,s==46|Quân Đoàn Tranh Bá cá nhân chiến thắng 720 lần,1,200,1,0,0,1450,313,0,720,0,0,0,0,0,0,1,17,11925,2,1003,1,,,,120,
510121,,s==46|Quân Đoàn Tranh Bá cá nhân chiến thắng 726 lần,1,200,1,0,0,1450,313,0,726,0,0,0,0,0,0,1,17,12000,,,,,,,121,
510122,,s==46|Quân Đoàn Tranh Bá cá nhân chiến thắng 732 lần,1,200,1,0,0,1450,313,0,732,0,0,0,0,0,0,1,17,12075,,,,,,,122,
510123,,s==46|Quân Đoàn Tranh Bá cá nhân chiến thắng 738 lần,1,200,1,0,0,1450,313,0,738,0,0,0,0,0,0,1,17,12150,,,,,,,123,
510124,,s==46|Quân Đoàn Tranh Bá cá nhân chiến thắng 744 lần,1,200,1,0,0,1450,313,0,744,0,0,0,0,0,0,1,17,12225,,,,,,,124,
510125,,s==46|Quân Đoàn Tranh Bá cá nhân chiến thắng 750 lần,1,200,1,0,0,1450,313,0,750,0,0,0,0,0,0,1,17,12300,2,1003,1,,,,125,
510126,,s==46|Quân Đoàn Tranh Bá cá nhân chiến thắng 756 lần,1,200,1,0,0,1450,313,0,756,0,0,0,0,0,0,1,17,12375,,,,,,,126,
510127,,s==46|Quân Đoàn Tranh Bá cá nhân chiến thắng 762 lần,1,200,1,0,0,1450,313,0,762,0,0,0,0,0,0,1,17,12450,,,,,,,127,
510128,,s==46|Quân Đoàn Tranh Bá cá nhân chiến thắng 768 lần,1,200,1,0,0,1450,313,0,768,0,0,0,0,0,0,1,17,12525,,,,,,,128,
510129,,s==46|Quân Đoàn Tranh Bá cá nhân chiến thắng 774 lần,1,200,1,0,0,1450,313,0,774,0,0,0,0,0,0,1,17,12600,,,,,,,129,
510130,,s==46|Quân Đoàn Tranh Bá cá nhân chiến thắng 780 lần,1,200,1,0,0,1450,313,0,780,0,0,0,0,0,0,1,17,12675,2,1003,1,,,,130,
510131,,s==46|Quân Đoàn Tranh Bá cá nhân chiến thắng 786 lần,1,200,1,0,0,1450,313,0,786,0,0,0,0,0,0,1,17,12750,,,,,,,131,
510132,,s==46|Quân Đoàn Tranh Bá cá nhân chiến thắng 792 lần,1,200,1,0,0,1450,313,0,792,0,0,0,0,0,0,1,17,12825,,,,,,,132,
510133,,s==46|Quân Đoàn Tranh Bá cá nhân chiến thắng 798 lần,1,200,1,0,0,1450,313,0,798,0,0,0,0,0,0,1,17,12900,,,,,,,133,
510134,,s==46|Quân Đoàn Tranh Bá cá nhân chiến thắng 804 lần,1,200,1,0,0,1450,313,0,804,0,0,0,0,0,0,1,17,12975,,,,,,,134,
510135,,s==46|Quân Đoàn Tranh Bá cá nhân chiến thắng 810 lần,1,200,1,0,0,1450,313,0,810,0,0,0,0,0,0,1,17,13050,2,1003,1,,,,135,
510136,,s==46|Quân Đoàn Tranh Bá cá nhân chiến thắng 816 lần,1,200,1,0,0,1450,313,0,816,0,0,0,0,0,0,1,17,13125,,,,,,,136,
510137,,s==46|Quân Đoàn Tranh Bá cá nhân chiến thắng 822 lần,1,200,1,0,0,1450,313,0,822,0,0,0,0,0,0,1,17,13200,,,,,,,137,
510138,,s==46|Quân Đoàn Tranh Bá cá nhân chiến thắng 828 lần,1,200,1,0,0,1450,313,0,828,0,0,0,0,0,0,1,17,13275,,,,,,,138,
510139,,s==46|Quân Đoàn Tranh Bá cá nhân chiến thắng 834 lần,1,200,1,0,0,1450,313,0,834,0,0,0,0,0,0,1,17,13350,,,,,,,139,
510140,,s==46|Quân Đoàn Tranh Bá cá nhân chiến thắng 840 lần,1,200,1,0,0,1450,313,0,840,0,0,0,0,0,0,1,17,13425,2,1003,1,,,,140,
510141,,s==46|Quân Đoàn Tranh Bá cá nhân chiến thắng 846 lần,1,200,1,0,0,1450,313,0,846,0,0,0,0,0,0,1,17,13500,,,,,,,141,
510142,,s==46|Quân Đoàn Tranh Bá cá nhân chiến thắng 852 lần,1,200,1,0,0,1450,313,0,852,0,0,0,0,0,0,1,17,13575,,,,,,,142,
510143,,s==46|Quân Đoàn Tranh Bá cá nhân chiến thắng 858 lần,1,200,1,0,0,1450,313,0,858,0,0,0,0,0,0,1,17,13650,,,,,,,143,
510144,,s==46|Quân Đoàn Tranh Bá cá nhân chiến thắng 864 lần,1,200,1,0,0,1450,313,0,864,0,0,0,0,0,0,1,17,13725,,,,,,,144,
510145,,s==46|Quân Đoàn Tranh Bá cá nhân chiến thắng 870 lần,1,200,1,0,0,1450,313,0,870,0,0,0,0,0,0,1,17,13800,2,1003,1,,,,145,
510146,,s==46|Quân Đoàn Tranh Bá cá nhân chiến thắng 876 lần,1,200,1,0,0,1450,313,0,876,0,0,0,0,0,0,1,17,13875,,,,,,,146,
510147,,s==46|Quân Đoàn Tranh Bá cá nhân chiến thắng 882 lần,1,200,1,0,0,1450,313,0,882,0,0,0,0,0,0,1,17,13950,,,,,,,147,
510148,,s==46|Quân Đoàn Tranh Bá cá nhân chiến thắng 888 lần,1,200,1,0,0,1450,313,0,888,0,0,0,0,0,0,1,17,14025,,,,,,,148,
510149,,s==46|Quân Đoàn Tranh Bá cá nhân chiến thắng 894 lần,1,200,1,0,0,1450,313,0,894,0,0,0,0,0,0,1,17,14100,,,,,,,149,
510150,,s==46|Quân Đoàn Tranh Bá cá nhân chiến thắng 900 lần,1,200,1,0,0,1450,313,0,900,0,0,0,0,0,0,1,17,14175,2,1003,1,,,,150,
510151,,s==46|Quân Đoàn Tranh Bá cá nhân chiến thắng 906 lần,1,200,1,0,0,1450,313,0,906,0,0,0,0,0,0,1,17,14250,,,,,,,151,
510152,,s==46|Quân Đoàn Tranh Bá cá nhân chiến thắng 912 lần,1,200,1,0,0,1450,313,0,912,0,0,0,0,0,0,1,17,14325,,,,,,,152,
510153,,s==46|Quân Đoàn Tranh Bá cá nhân chiến thắng 918 lần,1,200,1,0,0,1450,313,0,918,0,0,0,0,0,0,1,17,14400,,,,,,,153,
510154,,s==46|Quân Đoàn Tranh Bá cá nhân chiến thắng 924 lần,1,200,1,0,0,1450,313,0,924,0,0,0,0,0,0,1,17,14475,,,,,,,154,
510155,,s==46|Quân Đoàn Tranh Bá cá nhân chiến thắng 930 lần,1,200,1,0,0,1450,313,0,930,0,0,0,0,0,0,1,17,14550,2,1003,1,,,,155,
510156,,s==46|Quân Đoàn Tranh Bá cá nhân chiến thắng 936 lần,1,200,1,0,0,1450,313,0,936,0,0,0,0,0,0,1,17,14625,,,,,,,156,
510157,,s==46|Quân Đoàn Tranh Bá cá nhân chiến thắng 942 lần,1,200,1,0,0,1450,313,0,942,0,0,0,0,0,0,1,17,14700,,,,,,,157,
510158,,s==46|Quân Đoàn Tranh Bá cá nhân chiến thắng 948 lần,1,200,1,0,0,1450,313,0,948,0,0,0,0,0,0,1,17,14775,,,,,,,158,
510159,,s==46|Quân Đoàn Tranh Bá cá nhân chiến thắng 954 lần,1,200,1,0,0,1450,313,0,954,0,0,0,0,0,0,1,17,14850,,,,,,,159,
510160,,s==46|Quân Đoàn Tranh Bá cá nhân chiến thắng 960 lần,1,200,1,0,0,1450,313,0,960,0,0,0,0,0,0,1,17,14925,2,1003,1,,,,160,
510161,,s==46|Quân Đoàn Tranh Bá cá nhân chiến thắng 966 lần,1,200,1,0,0,1450,313,0,966,0,0,0,0,0,0,1,17,15000,,,,,,,161,
510162,,s==46|Quân Đoàn Tranh Bá cá nhân chiến thắng 972 lần,1,200,1,0,0,1450,313,0,972,0,0,0,0,0,0,1,17,15075,,,,,,,162,
510163,,s==46|Quân Đoàn Tranh Bá cá nhân chiến thắng 978 lần,1,200,1,0,0,1450,313,0,978,0,0,0,0,0,0,1,17,15150,,,,,,,163,
510164,,s==46|Quân Đoàn Tranh Bá cá nhân chiến thắng 984 lần,1,200,1,0,0,1450,313,0,984,0,0,0,0,0,0,1,17,15225,,,,,,,164,
510165,,s==46|Quân Đoàn Tranh Bá cá nhân chiến thắng 990 lần,1,200,1,0,0,1450,313,0,990,0,0,0,0,0,0,1,17,15300,2,1003,1,,,,165,
520001,,s==45|Quân Đoàn Tranh Bá kết toán chiến thắng 3 lần,1,200,2,0,0,1450,507,0,3,0,0,0,0,0,0,1,9,100,1,17,100,,,,166,
520002,,s==45|Quân Đoàn Tranh Bá kết toán chiến thắng 6 lần,1,200,2,0,0,1450,507,0,6,0,0,0,0,0,0,1,9,100,1,17,102,,,,167,
520003,,s==45|Quân Đoàn Tranh Bá kết toán chiến thắng 9 lần,1,200,2,0,0,1450,507,0,9,0,0,0,0,0,0,1,9,100,1,17,104,,,,168,
520004,,s==46|Quân Đoàn Tranh Bá kết toán chiến thắng 12 lần,1,200,2,0,0,1450,507,0,12,0,0,0,0,0,0,1,9,100,1,17,106,,,,169,
520005,,s==46|Quân Đoàn Tranh Bá kết toán chiến thắng 15 lần,1,200,2,0,0,1450,507,0,15,0,0,0,0,0,0,1,9,100,1,17,108,,,,170,
520006,,s==46|Quân Đoàn Tranh Bá kết toán chiến thắng 18 lần,1,200,2,0,0,1450,507,0,18,0,0,0,0,0,0,1,9,100,1,17,110,,,,171,
520007,,s==46|Quân Đoàn Tranh Bá kết toán chiến thắng 21 lần,1,200,2,0,0,1450,507,0,21,0,0,0,0,0,0,1,9,100,1,17,112,,,,172,
520008,,s==46|Quân Đoàn Tranh Bá kết toán chiến thắng 24 lần,1,200,2,0,0,1450,507,0,24,0,0,0,0,0,0,1,9,100,1,17,114,,,,173,
520009,,s==46|Quân Đoàn Tranh Bá kết toán chiến thắng 27 lần,1,200,2,0,0,1450,507,0,27,0,0,0,0,0,0,1,9,100,1,17,116,,,,174,
520010,,s==46|Quân Đoàn Tranh Bá kết toán chiến thắng 30 lần,1,200,2,0,0,1450,507,0,30,0,0,0,0,0,0,1,9,100,1,17,118,2,1003,1,175,
520011,,s==46|Quân Đoàn Tranh Bá kết toán chiến thắng 33 lần,1,200,2,0,0,1450,507,0,33,0,0,0,0,0,0,1,9,100,1,17,120,,,,176,
520012,,s==46|Quân Đoàn Tranh Bá kết toán chiến thắng 36 lần,1,200,2,0,0,1450,507,0,36,0,0,0,0,0,0,1,9,100,1,17,122,,,,177,
520013,,s==46|Quân Đoàn Tranh Bá kết toán chiến thắng 39 lần,1,200,2,0,0,1450,507,0,39,0,0,0,0,0,0,1,9,100,1,17,124,,,,178,
520014,,s==46|Quân Đoàn Tranh Bá kết toán chiến thắng 42 lần,1,200,2,0,0,1450,507,0,42,0,0,0,0,0,0,1,9,100,1,17,126,,,,179,
520015,,s==46|Quân Đoàn Tranh Bá kết toán chiến thắng 45 lần,1,200,2,0,0,1450,507,0,45,0,0,0,0,0,0,1,9,100,1,17,128,,,,180,
520016,,s==46|Quân Đoàn Tranh Bá kết toán chiến thắng 48 lần,1,200,2,0,0,1450,507,0,48,0,0,0,0,0,0,1,9,100,1,17,130,,,,181,
520017,,s==46|Quân Đoàn Tranh Bá kết toán chiến thắng 51 lần,1,200,2,0,0,1450,507,0,51,0,0,0,0,0,0,1,9,100,1,17,132,,,,182,
520018,,s==46|Quân Đoàn Tranh Bá kết toán chiến thắng 54 lần,1,200,2,0,0,1450,507,0,54,0,0,0,0,0,0,1,9,100,1,17,134,,,,183,
520019,,s==46|Quân Đoàn Tranh Bá kết toán chiến thắng 57 lần,1,200,2,0,0,1450,507,0,57,0,0,0,0,0,0,1,9,100,1,17,136,,,,184,
520020,,s==46|Quân Đoàn Tranh Bá kết toán chiến thắng 60 lần,1,200,2,0,0,1450,507,0,60,0,0,0,0,0,0,1,9,100,1,17,138,2,1003,1,185,
520021,,s==46|Quân Đoàn Tranh Bá kết toán chiến thắng 63 lần,1,200,2,0,0,1450,507,0,63,0,0,0,0,0,0,1,9,100,1,17,140,,,,186,
520022,,s==46|Quân Đoàn Tranh Bá kết toán chiến thắng 66 lần,1,200,2,0,0,1450,507,0,66,0,0,0,0,0,0,1,9,100,1,17,142,,,,187,
520023,,s==46|Quân Đoàn Tranh Bá kết toán chiến thắng 69 lần,1,200,2,0,0,1450,507,0,69,0,0,0,0,0,0,1,9,100,1,17,144,,,,188,
520024,,s==46|Quân Đoàn Tranh Bá kết toán chiến thắng 72 lần,1,200,2,0,0,1450,507,0,72,0,0,0,0,0,0,1,9,100,1,17,146,,,,189,
520025,,s==46|Quân Đoàn Tranh Bá kết toán chiến thắng 75 lần,1,200,2,0,0,1450,507,0,75,0,0,0,0,0,0,1,9,100,1,17,148,,,,190,
520026,,s==46|Quân Đoàn Tranh Bá kết toán chiến thắng 78 lần,1,200,2,0,0,1450,507,0,78,0,0,0,0,0,0,1,9,100,1,17,150,,,,191,
520027,,s==46|Quân Đoàn Tranh Bá kết toán chiến thắng 81 lần,1,200,2,0,0,1450,507,0,81,0,0,0,0,0,0,1,9,100,1,17,152,,,,192,
520028,,s==46|Quân Đoàn Tranh Bá kết toán chiến thắng 84 lần,1,200,2,0,0,1450,507,0,84,0,0,0,0,0,0,1,9,100,1,17,154,,,,193,
520029,,s==46|Quân Đoàn Tranh Bá kết toán chiến thắng 87 lần,1,200,2,0,0,1450,507,0,87,0,0,0,0,0,0,1,9,100,1,17,156,,,,194,
520030,,s==46|Quân Đoàn Tranh Bá kết toán chiến thắng 90 lần,1,200,2,0,0,1450,507,0,90,0,0,0,0,0,0,1,9,100,1,17,158,2,1003,1,195,
520031,,s==46|Quân Đoàn Tranh Bá kết toán chiến thắng 93 lần,1,200,2,0,0,1450,507,0,93,0,0,0,0,0,0,1,9,100,1,17,160,,,,196,
520032,,s==46|Quân Đoàn Tranh Bá kết toán chiến thắng 96 lần,1,200,2,0,0,1450,507,0,96,0,0,0,0,0,0,1,9,100,1,17,162,,,,197,
520033,,s==46|Quân Đoàn Tranh Bá kết toán chiến thắng 99 lần,1,200,2,0,0,1450,507,0,99,0,0,0,0,0,0,1,9,100,1,17,164,,,,198,
520034,,s==47|Quân Đoàn Tranh Bá kết toán chiến thắng 102 lần,1,200,2,0,0,1450,507,0,102,0,0,0,0,0,0,1,9,100,1,17,166,,,,199,
520035,,s==47|Quân Đoàn Tranh Bá kết toán chiến thắng 105 lần,1,200,2,0,0,1450,507,0,105,0,0,0,0,0,0,1,9,100,1,17,168,,,,200,
520036,,s==47|Quân Đoàn Tranh Bá kết toán chiến thắng 108 lần,1,200,2,0,0,1450,507,0,108,0,0,0,0,0,0,1,9,100,1,17,170,,,,201,
520037,,s==47|Quân Đoàn Tranh Bá kết toán chiến thắng 111 lần,1,200,2,0,0,1450,507,0,111,0,0,0,0,0,0,1,9,100,1,17,172,,,,202,
520038,,s==47|Quân Đoàn Tranh Bá kết toán chiến thắng 114 lần,1,200,2,0,0,1450,507,0,114,0,0,0,0,0,0,1,9,100,1,17,174,,,,203,
520039,,s==47|Quân Đoàn Tranh Bá kết toán chiến thắng 117 lần,1,200,2,0,0,1450,507,0,117,0,0,0,0,0,0,1,9,100,1,17,176,,,,204,
520040,,s==47|Quân Đoàn Tranh Bá kết toán chiến thắng 120 lần,1,200,2,0,0,1450,507,0,120,0,0,0,0,0,0,1,9,100,1,17,178,2,1003,1,205,
520041,,s==47|Quân Đoàn Tranh Bá kết toán chiến thắng 123 lần,1,200,2,0,0,1450,507,0,123,0,0,0,0,0,0,1,9,100,1,17,180,,,,206,
520042,,s==47|Quân Đoàn Tranh Bá kết toán chiến thắng 126 lần,1,200,2,0,0,1450,507,0,126,0,0,0,0,0,0,1,9,100,1,17,182,,,,207,
520043,,s==47|Quân Đoàn Tranh Bá kết toán chiến thắng 129 lần,1,200,2,0,0,1450,507,0,129,0,0,0,0,0,0,1,9,100,1,17,184,,,,208,
520044,,s==47|Quân Đoàn Tranh Bá kết toán chiến thắng 132 lần,1,200,2,0,0,1450,507,0,132,0,0,0,0,0,0,1,9,100,1,17,186,,,,209,
520045,,s==47|Quân Đoàn Tranh Bá kết toán chiến thắng 135 lần,1,200,2,0,0,1450,507,0,135,0,0,0,0,0,0,1,9,100,1,17,188,,,,210,
520046,,s==47|Quân Đoàn Tranh Bá kết toán chiến thắng 138 lần,1,200,2,0,0,1450,507,0,138,0,0,0,0,0,0,1,9,100,1,17,190,,,,211,
520047,,s==47|Quân Đoàn Tranh Bá kết toán chiến thắng 141 lần,1,200,2,0,0,1450,507,0,141,0,0,0,0,0,0,1,9,100,1,17,192,,,,212,
520048,,s==47|Quân Đoàn Tranh Bá kết toán chiến thắng 144 lần,1,200,2,0,0,1450,507,0,144,0,0,0,0,0,0,1,9,100,1,17,194,,,,213,
520049,,s==47|Quân Đoàn Tranh Bá kết toán chiến thắng 147 lần,1,200,2,0,0,1450,507,0,147,0,0,0,0,0,0,1,9,100,1,17,196,,,,214,
520050,,s==47|Quân Đoàn Tranh Bá kết toán chiến thắng 150 lần,1,200,2,0,0,1450,507,0,150,0,0,0,0,0,0,1,9,100,1,17,198,2,1003,1,215,
520051,,s==47|Quân Đoàn Tranh Bá kết toán chiến thắng 153 lần,1,200,2,0,0,1450,507,0,153,0,0,0,0,0,0,1,9,100,1,17,200,,,,216,
520052,,s==47|Quân Đoàn Tranh Bá kết toán chiến thắng 156 lần,1,200,2,0,0,1450,507,0,156,0,0,0,0,0,0,1,9,100,1,17,202,,,,217,
520053,,s==47|Quân Đoàn Tranh Bá kết toán chiến thắng 159 lần,1,200,2,0,0,1450,507,0,159,0,0,0,0,0,0,1,9,100,1,17,204,,,,218,
520054,,s==47|Quân Đoàn Tranh Bá kết toán chiến thắng 162 lần,1,200,2,0,0,1450,507,0,162,0,0,0,0,0,0,1,9,100,1,17,206,,,,219,
520055,,s==47|Quân Đoàn Tranh Bá kết toán chiến thắng 165 lần,1,200,2,0,0,1450,507,0,165,0,0,0,0,0,0,1,9,100,1,17,208,,,,220,
520056,,s==47|Quân Đoàn Tranh Bá kết toán chiến thắng 168 lần,1,200,2,0,0,1450,507,0,168,0,0,0,0,0,0,1,9,100,1,17,210,,,,221,
520057,,s==47|Quân Đoàn Tranh Bá kết toán chiến thắng 171 lần,1,200,2,0,0,1450,507,0,171,0,0,0,0,0,0,1,9,100,1,17,212,,,,222,
520058,,s==47|Quân Đoàn Tranh Bá kết toán chiến thắng 174 lần,1,200,2,0,0,1450,507,0,174,0,0,0,0,0,0,1,9,100,1,17,214,,,,223,
520059,,s==47|Quân Đoàn Tranh Bá kết toán chiến thắng 177 lần,1,200,2,0,0,1450,507,0,177,0,0,0,0,0,0,1,9,100,1,17,216,,,,224,
520060,,s==47|Quân Đoàn Tranh Bá kết toán chiến thắng 180 lần,1,200,2,0,0,1450,507,0,180,0,0,0,0,0,0,1,9,100,1,17,218,2,1003,1,225,
520061,,s==47|Quân Đoàn Tranh Bá kết toán chiến thắng 183 lần,1,200,2,0,0,1450,507,0,183,0,0,0,0,0,0,1,9,100,1,17,220,,,,226,
520062,,s==47|Quân Đoàn Tranh Bá kết toán chiến thắng 186 lần,1,200,2,0,0,1450,507,0,186,0,0,0,0,0,0,1,9,100,1,17,222,,,,227,
520063,,s==47|Quân Đoàn Tranh Bá kết toán chiến thắng 189 lần,1,200,2,0,0,1450,507,0,189,0,0,0,0,0,0,1,9,100,1,17,224,,,,228,
520064,,s==47|Quân Đoàn Tranh Bá kết toán chiến thắng 192 lần,1,200,2,0,0,1450,507,0,192,0,0,0,0,0,0,1,9,100,1,17,226,,,,229,
520065,,s==47|Quân Đoàn Tranh Bá kết toán chiến thắng 195 lần,1,200,2,0,0,1450,507,0,195,0,0,0,0,0,0,1,9,100,1,17,228,,,,230,
520066,,s==47|Quân Đoàn Tranh Bá kết toán chiến thắng 198 lần,1,200,2,0,0,1450,507,0,198,0,0,0,0,0,0,1,9,100,1,17,230,,,,231,
520067,,s==47|Quân Đoàn Tranh Bá kết toán chiến thắng 201 lần,1,200,2,0,0,1450,507,0,201,0,0,0,0,0,0,1,9,100,1,17,232,,,,232,
520068,,s==47|Quân Đoàn Tranh Bá kết toán chiến thắng 204 lần,1,200,2,0,0,1450,507,0,204,0,0,0,0,0,0,1,9,100,1,17,234,,,,233,
520069,,s==47|Quân Đoàn Tranh Bá kết toán chiến thắng 207 lần,1,200,2,0,0,1450,507,0,207,0,0,0,0,0,0,1,9,100,1,17,236,,,,234,
520070,,s==47|Quân Đoàn Tranh Bá kết toán chiến thắng 210 lần,1,200,2,0,0,1450,507,0,210,0,0,0,0,0,0,1,9,100,1,17,238,2,1003,1,235,
520071,,s==47|Quân Đoàn Tranh Bá kết toán chiến thắng 213 lần,1,200,2,0,0,1450,507,0,213,0,0,0,0,0,0,1,9,100,1,17,240,,,,236,
520072,,s==47|Quân Đoàn Tranh Bá kết toán chiến thắng 216 lần,1,200,2,0,0,1450,507,0,216,0,0,0,0,0,0,1,9,100,1,17,242,,,,237,
520073,,s==47|Quân Đoàn Tranh Bá kết toán chiến thắng 219 lần,1,200,2,0,0,1450,507,0,219,0,0,0,0,0,0,1,9,100,1,17,244,,,,238,
520074,,s==47|Quân Đoàn Tranh Bá kết toán chiến thắng 222 lần,1,200,2,0,0,1450,507,0,222,0,0,0,0,0,0,1,9,100,1,17,246,,,,239,
520075,,s==47|Quân Đoàn Tranh Bá kết toán chiến thắng 225 lần,1,200,2,0,0,1450,507,0,225,0,0,0,0,0,0,1,9,100,1,17,248,,,,240,
520076,,s==47|Quân Đoàn Tranh Bá kết toán chiến thắng 228 lần,1,200,2,0,0,1450,507,0,228,0,0,0,0,0,0,1,9,100,1,17,250,,,,241,
520077,,s==47|Quân Đoàn Tranh Bá kết toán chiến thắng 231 lần,1,200,2,0,0,1450,507,0,231,0,0,0,0,0,0,1,9,100,1,17,252,,,,242,
520078,,s==47|Quân Đoàn Tranh Bá kết toán chiến thắng 234 lần,1,200,2,0,0,1450,507,0,234,0,0,0,0,0,0,1,9,100,1,17,254,,,,243,
520079,,s==47|Quân Đoàn Tranh Bá kết toán chiến thắng 237 lần,1,200,2,0,0,1450,507,0,237,0,0,0,0,0,0,1,9,100,1,17,256,,,,244,
520080,,s==47|Quân Đoàn Tranh Bá kết toán chiến thắng 240 lần,1,200,2,0,0,1450,507,0,240,0,0,0,0,0,0,1,9,100,1,17,258,2,1003,1,245,
520081,,s==47|Quân Đoàn Tranh Bá kết toán chiến thắng 243 lần,1,200,2,0,0,1450,507,0,243,0,0,0,0,0,0,1,9,100,1,17,260,,,,246,
520082,,s==47|Quân Đoàn Tranh Bá kết toán chiến thắng 246 lần,1,200,2,0,0,1450,507,0,246,0,0,0,0,0,0,1,9,100,1,17,262,,,,247,
520083,,s==47|Quân Đoàn Tranh Bá kết toán chiến thắng 249 lần,1,200,2,0,0,1450,507,0,249,0,0,0,0,0,0,1,9,100,1,17,264,,,,248,
520084,,s==47|Quân Đoàn Tranh Bá kết toán chiến thắng 252 lần,1,200,2,0,0,1450,507,0,252,0,0,0,0,0,0,1,9,100,1,17,266,,,,249,
520085,,s==47|Quân Đoàn Tranh Bá kết toán chiến thắng 255 lần,1,200,2,0,0,1450,507,0,255,0,0,0,0,0,0,1,9,100,1,17,268,,,,250,
520086,,s==47|Quân Đoàn Tranh Bá kết toán chiến thắng 258 lần,1,200,2,0,0,1450,507,0,258,0,0,0,0,0,0,1,9,100,1,17,270,,,,251,
520087,,s==47|Quân Đoàn Tranh Bá kết toán chiến thắng 261 lần,1,200,2,0,0,1450,507,0,261,0,0,0,0,0,0,1,9,100,1,17,272,,,,252,
520088,,s==47|Quân Đoàn Tranh Bá kết toán chiến thắng 264 lần,1,200,2,0,0,1450,507,0,264,0,0,0,0,0,0,1,9,100,1,17,274,,,,253,
520089,,s==47|Quân Đoàn Tranh Bá kết toán chiến thắng 267 lần,1,200,2,0,0,1450,507,0,267,0,0,0,0,0,0,1,9,100,1,17,276,,,,254,
520090,,s==47|Quân Đoàn Tranh Bá kết toán chiến thắng 270 lần,1,200,2,0,0,1450,507,0,270,0,0,0,0,0,0,1,9,100,1,17,278,2,1003,1,255,
520091,,s==47|Quân Đoàn Tranh Bá kết toán chiến thắng 273 lần,1,200,2,0,0,1450,507,0,273,0,0,0,0,0,0,1,9,100,1,17,280,,,,256,
520092,,s==47|Quân Đoàn Tranh Bá kết toán chiến thắng 276 lần,1,200,2,0,0,1450,507,0,276,0,0,0,0,0,0,1,9,100,1,17,282,,,,257,
520093,,s==47|Quân Đoàn Tranh Bá kết toán chiến thắng 279 lần,1,200,2,0,0,1450,507,0,279,0,0,0,0,0,0,1,9,100,1,17,284,,,,258,
520094,,s==47|Quân Đoàn Tranh Bá kết toán chiến thắng 282 lần,1,200,2,0,0,1450,507,0,282,0,0,0,0,0,0,1,9,100,1,17,286,,,,259,
520095,,s==47|Quân Đoàn Tranh Bá kết toán chiến thắng 285 lần,1,200,2,0,0,1450,507,0,285,0,0,0,0,0,0,1,9,100,1,17,288,,,,260,
520096,,s==47|Quân Đoàn Tranh Bá kết toán chiến thắng 288 lần,1,200,2,0,0,1450,507,0,288,0,0,0,0,0,0,1,9,100,1,17,290,,,,261,
520097,,s==47|Quân Đoàn Tranh Bá kết toán chiến thắng 291 lần,1,200,2,0,0,1450,507,0,291,0,0,0,0,0,0,1,9,100,1,17,292,,,,262,
520098,,s==47|Quân Đoàn Tranh Bá kết toán chiến thắng 294 lần,1,200,2,0,0,1450,507,0,294,0,0,0,0,0,0,1,9,100,1,17,294,,,,263,
520099,,s==47|Quân Đoàn Tranh Bá kết toán chiến thắng 297 lần,1,200,2,0,0,1450,507,0,297,0,0,0,0,0,0,1,9,100,1,17,296,,,,264,
520100,,s==47|Quân Đoàn Tranh Bá kết toán chiến thắng 300 lần,1,200,2,0,0,1450,507,0,300,0,0,0,0,0,0,1,9,100,1,17,298,2,1003,1,265,